signal_date,entry_weekday,status,reason,distance,width,take_profit,stop_loss,minimum_credit,expiry,entry_date,exit_date,lot,raw_credit_points,effective_credit_points,gross_pnl,costs,net_pnl,window
2021-01-01,4,TRADE,EXECUTED,0.02,200,0.4,1.0,10.0,2021-01-07,2021-01-04,2021-01-06,75.0,15.550000000000002,13.550000000000002,577.5000000000002,97.6967537,479.80324630000024,2021
2021-01-04,0,SKIP,ACTIVE_POSITION,0.02,200,0.4,1.0,10.0,,,,,,,,,,2021
2021-01-05,1,SKIP,ACTIVE_POSITION,0.02,200,0.4,1.0,10.0,,,,,,,,,,2021
2021-01-06,2,SKIP,ACTIVE_POSITION,0.02,200,0.4,1.0,10.0,,,,,,,,,,2021
2021-01-07,3,TRADE,EXECUTED,0.02,200,0.4,1.0,10.0,2021-01-14,2021-01-08,2021-01-12,75.0,43.300000000000004,41.300000000000004,-4443.749999999998,109.07022372499999,-4552.820223724998,2021
2021-01-08,4,SKIP,ACTIVE_POSITION,0.02,200,0.4,1.0,10.0,,,,,,,,,,2021
2021-01-11,0,SKIP,ACTIVE_POSITION,0.02,200,0.4,1.0,10.0,,,,,,,,,,2021
2021-01-12,1,SKIP,ACTIVE_POSITION,0.02,200,0.4,1.0,10.0,,,,,,,,,,2021
2021-01-13,2,SKIP,ENTRY_ON_EXPIRY_EXCLUDED,0.02,200,0.4,1.0,10.0,,,,,,,,,,2021
2021-01-14,3,TRADE,EXECUTED,0.02,200,0.4,1.0,10.0,2021-01-21,2021-01-15,2021-01-19,75.0,47.849999999999994,45.849999999999994,2572.5,107.77261565,2464.72738435,2021
2021-01-15,4,SKIP,ACTIVE_POSITION,0.02,200,0.4,1.0,10.0,,,,,,,,,,2021
2021-01-18,0,SKIP,ACTIVE_POSITION,0.02,200,0.4,1.0,10.0,,,,,,,,,,2021
2021-01-19,1,SKIP,ACTIVE_POSITION,0.02,200,0.4,1.0,10.0,,,,,,,,,,2021
2021-01-20,2,SKIP,ENTRY_ON_EXPIRY_EXCLUDED,0.02,200,0.4,1.0,10.0,,,,,,,,,,2021
2021-01-21,3,TRADE,EXECUTED,0.02,200,0.4,1.0,10.0,2021-01-28,2021-01-22,2021-01-27,75.0,60.49999999999999,58.49999999999999,-9401.25,134.694550925,-9535.944550925,2021
2021-01-22,4,SKIP,ACTIVE_POSITION,0.02,200,0.4,1.0,10.0,,,,,,,,,,2021
2021-01-25,0,SKIP,ACTIVE_POSITION,0.02,200,0.4,1.0,10.0,,,,,,,,,,2021
2021-01-27,2,SKIP,ACTIVE_POSITION,0.02,200,0.4,1.0,10.0,,,,,,,,,,2021
2021-01-28,3,TRADE,EXECUTED,0.02,200,0.4,1.0,10.0,2021-02-04,2021-01-29,2021-02-02,75.0,91.95000000000002,89.95000000000002,-7987.500000000002,179.47561805,-8166.975618050002,2021
2021-01-29,4,SKIP,ACTIVE_POSITION,0.02,200,0.4,1.0,10.0,,,,,,,,,,2021
2021-02-01,0,SKIP,ACTIVE_POSITION,0.02,200,0.4,1.0,10.0,,,,,,,,,,2021
2021-02-02,1,SKIP,ACTIVE_POSITION,0.02,200,0.4,1.0,10.0,,,,,,,,,,2021
2021-02-03,2,SKIP,ENTRY_ON_EXPIRY_EXCLUDED,0.02,200,0.4,1.0,10.0,,,,,,,,,,2021
2021-02-04,3,TRADE,EXECUTED,0.02,200,0.4,1.0,10.0,2021-02-11,2021-02-05,2021-02-10,75.0,51.849999999999994,49.849999999999994,1496.2499999999998,107.25411882499999,1388.9958811749998,2021
2021-02-05,4,SKIP,ACTIVE_POSITION,0.02,200,0.4,1.0,10.0,,,,,,,,,,2021
2021-02-08,0,SKIP,ACTIVE_POSITION,0.02,200,0.4,1.0,10.0,,,,,,,,,,2021
2021-02-09,1,SKIP,ACTIVE_POSITION,0.02,200,0.4,1.0,10.0,,,,,,,,,,2021
2021-02-10,2,SKIP,ACTIVE_POSITION,0.02,200,0.4,1.0,10.0,,,,,,,,,,2021
2021-02-11,3,TRADE,EXECUTED,0.02,200,0.4,1.0,10.0,2021-02-18,2021-02-12,2021-02-17,75.0,32.050000000000004,30.050000000000004,1845.0000000000005,101.53806875,1743.4619312500004,2021
2021-02-12,4,SKIP,ACTIVE_POSITION,0.02,200,0.4,1.0,10.0,,,,,,,,,,2021
2021-02-15,0,SKIP,ACTIVE_POSITION,0.02,200,0.4,1.0,10.0,,,,,,,,,,2021
2021-02-16,1,SKIP,ACTIVE_POSITION,0.02,200,0.4,1.0,10.0,,,,,,,,,,2021
2021-02-17,2,SKIP,ACTIVE_POSITION,0.02,200,0.4,1.0,10.0,,,,,,,,,,2021
2021-02-18,3,TRADE,EXECUTED,0.02,200,0.4,1.0,10.0,2021-02-25,2021-02-19,2021-02-22,75.0,42.650000000000006,40.650000000000006,-4383.75,121.148465375,-4504.898465375,2021
2021-02-19,4,SKIP,ACTIVE_POSITION,0.02,200,0.4,1.0,10.0,,,,,,,,,,2021
2021-02-22,0,SKIP,ACTIVE_POSITION,0.02,200,0.4,1.0,10.0,,,,,,,,,,2021
2021-02-23,1,TRADE,EXECUTED,0.02,200,0.4,1.0,10.0,2021-02-25,2021-02-24,2021-02-25,75.0,38.400000000000006,36.400000000000006,-1203.7499999999993,101.421835175,-1305.1718351749994,2021
2021-02-24,2,SKIP,ACTIVE_POSITION,0.02,200,0.4,1.0,10.0,,,,,,,,,,2021
2021-02-25,3,SKIP,ACTIVE_POSITION,0.02,200,0.4,1.0,10.0,,,,,,,,,,2021
2021-02-26,4,TRADE,EXECUTED,0.02,200,0.4,1.0,10.0,2021-03-04,2021-03-01,2021-03-03,75.0,62.35000000000001,60.35000000000001,-9738.750000000002,137.464749275,-9876.214749275001,2021
2021-03-01,0,SKIP,ACTIVE_POSITION,0.02,200,0.4,1.0,10.0,,,,,,,,,,2021
2021-03-02,1,SKIP,ACTIVE_POSITION,0.02,200,0.4,1.0,10.0,,,,,,,,,,2021
2021-03-03,2,SKIP,ACTIVE_POSITION,0.02,200,0.4,1.0,10.0,,,,,,,,,,2021
2021-03-04,3,TRADE,EXECUTED,0.02,200,0.4,1.0,10.0,2021-03-10,2021-03-05,2021-03-09,75.0,71.94999999999999,69.94999999999999,4574.999999999999,113.59414775,4461.405852249999,2021
2021-03-05,4,SKIP,ACTIVE_POSITION,0.02,200,0.4,1.0,10.0,,,,,,,,,,2021
2021-03-08,0,SKIP,ACTIVE_POSITION,0.02,200,0.4,1.0,10.0,,,,,,,,,,2021
2021-03-09,1,SKIP,ACTIVE_POSITION,0.02,200,0.4,1.0,10.0,,,,,,,,,,2021
2021-03-10,2,SKIP,NO_ELIGIBLE_EXPIRY,0.02,200,0.4,1.0,10.0,,,,,,,,,,2021
2021-03-12,4,TRADE,EXECUTED,0.02,200,0.4,1.0,10.0,2021-03-18,2021-03-15,2021-03-18,75.0,45.1,43.1,-11681.25,111.00967692500001,-11792.259676925,2021
2021-03-15,0,SKIP,ACTIVE_POSITION,0.02,200,0.4,1.0,10.0,,,,,,,,,,2021
2021-03-16,1,SKIP,ACTIVE_POSITION,0.02,200,0.4,1.0,10.0,,,,,,,,,,2021
2021-03-17,2,SKIP,ACTIVE_POSITION,0.02,200,0.4,1.0,10.0,,,,,,,,,,2021
2021-03-18,3,SKIP,ACTIVE_POSITION,0.02,200,0.4,1.0,10.0,,,,,,,,,,2021
2021-03-19,4,TRADE,EXECUTED,0.02,200,0.4,1.0,10.0,2021-03-25,2021-03-22,2021-03-25,75.0,37.600000000000016,35.600000000000016,-5145.0,105.71608985000002,-5250.71608985,2021
2021-03-22,0,SKIP,ACTIVE_POSITION,0.02,200,0.4,1.0,10.0,,,,,,,,,,2021
2021-03-23,1,SKIP,ACTIVE_POSITION,0.02,200,0.4,1.0,10.0,,,,,,,,,,2021
2021-03-24,2,SKIP,ACTIVE_POSITION,0.02,200,0.4,1.0,10.0,,,,,,,,,,2021
2021-03-25,3,SKIP,ACTIVE_POSITION,0.02,200,0.4,1.0,10.0,,,,,,,,,,2021
2021-03-26,4,SKIP,CREDIT_GATE,0.02,200,0.4,1.0,10.0,,,,,,,,,,2021
2021-03-31,2,SKIP,ENTRY_ON_EXPIRY_EXCLUDED,0.02,200,0.4,1.0,10.0,,,,,,,,,,2021
2021-04-01,3,TRADE,EXECUTED,0.02,200,0.4,1.0,10.0,2021-04-08,2021-04-05,2021-04-07,75.0,69.55,67.55,3821.2499999999995,111.963732725,3709.286267275,2021
2021-04-05,0,SKIP,ACTIVE_POSITION,0.02,200,0.4,1.0,10.0,,,,,,,,,,2021
2021-04-06,1,SKIP,ACTIVE_POSITION,0.02,200,0.4,1.0,10.0,,,,,,,,,,2021
2021-04-07,2,SKIP,ACTIVE_POSITION,0.02,200,0.4,1.0,10.0,,,,,,,,,,2021
2021-04-08,3,TRADE,EXECUTED,0.02,200,0.4,1.0,10.0,2021-04-15,2021-04-09,2021-04-12,75.0,35.25,33.25,-8025.000000000002,132.5779766,-8157.577976600001,2021
2021-04-09,4,SKIP,ACTIVE_POSITION,0.02,200,0.4,1.0,10.0,,,,,,,,,,2021
2021-04-12,0,SKIP,ACTIVE_POSITION,0.02,200,0.4,1.0,10.0,,,,,,,,,,2021
2021-04-13,1,SKIP,ENTRY_ON_EXPIRY_EXCLUDED,0.02,200,0.4,1.0,10.0,,,,,,,,,,2021
2021-04-15,3,TRADE,EXECUTED,0.02,200,0.4,1.0,10.0,2021-04-22,2021-04-16,2021-04-22,75.0,47.14999999999999,45.14999999999999,3217.4999999999995,103.98775685,3113.5122431499994,2021
2021-04-16,4,SKIP,ACTIVE_POSITION,0.02,200,0.4,1.0,10.0,,,,,,,,,,2021
2021-04-19,0,SKIP,ACTIVE_POSITION,0.02,200,0.4,1.0,10.0,,,,,,,,,,2021
2021-04-20,1,SKIP,ACTIVE_POSITION,0.02,200,0.4,1.0,10.0,,,,,,,,,,2021
2021-04-22,3,SKIP,ACTIVE_POSITION,0.02,200,0.4,1.0,10.0,,,,,,,,,,2021
2021-04-23,4,TRADE,EXECUTED,0.02,200,0.4,1.0,10.0,2021-04-29,2021-04-26,2021-04-28,75.0,59.150000000000006,57.150000000000006,-7188.75,120.07376322500001,-7308.823763225,2021
2021-04-26,0,SKIP,ACTIVE_POSITION,0.02,200,0.4,1.0,10.0,,,,,,,,,,2021
2021-04-27,1,SKIP,ACTIVE_POSITION,0.02,200,0.4,1.0,10.0,,,,,,,,,,2021
2021-04-28,2,SKIP,ACTIVE_POSITION,0.02,200,0.4,1.0,10.0,,,,,,,,,,2021
2021-04-29,3,TRADE,EXECUTED,0.02,200,0.4,1.0,10.0,2021-05-06,2021-04-30,2021-05-06,75.0,74.75000000000001,72.75000000000001,5295.000000000001,114.4938869,5180.506113100001,2021
2021-04-30,4,SKIP,ACTIVE_POSITION,0.02,200,0.4,1.0,10.0,,,,,,,,,,2021
2021-05-03,0,SKIP,ACTIVE_POSITION,0.02,200,0.4,1.0,10.0,,,,,,,,,,2021
2021-05-04,1,SKIP,ACTIVE_POSITION,0.02,200,0.4,1.0,10.0,,,,,,,,,,2021
2021-05-05,2,SKIP,ACTIVE_POSITION,0.02,200,0.4,1.0,10.0,,,,,,,,,,2021
2021-05-06,3,SKIP,ACTIVE_POSITION,0.02,200,0.4,1.0,10.0,,,,,,,,,,2021
2021-05-07,4,TRADE,EXECUTED,0.02,200,0.4,1.0,10.0,2021-05-12,2021-05-10,2021-05-11,75.0,13.1,11.1,438.7499999999999,97.166031425,341.58396857499986,2021
2021-05-10,0,SKIP,ACTIVE_POSITION,0.02,200,0.4,1.0,10.0,,,,,,,,,,2021
2021-05-11,1,SKIP,ACTIVE_POSITION,0.02,200,0.4,1.0,10.0,,,,,,,,,,2021
2021-05-12,2,SKIP,NO_ELIGIBLE_EXPIRY,0.02,200,0.4,1.0,10.0,,,,,,,,,,2021
2021-05-14,4,TRADE,EXECUTED,0.02,200,0.4,1.0,10.0,2021-05-20,2021-05-17,2021-05-18,75.0,40.65,38.65,-4455.0,107.94626704999999,-4562.94626705,2021
2021-05-17,0,SKIP,ACTIVE_POSITION,0.02,200,0.4,1.0,10.0,,,,,,,,,,2021
2021-05-18,1,SKIP,ACTIVE_POSITION,0.02,200,0.4,1.0,10.0,,,,,,,,,,2021
2021-05-19,2,SKIP,ENTRY_ON_EXPIRY_EXCLUDED,0.02,200,0.4,1.0,10.0,,,,,,,,,,2021
2021-05-20,3,TRADE,EXECUTED,0.02,200,0.4,1.0,10.0,2021-05-27,2021-05-21,2021-05-27,75.0,67.94999999999999,65.94999999999999,-1278.750000000001,109.22541642499999,-1387.975416425001,2021
2021-05-21,4,SKIP,ACTIVE_POSITION,0.02,200,0.4,1.0,10.0,,,,,,,,,,2021
2021-05-24,0,SKIP,ACTIVE_POSITION,0.02,200,0.4,1.0,10.0,,,,,,,,,,2021
2021-05-25,1,SKIP,ACTIVE_POSITION,0.02,200,0.4,1.0,10.0,,,,,,,,,,2021
2021-05-26,2,SKIP,ACTIVE_POSITION,0.02,200,0.4,1.0,10.0,,,,,,,,,,2021
2021-05-27,3,SKIP,ACTIVE_POSITION,0.02,200,0.4,1.0,10.0,,,,,,,,,,2021
2021-05-28,4,TRADE,EXECUTED,0.02,200,0.4,1.0,10.0,2021-06-03,2021-05-31,2021-06-02,75.0,13.1,11.1,540.0,97.37890565000001,442.62109435,2021
2021-05-31,0,SKIP,ACTIVE_POSITION,0.02,200,0.4,1.0,10.0,,,,,,,,,,2021
2021-06-01,1,SKIP,ACTIVE_POSITION,0.02,200,0.4,1.0,10.0,,,,,,,,,,2021
2021-06-02,2,SKIP,ACTIVE_POSITION,0.02,200,0.4,1.0,10.0,,,,,,,,,,2021
2021-06-03,3,TRADE,EXECUTED,0.02,200,0.4,1.0,10.0,2021-06-10,2021-06-04,2021-06-08,75.0,13.200000000000001,11.200000000000001,457.5000000000001,97.81277495,359.6872250500001,2021
2021-06-04,4,SKIP,ACTIVE_POSITION,0.02,200,0.4,1.0,10.0,,,,,,,,,,2021
2021-06-07,0,SKIP,ACTIVE_POSITION,0.02,200,0.4,1.0,10.0,,,,,,,,,,2021
2021-06-08,1,SKIP,ACTIVE_POSITION,0.02,200,0.4,1.0,10.0,,,,,,,,,,2021
2021-06-09,2,SKIP,ENTRY_ON_EXPIRY_EXCLUDED,0.02,200,0.4,1.0,10.0,,,,,,,,,,2021
2021-06-10,3,SKIP,CREDIT_GATE,0.02,200,0.4,1.0,10.0,,,,,,,,,,2021
2021-06-11,4,SKIP,CREDIT_GATE,0.02,200,0.4,1.0,10.0,,,,,,,,,,2021
2021-06-14,0,SKIP,CREDIT_GATE,0.02,200,0.4,1.0,10.0,,,,,,,,,,2021
2021-06-15,1,SKIP,CREDIT_GATE,0.02,200,0.4,1.0,10.0,,,,,,,,,,2021
2021-06-16,2,SKIP,ENTRY_ON_EXPIRY_EXCLUDED,0.02,200,0.4,1.0,10.0,,,,,,,,,,2021
2021-06-17,3,TRADE,EXECUTED,0.02,200,0.4,1.0,10.0,2021-06-24,2021-06-18,2021-06-22,75.0,16.6,14.600000000000001,551.2500000000001,98.704958975,452.5450410250001,2021
2021-06-18,4,SKIP,ACTIVE_POSITION,0.02,200,0.4,1.0,10.0,,,,,,,,,,2021
2021-06-21,0,SKIP,ACTIVE_POSITION,0.02,200,0.4,1.0,10.0,,,,,,,,,,2021
2021-06-22,1,SKIP,ACTIVE_POSITION,0.02,200,0.4,1.0,10.0,,,,,,,,,,2021
2021-06-23,2,SKIP,ENTRY_ON_EXPIRY_EXCLUDED,0.02,200,0.4,1.0,10.0,,,,,,,,,,2021
2021-06-24,3,SKIP,CREDIT_GATE,0.02,200,0.4,1.0,10.0,,,,,,,,,,2021
2021-06-25,4,SKIP,CREDIT_GATE,0.02,200,0.4,1.0,10.0,,,,,,,,,,2021
2021-06-28,0,SKIP,CREDIT_GATE,0.02,200,0.4,1.0,10.0,,,,,,,,,,2021
2021-06-29,1,SKIP,CREDIT_GATE,0.02,200,0.4,1.0,10.0,,,,,,,,,,2021
2021-06-30,2,SKIP,ENTRY_ON_EXPIRY_EXCLUDED,0.02,200,0.4,1.0,10.0,,,,,,,,,,2021
2021-07-01,3,SKIP,CREDIT_GATE,0.02,200,0.4,1.0,10.0,,,,,,,,,,2021
2021-07-02,4,SKIP,CREDIT_GATE,0.02,200,0.4,1.0,10.0,,,,,,,,,,2021
2021-07-05,0,SKIP,CREDIT_GATE,0.02,200,0.4,1.0,10.0,,,,,,,,,,2021
2021-07-06,1,SKIP,CREDIT_GATE,0.02,200,0.4,1.0,10.0,,,,,,,,,,2021
2021-07-07,2,SKIP,ENTRY_ON_EXPIRY_EXCLUDED,0.02,200,0.4,1.0,10.0,,,,,,,,,,2021
2021-07-08,3,SKIP,CREDIT_GATE,0.02,200,0.4,1.0,10.0,,,,,,,,,,2021
2021-07-09,4,SKIP,CREDIT_GATE,0.02,200,0.4,1.0,10.0,,,,,,,,,,2021
2021-07-12,0,SKIP,CREDIT_GATE,0.02,200,0.4,1.0,10.0,,,,,,,,,,2021
2021-07-13,1,SKIP,CREDIT_GATE,0.02,200,0.4,1.0,10.0,,,,,,,,,,2021
2021-07-14,2,SKIP,ENTRY_ON_EXPIRY_EXCLUDED,0.02,200,0.4,1.0,10.0,,,,,,,,,,2021
2021-07-15,3,SKIP,CREDIT_GATE,0.02,200,0.4,1.0,10.0,,,,,,,,,,2021
2021-07-16,4,TRADE,EXECUTED,0.02,200,0.4,1.0,10.0,2021-07-22,2021-07-19,2021-07-20,75.0,14.0,12.0,-1578.7500000000002,98.968115075,-1677.7181150750002,2021
2021-07-19,0,SKIP,ACTIVE_POSITION,0.02,200,0.4,1.0,10.0,,,,,,,,,,2021
2021-07-20,1,SKIP,ACTIVE_POSITION,0.02,200,0.4,1.0,10.0,,,,,,,,,,2021
2021-07-22,3,SKIP,CREDIT_GATE,0.02,200,0.4,1.0,10.0,,,,,,,,,,2021
2021-07-23,4,SKIP,CREDIT_GATE,0.02,200,0.4,1.0,10.0,,,,,,,,,,2021
2021-07-26,0,SKIP,CREDIT_GATE,0.02,200,0.4,1.0,10.0,,,,,,,,,,2021
2021-07-27,1,SKIP,CREDIT_GATE,0.02,200,0.4,1.0,10.0,,,,,,,,,,2021
2021-07-28,2,SKIP,ENTRY_ON_EXPIRY_EXCLUDED,0.02,200,0.4,1.0,10.0,,,,,,,,,,2021
2021-07-29,3,SKIP,CREDIT_GATE,0.02,200,0.4,1.0,10.0,,,,,,,,,,2021
2021-07-30,4,SKIP,CREDIT_GATE,0.02,200,0.4,1.0,10.0,,,,,,,,,,2021
2021-08-02,0,TRADE,EXECUTED,0.02,200,0.4,1.0,10.0,2021-08-05,2021-08-03,2021-08-04,50.0,17.35,15.350000000000001,-1547.4999999999998,97.74890535,-1645.2489053499999,2021
2021-08-03,1,SKIP,ACTIVE_POSITION,0.02,200,0.4,1.0,10.0,,,,,,,,,,2021
2021-08-04,2,SKIP,ACTIVE_POSITION,0.02,200,0.4,1.0,10.0,,,,,,,,,,2021
2021-08-05,3,SKIP,CREDIT_GATE,0.02,200,0.4,1.0,10.0,,,,,,,,,,2021
2021-08-06,4,SKIP,CREDIT_GATE,0.02,200,0.4,1.0,10.0,,,,,,,,,,2021
2021-08-09,0,SKIP,CREDIT_GATE,0.02,200,0.4,1.0,10.0,,,,,,,,,,2021
2021-08-10,1,SKIP,CREDIT_GATE,0.02,200,0.4,1.0,10.0,,,,,,,,,,2021
2021-08-11,2,SKIP,ENTRY_ON_EXPIRY_EXCLUDED,0.02,200,0.4,1.0,10.0,,,,,,,,,,2021
2021-08-12,3,TRADE,EXECUTED,0.02,200,0.4,1.0,10.0,2021-08-18,2021-08-13,2021-08-18,50.0,16.15,14.149999999999999,602.5,96.45476764999998,506.04523235,2021
2021-08-13,4,SKIP,ACTIVE_POSITION,0.02,200,0.4,1.0,10.0,,,,,,,,,,2021
2021-08-16,0,SKIP,ACTIVE_POSITION,0.02,200,0.4,1.0,10.0,,,,,,,,,,2021
2021-08-17,1,SKIP,ACTIVE_POSITION,0.02,200,0.4,1.0,10.0,,,,,,,,,,2021
2021-08-18,2,SKIP,ACTIVE_POSITION,0.02,200,0.4,1.0,10.0,,,,,,,,,,2021
2021-08-20,4,SKIP,CREDIT_GATE,0.02,200,0.4,1.0,10.0,,,,,,,,,,2021
2021-08-23,0,SKIP,CREDIT_GATE,0.02,200,0.4,1.0,10.0,,,,,,,,,,2021
2021-08-24,1,SKIP,CREDIT_GATE,0.02,200,0.4,1.0,10.0,,,,,,,,,,2021
2021-08-25,2,SKIP,ENTRY_ON_EXPIRY_EXCLUDED,0.02,200,0.4,1.0,10.0,,,,,,,,,,2021
2021-08-26,3,TRADE,EXECUTED,0.02,200,0.4,1.0,10.0,2021-09-02,2021-08-27,2021-08-30,50.0,12.450000000000001,10.450000000000001,-1394.9999999999995,97.8902334,-1492.8902333999995,2021
2021-08-27,4,SKIP,ACTIVE_POSITION,0.02,200,0.4,1.0,10.0,,,,,,,,,,2021
2021-08-30,0,SKIP,ACTIVE_POSITION,0.02,200,0.4,1.0,10.0,,,,,,,,,,2021
2021-08-31,1,SKIP,CREDIT_GATE,0.02,200,0.4,1.0,10.0,,,,,,,,,,2021
2021-09-01,2,SKIP,ENTRY_ON_EXPIRY_EXCLUDED,0.02,200,0.4,1.0,10.0,,,,,,,,,,2021
2021-09-02,3,TRADE,EXECUTED,0.02,200,0.4,1.0,10.0,2021-09-09,2021-09-03,2021-09-07,50.0,20.25,18.25,502.50000000000006,97.66995244999998,404.8300475500001,2021
2021-09-03,4,SKIP,ACTIVE_POSITION,0.02,200,0.4,1.0,10.0,,,,,,,,,,2021
2021-09-06,0,SKIP,ACTIVE_POSITION,0.02,200,0.4,1.0,10.0,,,,,,,,,,2021
2021-09-07,1,SKIP,ACTIVE_POSITION,0.02,200,0.4,1.0,10.0,,,,,,,,,,2021
2021-09-08,2,SKIP,ENTRY_ON_EXPIRY_EXCLUDED,0.02,200,0.4,1.0,10.0,,,,,,,,,,2021
2021-09-09,3,SKIP,CREDIT_GATE,0.02,200,0.4,1.0,10.0,,,,,,,,,,2021
2021-09-13,0,SKIP,CREDIT_GATE,0.02,200,0.4,1.0,10.0,,,,,,,,,,2021
2021-09-14,1,SKIP,CREDIT_GATE,0.02,200,0.4,1.0,10.0,,,,,,,,,,2021
2021-09-15,2,SKIP,ENTRY_ON_EXPIRY_EXCLUDED,0.02,200,0.4,1.0,10.0,,,,,,,,,,2021
2021-09-16,3,TRADE,EXECUTED,0.02,200,0.4,1.0,10.0,2021-09-23,2021-09-17,2021-09-20,50.0,15.2,13.2,-1210.0000000000002,100.8929377,-1310.8929377000002,2021
2021-09-17,4,SKIP,ACTIVE_POSITION,0.02,200,0.4,1.0,10.0,,,,,,,,,,2021
2021-09-20,0,SKIP,ACTIVE_POSITION,0.02,200,0.4,1.0,10.0,,,,,,,,,,2021
2021-09-21,1,SKIP,CREDIT_GATE,0.02,200,0.4,1.0,10.0,,,,,,,,,,2021
2021-09-22,2,SKIP,ENTRY_ON_EXPIRY_EXCLUDED,0.02,200,0.4,1.0,10.0,,,,,,,,,,2021
2021-09-23,3,TRADE,EXECUTED,0.02,200,0.4,1.0,10.0,2021-09-30,2021-09-24,2021-09-28,50.0,24.000000000000007,22.000000000000007,562.5000000000003,98.69327505000001,463.80672495000033,2021
2021-09-24,4,SKIP,ACTIVE_POSITION,0.02,200,0.4,1.0,10.0,,,,,,,,,,2021
2021-09-27,0,SKIP,ACTIVE_POSITION,0.02,200,0.4,1.0,10.0,,,,,,,,,,2021
2021-09-28,1,SKIP,ACTIVE_POSITION,0.02,200,0.4,1.0,10.0,,,,,,,,,,2021
2021-09-29,2,SKIP,ENTRY_ON_EXPIRY_EXCLUDED,0.02,200,0.4,1.0,10.0,,,,,,,,,,2021
2021-09-30,3,TRADE,EXECUTED,0.02,200,0.4,1.0,10.0,2021-10-07,2021-10-01,2021-10-04,50.0,30.65,28.65,682.4999999999999,99.37867154999999,583.1213284499999,2021
2021-10-01,4,SKIP,ACTIVE_POSITION,0.02,200,0.4,1.0,10.0,,,,,,,,,,2021
2021-10-04,0,SKIP,ACTIVE_POSITION,0.02,200,0.4,1.0,10.0,,,,,,,,,,2021
2021-10-05,1,SKIP,CREDIT_GATE,0.02,200,0.4,1.0,10.0,,,,,,,,,,2021
2021-10-06,2,SKIP,ENTRY_ON_EXPIRY_EXCLUDED,0.02,200,0.4,1.0,10.0,,,,,,,,,,2021
2021-10-07,3,TRADE,EXECUTED,0.02,200,0.4,1.0,10.0,2021-10-14,2021-10-08,2021-10-13,50.0,19.199999999999996,17.199999999999996,-1055.0,97.93434,-1152.93434,2021
2021-10-08,4,SKIP,ACTIVE_POSITION,0.02,200,0.4,1.0,10.0,,,,,,,,,,2021
2021-10-11,0,SKIP,ACTIVE_POSITION,0.02,200,0.4,1.0,10.0,,,,,,,,,,2021
2021-10-12,1,SKIP,ACTIVE_POSITION,0.02,200,0.4,1.0,10.0,,,,,,,,,,2021
2021-10-13,2,SKIP,ACTIVE_POSITION,0.02,200,0.4,1.0,10.0,,,,,,,,,,2021
2021-10-14,3,TRADE,EXECUTED,0.02,200,0.4,1.0,10.0,2021-10-21,2021-10-18,2021-10-20,50.0,18.35,16.35,552.5,97.17386165000002,455.32613834999995,2021
2021-10-18,0,SKIP,ACTIVE_POSITION,0.02,200,0.4,1.0,10.0,,,,,,,,,,2021
2021-10-19,1,SKIP,ACTIVE_POSITION,0.02,200,0.4,1.0,10.0,,,,,,,,,,2021
2021-10-20,2,SKIP,ACTIVE_POSITION,0.02,200,0.4,1.0,10.0,,,,,,,,,,2021
2021-10-21,3,TRADE,EXECUTED,0.02,200,0.4,1.0,10.0,2021-10-28,2021-10-22,2021-10-26,50.0,29.150000000000002,27.150000000000002,822.5000000000001,99.34436175,723.1556382500002,2021
2021-10-22,4,SKIP,ACTIVE_POSITION,0.02,200,0.4,1.0,10.0,,,,,,,,,,2021
2021-10-25,0,SKIP,ACTIVE_POSITION,0.02,200,0.4,1.0,10.0,,,,,,,,,,2021
2021-10-26,1,SKIP,ACTIVE_POSITION,0.02,200,0.4,1.0,10.0,,,,,,,,,,2021
2021-10-27,2,SKIP,ENTRY_ON_EXPIRY_EXCLUDED,0.02,200,0.4,1.0,10.0,,,,,,,,,,2021
2021-10-28,3,TRADE,EXECUTED,0.02,200,0.4,1.0,10.0,2021-11-03,2021-10-29,2021-11-01,50.0,42.1,40.1,1245.0,101.4238949,1143.5761051,2021
2021-10-29,4,SKIP,ACTIVE_POSITION,0.02,200,0.4,1.0,10.0,,,,,,,,,,2021
2021-11-01,0,SKIP,ACTIVE_POSITION,0.02,200,0.4,1.0,10.0,,,,,,,,,,2021
2021-11-02,1,SKIP,ENTRY_ON_EXPIRY_EXCLUDED,0.02,200,0.4,1.0,10.0,,,,,,,,,,2021
2021-11-03,2,SKIP,NO_ELIGIBLE_EXPIRY,0.02,200,0.4,1.0,10.0,,,,,,,,,,2021
2021-11-04,3,TRADE,EXECUTED,0.02,200,0.4,1.0,10.0,2021-11-11,2021-11-08,2021-11-09,50.0,23.0,21.0,455.00000000000006,97.63994610000002,357.3600539,2021
2021-11-08,0,SKIP,ACTIVE_POSITION,0.02,200,0.4,1.0,10.0,,,,,,,,,,2021
2021-11-09,1,SKIP,ACTIVE_POSITION,0.02,200,0.4,1.0,10.0,,,,,,,,,,2021
2021-11-10,2,SKIP,ENTRY_ON_EXPIRY_EXCLUDED,0.02,200,0.4,1.0,10.0,,,,,,,,,,2021
2021-11-11,3,TRADE,EXECUTED,0.02,200,0.4,1.0,10.0,2021-11-18,2021-11-12,2021-11-16,50.0,33.2,31.200000000000003,1140.0,98.5389709,1041.4610291,2021
2021-11-12,4,SKIP,ACTIVE_POSITION,0.02,200,0.4,1.0,10.0,,,,,,,,,,2021
2021-11-15,0,SKIP,ACTIVE_POSITION,0.02,200,0.4,1.0,10.0,,,,,,,,,,2021
2021-11-16,1,SKIP,ACTIVE_POSITION,0.02,200,0.4,1.0,10.0,,,,,,,,,,2021
2021-11-17,2,SKIP,ENTRY_ON_EXPIRY_EXCLUDED,0.02,200,0.4,1.0,10.0,,,,,,,,,,2021
2021-11-18,3,TRADE,EXECUTED,0.02,200,0.4,1.0,10.0,2021-11-25,2021-11-22,2021-11-25,50.0,59.999999999999986,57.999999999999986,2787.499999999999,103.16855295000002,2684.331447049999,2021
2021-11-22,0,SKIP,ACTIVE_POSITION,0.02,200,0.4,1.0,10.0,,,,,,,,,,2021
2021-11-23,1,SKIP,ACTIVE_POSITION,0.02,200,0.4,1.0,10.0,,,,,,,,,,2021
2021-11-24,2,SKIP,ACTIVE_POSITION,0.02,200,0.4,1.0,10.0,,,,,,,,,,2021
2021-11-25,3,SKIP,ACTIVE_POSITION,0.02,200,0.4,1.0,10.0,,,,,,,,,,2021
2021-11-26,4,TRADE,EXECUTED,0.02,200,0.4,1.0,10.0,2021-12-02,2021-11-29,2021-12-01,50.0,34.10000000000001,32.10000000000001,1212.5000000000005,100.31866885,1112.1813311500005,2021
2021-11-29,0,SKIP,ACTIVE_POSITION,0.02,200,0.4,1.0,10.0,,,,,,,,,,2021
2021-11-30,1,SKIP,ACTIVE_POSITION,0.02,200,0.4,1.0,10.0,,,,,,,,,,2021
2021-12-01,2,SKIP,ACTIVE_POSITION,0.02,200,0.4,1.0,10.0,,,,,,,,,,2021
2021-12-02,3,TRADE,EXECUTED,0.02,200,0.4,1.0,10.0,2021-12-09,2021-12-03,2021-12-06,50.0,46.050000000000004,44.050000000000004,-2842.4999999999995,113.60912944999998,-2956.1091294499997,2021
2021-12-03,4,SKIP,ACTIVE_POSITION,0.02,200,0.4,1.0,10.0,,,,,,,,,,2021
2021-12-06,0,SKIP,ACTIVE_POSITION,0.02,200,0.4,1.0,10.0,,,,,,,,,,2021
2021-12-07,1,TRADE,EXECUTED,0.02,200,0.4,1.0,10.0,2021-12-09,2021-12-08,2021-12-09,50.0,12.9,10.9,440.00000000000006,95.72320619999999,344.27679380000006,2021
2021-12-08,2,SKIP,ACTIVE_POSITION,0.02,200,0.4,1.0,10.0,,,,,,,,,,2021
2021-12-09,3,SKIP,ACTIVE_POSITION,0.02,200,0.4,1.0,10.0,,,,,,,,,,2021
2021-12-10,4,TRADE,EXECUTED,0.02,200,0.4,1.0,10.0,2021-12-16,2021-12-13,2021-12-16,50.0,29.849999999999998,27.849999999999998,1239.9999999999998,98.40628079999999,1141.5937191999997,2021
2021-12-13,0,SKIP,ACTIVE_POSITION,0.02,200,0.4,1.0,10.0,,,,,,,,,,2021
2021-12-14,1,SKIP,ACTIVE_POSITION,0.02,200,0.4,1.0,10.0,,,,,,,,,,2021
2021-12-15,2,SKIP,ACTIVE_POSITION,0.02,200,0.4,1.0,10.0,,,,,,,,,,2021
2021-12-16,3,SKIP,ACTIVE_POSITION,0.02,200,0.4,1.0,10.0,,,,,,,,,,2021
2021-12-17,4,TRADE,EXECUTED,0.02,200,0.4,1.0,10.0,2021-12-23,2021-12-20,2021-12-21,50.0,69.74999999999997,67.74999999999997,1484.9999999999984,109.96331160000001,1375.0366883999984,2021
2021-12-20,0,SKIP,ACTIVE_POSITION,0.02,200,0.4,1.0,10.0,,,,,,,,,,2021
2021-12-21,1,SKIP,ACTIVE_POSITION,0.02,200,0.4,1.0,10.0,,,,,,,,,,2021
2021-12-22,2,SKIP,ENTRY_ON_EXPIRY_EXCLUDED,0.02,200,0.4,1.0,10.0,,,,,,,,,,2021
2021-12-23,3,TRADE,EXECUTED,0.02,200,0.4,1.0,10.0,2021-12-30,2021-12-24,2021-12-29,50.0,27.850000000000005,25.850000000000005,1047.5000000000002,99.33733924999999,948.1626607500002,2021
2021-12-24,4,SKIP,ACTIVE_POSITION,0.02,200,0.4,1.0,10.0,,,,,,,,,,2021
2021-12-27,0,SKIP,ACTIVE_POSITION,0.02,200,0.4,1.0,10.0,,,,,,,,,,2021
2021-12-28,1,SKIP,ACTIVE_POSITION,0.02,200,0.4,1.0,10.0,,,,,,,,,,2021
2021-12-29,2,SKIP,ACTIVE_POSITION,0.02,200,0.4,1.0,10.0,,,,,,,,,,2021
2021-12-30,3,SKIP,CROSSES_TEST_WINDOW,0.02,200,0.4,1.0,10.0,,,,,,,,,,2021
2021-12-31,4,SKIP,NO_NEXT_SESSION_ENTRY,0.02,200,0.4,1.0,10.0,,,,,,,,,,2021
2022-01-03,0,TRADE,EXECUTED,0.015,150,0.7,1.25,10.0,2022-01-06,2022-01-04,2022-01-06,50.0,20.150000000000002,18.150000000000002,805.0000000000001,96.82941119999998,708.1705888000001,2022
2022-01-04,1,SKIP,ACTIVE_POSITION,0.015,150,0.7,1.25,10.0,,,,,,,,,,2022
2022-01-05,2,SKIP,ACTIVE_POSITION,0.015,150,0.7,1.25,10.0,,,,,,,,,,2022
2022-01-06,3,SKIP,ACTIVE_POSITION,0.015,150,0.7,1.25,10.0,,,,,,,,,,2022
2022-01-07,4,TRADE,EXECUTED,0.015,150,0.7,1.25,10.0,2022-01-13,2022-01-10,2022-01-13,50.0,38.849999999999994,36.849999999999994,-3242.4999999999995,101.84219255000001,-3344.3421925499997,2022
2022-01-10,0,SKIP,ACTIVE_POSITION,0.015,150,0.7,1.25,10.0,,,,,,,,,,2022
2022-01-11,1,SKIP,ACTIVE_POSITION,0.015,150,0.7,1.25,10.0,,,,,,,,,,2022
2022-01-12,2,SKIP,ACTIVE_POSITION,0.015,150,0.7,1.25,10.0,,,,,,,,,,2022
2022-01-13,3,SKIP,ACTIVE_POSITION,0.015,150,0.7,1.25,10.0,,,,,,,,,,2022
2022-01-14,4,TRADE,EXECUTED,0.015,150,0.7,1.25,10.0,2022-01-20,2022-01-17,2022-01-19,50.0,21.250000000000004,19.250000000000004,-2182.5000000000005,100.64195545,-2283.1419554500003,2022
2022-01-17,0,SKIP,ACTIVE_POSITION,0.015,150,0.7,1.25,10.0,,,,,,,,,,2022
2022-01-18,1,SKIP,ACTIVE_POSITION,0.015,150,0.7,1.25,10.0,,,,,,,,,,2022
2022-01-19,2,SKIP,ACTIVE_POSITION,0.015,150,0.7,1.25,10.0,,,,,,,,,,2022
2022-01-20,3,TRADE,EXECUTED,0.015,150,0.7,1.25,10.0,2022-01-27,2022-01-21,2022-01-24,50.0,48.050000000000004,46.050000000000004,-3552.499999999999,132.20146785,-3684.701467849999,2022
2022-01-21,4,SKIP,ACTIVE_POSITION,0.015,150,0.7,1.25,10.0,,,,,,,,,,2022
2022-01-24,0,SKIP,ACTIVE_POSITION,0.015,150,0.7,1.25,10.0,,,,,,,,,,2022
2022-01-25,1,SKIP,ENTRY_ON_EXPIRY_EXCLUDED,0.015,150,0.7,1.25,10.0,,,,,,,,,,2022
2022-01-27,3,TRADE,EXECUTED,0.015,150,0.7,1.25,10.0,2022-02-03,2022-01-28,2022-02-03,50.0,79.19999999999999,77.19999999999999,-3825.0000000000014,122.282717,-3947.2827170000014,2022
2022-01-28,4,SKIP,ACTIVE_POSITION,0.015,150,0.7,1.25,10.0,,,,,,,,,,2022
2022-01-31,0,SKIP,ACTIVE_POSITION,0.015,150,0.7,1.25,10.0,,,,,,,,,,2022
2022-02-01,1,SKIP,ACTIVE_POSITION,0.015,150,0.7,1.25,10.0,,,,,,,,,,2022
2022-02-02,2,SKIP,ACTIVE_POSITION,0.015,150,0.7,1.25,10.0,,,,,,,,,,2022
2022-02-03,3,SKIP,ACTIVE_POSITION,0.015,150,0.7,1.25,10.0,,,,,,,,,,2022
2022-02-04,4,TRADE,EXECUTED,0.015,150,0.7,1.25,10.0,2022-02-10,2022-02-07,2022-02-09,50.0,64.85000000000001,62.85000000000001,2795.0000000000005,108.2989411,2686.7010589000006,2022
2022-02-07,0,SKIP,ACTIVE_POSITION,0.015,150,0.7,1.25,10.0,,,,,,,,,,2022
2022-02-08,1,SKIP,ACTIVE_POSITION,0.015,150,0.7,1.25,10.0,,,,,,,,,,2022
2022-02-09,2,SKIP,ACTIVE_POSITION,0.015,150,0.7,1.25,10.0,,,,,,,,,,2022
2022-02-10,3,TRADE,EXECUTED,0.015,150,0.7,1.25,10.0,2022-02-17,2022-02-11,2022-02-14,50.0,59.80000000000001,57.80000000000001,-3959.9999999999964,146.6964891,-4106.696489099996,2022
2022-02-11,4,SKIP,ACTIVE_POSITION,0.015,150,0.7,1.25,10.0,,,,,,,,,,2022
2022-02-14,0,SKIP,ACTIVE_POSITION,0.015,150,0.7,1.25,10.0,,,,,,,,,,2022
2022-02-15,1,TRADE,EXECUTED,0.015,150,0.7,1.25,10.0,2022-02-17,2022-02-16,2022-02-17,50.0,12.1,10.1,402.49999999999994,96.87346254999999,305.62653744999994,2022
2022-02-16,2,SKIP,ACTIVE_POSITION,0.015,150,0.7,1.25,10.0,,,,,,,,,,2022
2022-02-17,3,SKIP,ACTIVE_POSITION,0.015,150,0.7,1.25,10.0,,,,,,,,,,2022
2022-02-18,4,TRADE,EXECUTED,0.015,150,0.7,1.25,10.0,2022-02-24,2022-02-21,2022-02-24,50.0,47.44999999999999,45.44999999999999,-5422.500000000001,161.26521874999997,-5583.765218750001,2022
2022-02-21,0,SKIP,ACTIVE_POSITION,0.015,150,0.7,1.25,10.0,,,,,,,,,,2022
2022-02-22,1,SKIP,ACTIVE_POSITION,0.015,150,0.7,1.25,10.0,,,,,,,,,,2022
2022-02-23,2,SKIP,ACTIVE_POSITION,0.015,150,0.7,1.25,10.0,,,,,,,,,,2022
2022-02-24,3,SKIP,ACTIVE_POSITION,0.015,150,0.7,1.25,10.0,,,,,,,,,,2022
2022-02-25,4,TRADE,EXECUTED,0.015,150,0.7,1.25,10.0,2022-03-03,2022-02-28,2022-03-03,50.0,83.49999999999999,81.49999999999999,3909.9999999999995,115.58556290000001,3794.4144370999993,2022
2022-02-28,0,SKIP,ACTIVE_POSITION,0.015,150,0.7,1.25,10.0,,,,,,,,,,2022
2022-03-02,2,SKIP,ACTIVE_POSITION,0.015,150,0.7,1.25,10.0,,,,,,,,,,2022
2022-03-03,3,SKIP,ACTIVE_POSITION,0.015,150,0.7,1.25,10.0,,,,,,,,,,2022
2022-03-04,4,TRADE,EXECUTED,0.015,150,0.7,1.25,10.0,2022-03-10,2022-03-07,2022-03-10,50.0,85.55000000000001,83.55000000000001,1810.000000000001,124.3699119,1685.6300881000009,2022
2022-03-07,0,SKIP,ACTIVE_POSITION,0.015,150,0.7,1.25,10.0,,,,,,,,,,2022
2022-03-08,1,SKIP,ACTIVE_POSITION,0.015,150,0.7,1.25,10.0,,,,,,,,,,2022
2022-03-09,2,SKIP,ACTIVE_POSITION,0.015,150,0.7,1.25,10.0,,,,,,,,,,2022
2022-03-10,3,SKIP,ACTIVE_POSITION,0.015,150,0.7,1.25,10.0,,,,,,,,,,2022
2022-03-11,4,TRADE,EXECUTED,0.015,150,0.7,1.25,10.0,2022-03-17,2022-03-14,2022-03-17,50.0,90.60000000000002,88.60000000000002,-3129.9999999999995,141.1894543,-3271.1894542999994,2022
2022-03-14,0,SKIP,ACTIVE_POSITION,0.015,150,0.7,1.25,10.0,,,,,,,,,,2022
2022-03-15,1,SKIP,ACTIVE_POSITION,0.015,150,0.7,1.25,10.0,,,,,,,,,,2022
2022-03-16,2,SKIP,ACTIVE_POSITION,0.015,150,0.7,1.25,10.0,,,,,,,,,,2022
2022-03-17,3,SKIP,ACTIVE_POSITION,0.015,150,0.7,1.25,10.0,,,,,,,,,,2022
2022-03-21,0,TRADE,EXECUTED,0.015,150,0.7,1.25,10.0,2022-03-24,2022-03-22,2022-03-24,50.0,59.85,57.85,2790.0,103.6645538,2686.3354462,2022
2022-03-22,1,SKIP,ACTIVE_POSITION,0.015,150,0.7,1.25,10.0,,,,,,,,,,2022
2022-03-23,2,SKIP,ACTIVE_POSITION,0.015,150,0.7,1.25,10.0,,,,,,,,,,2022
2022-03-24,3,SKIP,ACTIVE_POSITION,0.015,150,0.7,1.25,10.0,,,,,,,,,,2022
2022-03-25,4,TRADE,EXECUTED,0.015,150,0.7,1.25,10.0,2022-03-31,2022-03-28,2022-03-31,50.0,40.3,38.3,1767.4999999999998,100.50421765,1666.9957823499997,2022
2022-03-28,0,SKIP,ACTIVE_POSITION,0.015,150,0.7,1.25,10.0,,,,,,,,,,2022
2022-03-29,1,SKIP,ACTIVE_POSITION,0.015,150,0.7,1.25,10.0,,,,,,,,,,2022
2022-03-30,2,SKIP,ACTIVE_POSITION,0.015,150,0.7,1.25,10.0,,,,,,,,,,2022
2022-03-31,3,SKIP,ACTIVE_POSITION,0.015,150,0.7,1.25,10.0,,,,,,,,,,2022
2022-04-01,4,TRADE,EXECUTED,0.015,150,0.7,1.25,10.0,2022-04-07,2022-04-04,2022-04-06,50.0,76.85000000000001,74.85000000000001,3202.5000000000005,107.85312145,3094.6468785500006,2022
2022-04-04,0,SKIP,ACTIVE_POSITION,0.015,150,0.7,1.25,10.0,,,,,,,,,,2022
2022-04-05,1,SKIP,ACTIVE_POSITION,0.015,150,0.7,1.25,10.0,,,,,,,,,,2022
2022-04-06,2,SKIP,ACTIVE_POSITION,0.015,150,0.7,1.25,10.0,,,,,,,,,,2022
2022-04-07,3,TRADE,EXECUTED,0.015,150,0.7,1.25,10.0,2022-04-13,2022-04-08,2022-04-13,50.0,44.849999999999994,42.849999999999994,2019.9999999999995,101.28872089999999,1918.7112790999995,2022
2022-04-08,4,SKIP,ACTIVE_POSITION,0.015,150,0.7,1.25,10.0,,,,,,,,,,2022
2022-04-11,0,SKIP,ACTIVE_POSITION,0.015,150,0.7,1.25,10.0,,,,,,,,,,2022
2022-04-12,1,SKIP,ACTIVE_POSITION,0.015,150,0.7,1.25,10.0,,,,,,,,,,2022
2022-04-13,2,SKIP,ACTIVE_POSITION,0.015,150,0.7,1.25,10.0,,,,,,,,,,2022
2022-04-18,0,TRADE,EXECUTED,0.015,150,0.7,1.25,10.0,2022-04-21,2022-04-19,2022-04-21,50.0,42.75,40.75,1932.5,102.36362235,1830.13637765,2022
2022-04-19,1,SKIP,ACTIVE_POSITION,0.015,150,0.7,1.25,10.0,,,,,,,,,,2022
2022-04-20,2,SKIP,ACTIVE_POSITION,0.015,150,0.7,1.25,10.0,,,,,,,,,,2022
2022-04-21,3,SKIP,ACTIVE_POSITION,0.015,150,0.7,1.25,10.0,,,,,,,,,,2022
2022-04-22,4,TRADE,EXECUTED,0.015,150,0.7,1.25,10.0,2022-04-28,2022-04-25,2022-04-28,50.0,54.29999999999999,52.29999999999999,2507.4999999999995,105.11411614999999,2402.3858838499996,2022
2022-04-25,0,SKIP,ACTIVE_POSITION,0.015,150,0.7,1.25,10.0,,,,,,,,,,2022
2022-04-26,1,SKIP,ACTIVE_POSITION,0.015,150,0.7,1.25,10.0,,,,,,,,,,2022
2022-04-27,2,SKIP,ACTIVE_POSITION,0.015,150,0.7,1.25,10.0,,,,,,,,,,2022
2022-04-28,3,SKIP,ACTIVE_POSITION,0.015,150,0.7,1.25,10.0,,,,,,,,,,2022
2022-04-29,4,TRADE,EXECUTED,0.015,150,0.7,1.25,10.0,2022-05-05,2022-05-02,2022-05-04,50.0,38.60000000000001,36.60000000000001,-3182.499999999998,111.59980714999999,-3294.099807149998,2022
2022-05-02,0,SKIP,ACTIVE_POSITION,0.015,150,0.7,1.25,10.0,,,,,,,,,,2022
2022-05-04,2,SKIP,ACTIVE_POSITION,0.015,150,0.7,1.25,10.0,,,,,,,,,,2022
2022-05-05,3,TRADE,EXECUTED,0.015,150,0.7,1.25,10.0,2022-05-12,2022-05-06,2022-05-12,50.0,65.89999999999999,63.89999999999999,-4492.500000000002,156.28521165,-4648.785211650002,2022
2022-05-06,4,SKIP,ACTIVE_POSITION,0.015,150,0.7,1.25,10.0,,,,,,,,,,2022
2022-05-09,0,SKIP,ACTIVE_POSITION,0.015,150,0.7,1.25,10.0,,,,,,,,,,2022
2022-05-10,1,SKIP,ACTIVE_POSITION,0.015,150,0.7,1.25,10.0,,,,,,,,,,2022
2022-05-11,2,SKIP,ACTIVE_POSITION,0.015,150,0.7,1.25,10.0,,,,,,,,,,2022
2022-05-12,3,SKIP,ACTIVE_POSITION,0.015,150,0.7,1.25,10.0,,,,,,,,,,2022
2022-05-13,4,TRADE,EXECUTED,0.015,150,0.7,1.25,10.0,2022-05-19,2022-05-16,2022-05-19,50.0,55.49999999999999,53.49999999999999,2572.5,103.44988765000001,2469.05011235,2022
2022-05-16,0,SKIP,ACTIVE_POSITION,0.015,150,0.7,1.25,10.0,,,,,,,,,,2022
2022-05-17,1,SKIP,ACTIVE_POSITION,0.015,150,0.7,1.25,10.0,,,,,,,,,,2022
2022-05-18,2,SKIP,ACTIVE_POSITION,0.015,150,0.7,1.25,10.0,,,,,,,,,,2022
2022-05-19,3,SKIP,ACTIVE_POSITION,0.015,150,0.7,1.25,10.0,,,,,,,,,,2022
2022-05-20,4,TRADE,EXECUTED,0.015,150,0.7,1.25,10.0,2022-05-26,2022-05-23,2022-05-26,50.0,55.70000000000001,53.70000000000001,2580.0000000000005,104.67771979999999,2475.3222802000005,2022
2022-05-23,0,SKIP,ACTIVE_POSITION,0.015,150,0.7,1.25,10.0,,,,,,,,,,2022
2022-05-24,1,SKIP,ACTIVE_POSITION,0.015,150,0.7,1.25,10.0,,,,,,,,,,2022
2022-05-25,2,SKIP,ACTIVE_POSITION,0.015,150,0.7,1.25,10.0,,,,,,,,,,2022
2022-05-26,3,SKIP,ACTIVE_POSITION,0.015,150,0.7,1.25,10.0,,,,,,,,,,2022
2022-05-27,4,TRADE,EXECUTED,0.015,150,0.7,1.25,10.0,2022-06-02,2022-05-30,2022-06-02,50.0,79.95000000000002,77.95000000000002,2740.000000000001,109.0806527,2630.919347300001,2022
2022-05-30,0,SKIP,ACTIVE_POSITION,0.015,150,0.7,1.25,10.0,,,,,,,,,,2022
2022-05-31,1,SKIP,ACTIVE_POSITION,0.015,150,0.7,1.25,10.0,,,,,,,,,,2022
2022-06-01,2,SKIP,ACTIVE_POSITION,0.015,150,0.7,1.25,10.0,,,,,,,,,,2022
2022-06-02,3,SKIP,ACTIVE_POSITION,0.015,150,0.7,1.25,10.0,,,,,,,,,,2022
2022-06-03,4,TRADE,EXECUTED,0.015,150,0.7,1.25,10.0,2022-06-09,2022-06-06,2022-06-09,50.0,41.95,39.95,1890.0000000000002,100.53343179999999,1789.4665682000002,2022
2022-06-06,0,SKIP,ACTIVE_POSITION,0.015,150,0.7,1.25,10.0,,,,,,,,,,2022
2022-06-07,1,SKIP,ACTIVE_POSITION,0.015,150,0.7,1.25,10.0,,,,,,,,,,2022
2022-06-08,2,SKIP,ACTIVE_POSITION,0.015,150,0.7,1.25,10.0,,,,,,,,,,2022
2022-06-09,3,SKIP,ACTIVE_POSITION,0.015,150,0.7,1.25,10.0,,,,,,,,,,2022
2022-06-10,4,TRADE,EXECUTED,0.015,150,0.7,1.25,10.0,2022-06-16,2022-06-13,2022-06-16,50.0,88.75000000000003,86.75000000000003,-3147.500000000001,159.62751275000002,-3307.1275127500007,2022
2022-06-13,0,SKIP,ACTIVE_POSITION,0.015,150,0.7,1.25,10.0,,,,,,,,,,2022
2022-06-14,1,SKIP,ACTIVE_POSITION,0.015,150,0.7,1.25,10.0,,,,,,,,,,2022
2022-06-15,2,SKIP,ACTIVE_POSITION,0.015,150,0.7,1.25,10.0,,,,,,,,,,2022
2022-06-16,3,SKIP,ACTIVE_POSITION,0.015,150,0.7,1.25,10.0,,,,,,,,,,2022
2022-06-17,4,TRADE,EXECUTED,0.015,150,0.7,1.25,10.0,2022-06-23,2022-06-20,2022-06-23,50.0,56.20000000000001,54.20000000000001,2120.0000000000005,103.5115021,2016.4884979000005,2022
2022-06-20,0,SKIP,ACTIVE_POSITION,0.015,150,0.7,1.25,10.0,,,,,,,,,,2022
2022-06-21,1,SKIP,ACTIVE_POSITION,0.015,150,0.7,1.25,10.0,,,,,,,,,,2022
2022-06-22,2,SKIP,ACTIVE_POSITION,0.015,150,0.7,1.25,10.0,,,,,,,,,,2022
2022-06-23,3,SKIP,ACTIVE_POSITION,0.015,150,0.7,1.25,10.0,,,,,,,,,,2022
2022-06-24,4,TRADE,EXECUTED,0.015,150,0.7,1.25,10.0,2022-06-30,2022-06-27,2022-06-30,50.0,53.65000000000001,51.65000000000001,2477.5000000000005,102.36777694999998,2375.1322230500004,2022
2022-06-27,0,SKIP,ACTIVE_POSITION,0.015,150,0.7,1.25,10.0,,,,,,,,,,2022
2022-06-28,1,SKIP,ACTIVE_POSITION,0.015,150,0.7,1.25,10.0,,,,,,,,,,2022
2022-06-29,2,SKIP,ACTIVE_POSITION,0.015,150,0.7,1.25,10.0,,,,,,,,,,2022
2022-06-30,3,SKIP,ACTIVE_POSITION,0.015,150,0.7,1.25,10.0,,,,,,,,,,2022
2022-07-01,4,TRADE,EXECUTED,0.015,150,0.7,1.25,10.0,2022-07-07,2022-07-04,2022-07-07,50.0,47.650000000000006,45.650000000000006,-4322.499999999999,103.69244745,-4426.192447449999,2022
2022-07-04,0,SKIP,ACTIVE_POSITION,0.015,150,0.7,1.25,10.0,,,,,,,,,,2022
2022-07-05,1,SKIP,ACTIVE_POSITION,0.015,150,0.7,1.25,10.0,,,,,,,,,,2022
2022-07-06,2,SKIP,ACTIVE_POSITION,0.015,150,0.7,1.25,10.0,,,,,,,,,,2022
2022-07-07,3,SKIP,ACTIVE_POSITION,0.015,150,0.7,1.25,10.0,,,,,,,,,,2022
2022-07-08,4,TRADE,EXECUTED,0.015,150,0.7,1.25,10.0,2022-07-14,2022-07-11,2022-07-14,50.0,30.6,28.6,397.49999999999994,98.78979425,298.71020574999994,2022
2022-07-11,0,SKIP,ACTIVE_POSITION,0.015,150,0.7,1.25,10.0,,,,,,,,,,2022
2022-07-12,1,SKIP,ACTIVE_POSITION,0.015,150,0.7,1.25,10.0,,,,,,,,,,2022
2022-07-13,2,SKIP,ACTIVE_POSITION,0.015,150,0.7,1.25,10.0,,,,,,,,,,2022
2022-07-14,3,SKIP,ACTIVE_POSITION,0.015,150,0.7,1.25,10.0,,,,,,,,,,2022
2022-07-15,4,TRADE,EXECUTED,0.015,150,0.7,1.25,10.0,2022-07-21,2022-07-18,2022-07-20,50.0,47.199999999999996,45.199999999999996,-3540.0000000000005,108.44607479999999,-3648.4460748000006,2022
2022-07-18,0,SKIP,ACTIVE_POSITION,0.015,150,0.7,1.25,10.0,,,,,,,,,,2022
2022-07-19,1,SKIP,ACTIVE_POSITION,0.015,150,0.7,1.25,10.0,,,,,,,,,,2022
2022-07-20,2,SKIP,ACTIVE_POSITION,0.015,150,0.7,1.25,10.0,,,,,,,,,,2022
2022-07-21,3,TRADE,EXECUTED,0.015,150,0.7,1.25,10.0,2022-07-28,2022-07-22,2022-07-28,50.0,50.05000000000001,48.05000000000001,-1009.9999999999994,103.1549271,-1113.1549270999994,2022
2022-07-22,4,SKIP,ACTIVE_POSITION,0.015,150,0.7,1.25,10.0,,,,,,,,,,2022
2022-07-25,0,SKIP,ACTIVE_POSITION,0.015,150,0.7,1.25,10.0,,,,,,,,,,2022
2022-07-26,1,SKIP,ACTIVE_POSITION,0.015,150,0.7,1.25,10.0,,,,,,,,,,2022
2022-07-27,2,SKIP,ACTIVE_POSITION,0.015,150,0.7,1.25,10.0,,,,,,,,,,2022
2022-07-28,3,SKIP,ACTIVE_POSITION,0.015,150,0.7,1.25,10.0,,,,,,,,,,2022
2022-07-29,4,TRADE,EXECUTED,0.015,150,0.7,1.25,10.0,2022-08-04,2022-08-01,2022-08-04,50.0,34.949999999999996,32.949999999999996,1537.4999999999995,98.95708455,1438.5429154499996,2022
2022-08-01,0,SKIP,ACTIVE_POSITION,0.015,150,0.7,1.25,10.0,,,,,,,,,,2022
2022-08-02,1,SKIP,ACTIVE_POSITION,0.015,150,0.7,1.25,10.0,,,,,,,,,,2022
2022-08-03,2,SKIP,ACTIVE_POSITION,0.015,150,0.7,1.25,10.0,,,,,,,,,,2022
2022-08-04,3,SKIP,ACTIVE_POSITION,0.015,150,0.7,1.25,10.0,,,,,,,,,,2022
2022-08-05,4,TRADE,EXECUTED,0.015,150,0.7,1.25,10.0,2022-08-11,2022-08-08,2022-08-11,50.0,36.89999999999999,34.89999999999999,1577.4999999999995,98.90215015000001,1478.5978498499994,2022
2022-08-08,0,SKIP,ACTIVE_POSITION,0.015,150,0.7,1.25,10.0,,,,,,,,,,2022
2022-08-10,2,SKIP,ACTIVE_POSITION,0.015,150,0.7,1.25,10.0,,,,,,,,,,2022
2022-08-11,3,SKIP,ACTIVE_POSITION,0.015,150,0.7,1.25,10.0,,,,,,,,,,2022
2022-08-12,4,TRADE,EXECUTED,0.015,150,0.7,1.25,10.0,2022-08-18,2022-08-16,2022-08-17,50.0,16.849999999999998,14.849999999999998,-1130.0,97.7492962,-1227.7492962000001,2022
2022-08-16,1,SKIP,ACTIVE_POSITION,0.015,150,0.7,1.25,10.0,,,,,,,,,,2022
2022-08-17,2,SKIP,ACTIVE_POSITION,0.015,150,0.7,1.25,10.0,,,,,,,,,,2022
2022-08-18,3,TRADE,EXECUTED,0.015,150,0.7,1.25,10.0,2022-08-25,2022-08-19,2022-08-25,50.0,50.60000000000001,48.60000000000001,-4809.999999999999,108.66638679999998,-4918.666386799999,2022
2022-08-19,4,SKIP,ACTIVE_POSITION,0.015,150,0.7,1.25,10.0,,,,,,,,,,2022
2022-08-22,0,SKIP,ACTIVE_POSITION,0.015,150,0.7,1.25,10.0,,,,,,,,,,2022
2022-08-23,1,SKIP,ACTIVE_POSITION,0.015,150,0.7,1.25,10.0,,,,,,,,,,2022
2022-08-24,2,SKIP,ACTIVE_POSITION,0.015,150,0.7,1.25,10.0,,,,,,,,,,2022
2022-08-25,3,SKIP,ACTIVE_POSITION,0.015,150,0.7,1.25,10.0,,,,,,,,,,2022
2022-08-26,4,TRADE,EXECUTED,0.015,150,0.7,1.25,10.0,2022-09-01,2022-08-29,2022-08-30,50.0,63.94999999999999,61.94999999999999,2204.9999999999995,107.4970962,2097.5029037999993,2022
2022-08-29,0,SKIP,ACTIVE_POSITION,0.015,150,0.7,1.25,10.0,,,,,,,,,,2022
2022-08-30,1,SKIP,ACTIVE_POSITION,0.015,150,0.7,1.25,10.0,,,,,,,,,,2022
2022-09-01,3,TRADE,EXECUTED,0.015,150,0.7,1.25,10.0,2022-09-08,2022-09-02,2022-09-07,50.0,49.0,47.0,1830.0,103.43124880000002,1726.5687512,2022
2022-09-02,4,SKIP,ACTIVE_POSITION,0.015,150,0.7,1.25,10.0,,,,,,,,,,2022
2022-09-05,0,SKIP,ACTIVE_POSITION,0.015,150,0.7,1.25,10.0,,,,,,,,,,2022
2022-09-06,1,SKIP,ACTIVE_POSITION,0.015,150,0.7,1.25,10.0,,,,,,,,,,2022
2022-09-07,2,SKIP,ACTIVE_POSITION,0.015,150,0.7,1.25,10.0,,,,,,,,,,2022
2022-09-08,3,TRADE,EXECUTED,0.015,150,0.7,1.25,10.0,2022-09-15,2022-09-09,2022-09-15,50.0,44.30000000000001,42.30000000000001,2010.0000000000005,100.9261366,1909.0738634000004,2022
2022-09-09,4,SKIP,ACTIVE_POSITION,0.015,150,0.7,1.25,10.0,,,,,,,,,,2022
2022-09-12,0,SKIP,ACTIVE_POSITION,0.015,150,0.7,1.25,10.0,,,,,,,,,,2022
2022-09-13,1,SKIP,ACTIVE_POSITION,0.015,150,0.7,1.25,10.0,,,,,,,,,,2022
2022-09-14,2,SKIP,ACTIVE_POSITION,0.015,150,0.7,1.25,10.0,,,,,,,,,,2022
2022-09-15,3,SKIP,ACTIVE_POSITION,0.015,150,0.7,1.25,10.0,,,,,,,,,,2022
2022-09-16,4,TRADE,EXECUTED,0.015,150,0.7,1.25,10.0,2022-09-22,2022-09-19,2022-09-22,50.0,50.050000000000004,48.050000000000004,2295.0000000000005,102.04464649999998,2192.9553535000005,2022
2022-09-19,0,SKIP,ACTIVE_POSITION,0.015,150,0.7,1.25,10.0,,,,,,,,,,2022
2022-09-20,1,SKIP,ACTIVE_POSITION,0.015,150,0.7,1.25,10.0,,,,,,,,,,2022
2022-09-21,2,SKIP,ACTIVE_POSITION,0.015,150,0.7,1.25,10.0,,,,,,,,,,2022
2022-09-22,3,SKIP,ACTIVE_POSITION,0.015,150,0.7,1.25,10.0,,,,,,,,,,2022
2022-09-23,4,TRADE,EXECUTED,0.015,150,0.7,1.25,10.0,2022-09-29,2022-09-26,2022-09-29,50.0,69.45,67.45,-4150.000000000001,119.9601026,-4269.960102600001,2022
2022-09-26,0,SKIP,ACTIVE_POSITION,0.015,150,0.7,1.25,10.0,,,,,,,,,,2022
2022-09-27,1,SKIP,ACTIVE_POSITION,0.015,150,0.7,1.25,10.0,,,,,,,,,,2022
2022-09-28,2,SKIP,ACTIVE_POSITION,0.015,150,0.7,1.25,10.0,,,,,,,,,,2022
2022-09-29,3,SKIP,ACTIVE_POSITION,0.015,150,0.7,1.25,10.0,,,,,,,,,,2022
2022-09-30,4,TRADE,EXECUTED,0.015,150,0.7,1.25,10.0,2022-10-06,2022-10-03,2022-10-06,50.0,49.35,47.35,2252.5,102.77899274999999,2149.72100725,2022
2022-10-03,0,SKIP,ACTIVE_POSITION,0.015,150,0.7,1.25,10.0,,,,,,,,,,2022
2022-10-04,1,SKIP,ACTIVE_POSITION,0.015,150,0.7,1.25,10.0,,,,,,,,,,2022
2022-10-06,3,SKIP,ACTIVE_POSITION,0.015,150,0.7,1.25,10.0,,,,,,,,,,2022
2022-10-07,4,TRADE,EXECUTED,0.015,150,0.7,1.25,10.0,2022-10-13,2022-10-10,2022-10-13,50.0,38.65,36.65,-200.0,100.9739485,-300.9739485,2022
2022-10-10,0,SKIP,ACTIVE_POSITION,0.015,150,0.7,1.25,10.0,,,,,,,,,,2022
2022-10-11,1,SKIP,ACTIVE_POSITION,0.015,150,0.7,1.25,10.0,,,,,,,,,,2022
2022-10-12,2,SKIP,ACTIVE_POSITION,0.015,150,0.7,1.25,10.0,,,,,,,,,,2022
2022-10-13,3,SKIP,ACTIVE_POSITION,0.015,150,0.7,1.25,10.0,,,,,,,,,,2022
2022-10-14,4,TRADE,EXECUTED,0.015,150,0.7,1.25,10.0,2022-10-20,2022-10-17,2022-10-20,50.0,39.800000000000004,37.800000000000004,-582.4999999999999,100.42373285000001,-682.9237328499999,2022
2022-10-17,0,SKIP,ACTIVE_POSITION,0.015,150,0.7,1.25,10.0,,,,,,,,,,2022
2022-10-18,1,SKIP,ACTIVE_POSITION,0.015,150,0.7,1.25,10.0,,,,,,,,,,2022
2022-10-19,2,SKIP,ACTIVE_POSITION,0.015,150,0.7,1.25,10.0,,,,,,,,,,2022
2022-10-20,3,SKIP,ACTIVE_POSITION,0.015,150,0.7,1.25,10.0,,,,,,,,,,2022
2022-10-21,4,TRADE,EXECUTED,0.015,150,0.7,1.25,10.0,2022-10-27,2022-10-24,2022-10-27,50.0,31.800000000000004,29.800000000000004,1385.0000000000002,98.0259535,1286.9740465000002,2022
2022-10-24,0,SKIP,ACTIVE_POSITION,0.015,150,0.7,1.25,10.0,,,,,,,,,,2022
2022-10-25,1,SKIP,ACTIVE_POSITION,0.015,150,0.7,1.25,10.0,,,,,,,,,,2022
2022-10-27,3,SKIP,ACTIVE_POSITION,0.015,150,0.7,1.25,10.0,,,,,,,,,,2022
2022-10-28,4,TRADE,EXECUTED,0.015,150,0.7,1.25,10.0,2022-11-03,2022-10-31,2022-11-03,50.0,47.4,45.4,2135.0,99.94143410000001,2035.0585659,2022
2022-10-31,0,SKIP,ACTIVE_POSITION,0.015,150,0.7,1.25,10.0,,,,,,,,,,2022
2022-11-01,1,SKIP,ACTIVE_POSITION,0.015,150,0.7,1.25,10.0,,,,,,,,,,2022
2022-11-02,2,SKIP,ACTIVE_POSITION,0.015,150,0.7,1.25,10.0,,,,,,,,,,2022
2022-11-03,3,SKIP,ACTIVE_POSITION,0.015,150,0.7,1.25,10.0,,,,,,,,,,2022
2022-11-04,4,SKIP,CREDIT_GATE,0.015,150,0.7,1.25,10.0,,,,,,,,,,2022
2022-11-07,0,SKIP,CREDIT_GATE,0.015,150,0.7,1.25,10.0,,,,,,,,,,2022
2022-11-09,2,SKIP,ENTRY_ON_EXPIRY_EXCLUDED,0.015,150,0.7,1.25,10.0,,,,,,,,,,2022
2022-11-10,3,TRADE,EXECUTED,0.015,150,0.7,1.25,10.0,2022-11-17,2022-11-11,2022-11-17,50.0,59.649999999999984,57.649999999999984,2689.999999999999,102.5567886,2587.443211399999,2022
2022-11-11,4,SKIP,ACTIVE_POSITION,0.015,150,0.7,1.25,10.0,,,,,,,,,,2022
2022-11-14,0,SKIP,ACTIVE_POSITION,0.015,150,0.7,1.25,10.0,,,,,,,,,,2022
2022-11-15,1,SKIP,ACTIVE_POSITION,0.015,150,0.7,1.25,10.0,,,,,,,,,,2022
2022-11-16,2,SKIP,ACTIVE_POSITION,0.015,150,0.7,1.25,10.0,,,,,,,,,,2022
2022-11-17,3,SKIP,ACTIVE_POSITION,0.015,150,0.7,1.25,10.0,,,,,,,,,,2022
2022-11-18,4,TRADE,EXECUTED,0.015,150,0.7,1.25,10.0,2022-11-24,2022-11-21,2022-11-23,50.0,24.3,22.3,857.4999999999999,97.63306195,759.8669380499999,2022
2022-11-21,0,SKIP,ACTIVE_POSITION,0.015,150,0.7,1.25,10.0,,,,,,,,,,2022
2022-11-22,1,SKIP,ACTIVE_POSITION,0.015,150,0.7,1.25,10.0,,,,,,,,,,2022
2022-11-23,2,SKIP,ACTIVE_POSITION,0.015,150,0.7,1.25,10.0,,,,,,,,,,2022
2022-11-24,3,TRADE,EXECUTED,0.015,150,0.7,1.25,10.0,2022-12-01,2022-11-25,2022-11-30,50.0,17.7,15.7,-1180.0,98.29184599999999,-1278.291846,2022
2022-11-25,4,SKIP,ACTIVE_POSITION,0.015,150,0.7,1.25,10.0,,,,,,,,,,2022
2022-11-28,0,SKIP,ACTIVE_POSITION,0.015,150,0.7,1.25,10.0,,,,,,,,,,2022
2022-11-29,1,SKIP,ACTIVE_POSITION,0.015,150,0.7,1.25,10.0,,,,,,,,,,2022
2022-11-30,2,SKIP,ACTIVE_POSITION,0.015,150,0.7,1.25,10.0,,,,,,,,,,2022
2022-12-01,3,TRADE,EXECUTED,0.015,150,0.7,1.25,10.0,2022-12-08,2022-12-02,2022-12-08,50.0,43.20000000000001,41.20000000000001,-84.99999999999979,101.47572989999998,-186.47572989999975,2022
2022-12-02,4,SKIP,ACTIVE_POSITION,0.015,150,0.7,1.25,10.0,,,,,,,,,,2022
2022-12-05,0,SKIP,ACTIVE_POSITION,0.015,150,0.7,1.25,10.0,,,,,,,,,,2022
2022-12-06,1,SKIP,ACTIVE_POSITION,0.015,150,0.7,1.25,10.0,,,,,,,,,,2022
2022-12-07,2,SKIP,ACTIVE_POSITION,0.015,150,0.7,1.25,10.0,,,,,,,,,,2022
2022-12-08,3,SKIP,ACTIVE_POSITION,0.015,150,0.7,1.25,10.0,,,,,,,,,,2022
2022-12-09,4,TRADE,EXECUTED,0.015,150,0.7,1.25,10.0,2022-12-15,2022-12-12,2022-12-15,50.0,13.450000000000003,11.450000000000003,467.50000000000017,96.22668614999999,371.2733138500002,2022
2022-12-12,0,SKIP,ACTIVE_POSITION,0.015,150,0.7,1.25,10.0,,,,,,,,,,2022
2022-12-13,1,SKIP,ACTIVE_POSITION,0.015,150,0.7,1.25,10.0,,,,,,,,,,2022
2022-12-14,2,SKIP,ACTIVE_POSITION,0.015,150,0.7,1.25,10.0,,,,,,,,,,2022
2022-12-15,3,SKIP,ACTIVE_POSITION,0.015,150,0.7,1.25,10.0,,,,,,,,,,2022
2022-12-16,4,TRADE,EXECUTED,0.015,150,0.7,1.25,10.0,2022-12-22,2022-12-19,2022-12-22,50.0,16.35,14.350000000000001,572.5,96.50526025,475.99473975,2022
2022-12-19,0,SKIP,ACTIVE_POSITION,0.015,150,0.7,1.25,10.0,,,,,,,,,,2022
2022-12-20,1,SKIP,ACTIVE_POSITION,0.015,150,0.7,1.25,10.0,,,,,,,,,,2022
2022-12-21,2,SKIP,ACTIVE_POSITION,0.015,150,0.7,1.25,10.0,,,,,,,,,,2022
2022-12-22,3,SKIP,ACTIVE_POSITION,0.015,150,0.7,1.25,10.0,,,,,,,,,,2022
2022-12-23,4,TRADE,EXECUTED,0.015,150,0.7,1.25,10.0,2022-12-29,2022-12-26,2022-12-29,50.0,39.199999999999996,37.199999999999996,274.99999999999983,100.1682878,174.83171219999983,2022
2022-12-26,0,SKIP,ACTIVE_POSITION,0.015,150,0.7,1.25,10.0,,,,,,,,,,2022
2022-12-27,1,SKIP,ACTIVE_POSITION,0.015,150,0.7,1.25,10.0,,,,,,,,,,2022
2022-12-28,2,SKIP,ACTIVE_POSITION,0.015,150,0.7,1.25,10.0,,,,,,,,,,2022
2022-12-29,3,SKIP,ACTIVE_POSITION,0.015,150,0.7,1.25,10.0,,,,,,,,,,2022
2022-12-30,4,SKIP,NO_NEXT_SESSION_ENTRY,0.015,150,0.7,1.25,10.0,,,,,,,,,,2022
2023-01-02,0,SKIP,CREDIT_GATE,0.015,150,0.7,1.25,10.0,,,,,,,,,,2023
2023-01-03,1,TRADE,EXECUTED,0.015,150,0.7,1.25,10.0,2023-01-05,2023-01-04,2023-01-05,50.0,29.150000000000002,27.150000000000002,665.0000000000001,97.5420224,567.4579776000002,2023
2023-01-04,2,SKIP,ACTIVE_POSITION,0.015,150,0.7,1.25,10.0,,,,,,,,,,2023
2023-01-05,3,SKIP,ACTIVE_POSITION,0.015,150,0.7,1.25,10.0,,,,,,,,,,2023
2023-01-06,4,TRADE,EXECUTED,0.015,150,0.7,1.25,10.0,2023-01-12,2023-01-09,2023-01-12,50.0,22.900000000000002,20.900000000000002,942.5000000000001,96.94952655,845.5504734500001,2023
2023-01-09,0,SKIP,ACTIVE_POSITION,0.015,150,0.7,1.25,10.0,,,,,,,,,,2023
2023-01-10,1,SKIP,ACTIVE_POSITION,0.015,150,0.7,1.25,10.0,,,,,,,,,,2023
2023-01-11,2,SKIP,ACTIVE_POSITION,0.015,150,0.7,1.25,10.0,,,,,,,,,,2023
2023-01-12,3,SKIP,ACTIVE_POSITION,0.015,150,0.7,1.25,10.0,,,,,,,,,,2023
2023-01-13,4,TRADE,EXECUTED,0.015,150,0.7,1.25,10.0,2023-01-19,2023-01-16,2023-01-19,50.0,26.95,24.95,1145.0,97.7608847,1047.2391153,2023
2023-01-16,0,SKIP,ACTIVE_POSITION,0.015,150,0.7,1.25,10.0,,,,,,,,,,2023
2023-01-17,1,SKIP,ACTIVE_POSITION,0.015,150,0.7,1.25,10.0,,,,,,,,,,2023
2023-01-18,2,SKIP,ACTIVE_POSITION,0.015,150,0.7,1.25,10.0,,,,,,,,,,2023
2023-01-19,3,SKIP,ACTIVE_POSITION,0.015,150,0.7,1.25,10.0,,,,,,,,,,2023
2023-01-20,4,SKIP,CREDIT_GATE,0.015,150,0.7,1.25,10.0,,,,,,,,,,2023
2023-01-23,0,SKIP,CREDIT_GATE,0.015,150,0.7,1.25,10.0,,,,,,,,,,2023
2023-01-24,1,SKIP,ENTRY_ON_EXPIRY_EXCLUDED,0.015,150,0.7,1.25,10.0,,,,,,,,,,2023
2023-01-25,2,SKIP,NO_ELIGIBLE_EXPIRY,0.015,150,0.7,1.25,10.0,,,,,,,,,,2023
2023-01-27,4,TRADE,EXECUTED,0.015,150,0.7,1.25,10.0,2023-02-02,2023-01-30,2023-02-02,50.0,48.80000000000001,46.80000000000001,2237.500000000001,103.51506174999999,2133.984938250001,2023
2023-01-30,0,SKIP,ACTIVE_POSITION,0.015,150,0.7,1.25,10.0,,,,,,,,,,2023
2023-01-31,1,SKIP,ACTIVE_POSITION,0.015,150,0.7,1.25,10.0,,,,,,,,,,2023
2023-02-01,2,SKIP,ACTIVE_POSITION,0.015,150,0.7,1.25,10.0,,,,,,,,,,2023
2023-02-02,3,SKIP,ACTIVE_POSITION,0.015,150,0.7,1.25,10.0,,,,,,,,,,2023
2023-02-03,4,TRADE,EXECUTED,0.015,150,0.7,1.25,10.0,2023-02-09,2023-02-06,2023-02-08,50.0,27.75,25.75,1017.5000000000001,98.72811405000002,918.7718859500001,2023
2023-02-06,0,SKIP,ACTIVE_POSITION,0.015,150,0.7,1.25,10.0,,,,,,,,,,2023
2023-02-07,1,SKIP,ACTIVE_POSITION,0.015,150,0.7,1.25,10.0,,,,,,,,,,2023
2023-02-08,2,SKIP,ACTIVE_POSITION,0.015,150,0.7,1.25,10.0,,,,,,,,,,2023
2023-02-09,3,TRADE,EXECUTED,0.015,150,0.7,1.25,10.0,2023-02-16,2023-02-10,2023-02-15,50.0,18.9,16.9,665.0,97.2772061,567.7227938999999,2023
2023-02-10,4,SKIP,ACTIVE_POSITION,0.015,150,0.7,1.25,10.0,,,,,,,,,,2023
2023-02-13,0,SKIP,ACTIVE_POSITION,0.015,150,0.7,1.25,10.0,,,,,,,,,,2023
2023-02-14,1,SKIP,ACTIVE_POSITION,0.015,150,0.7,1.25,10.0,,,,,,,,,,2023
2023-02-15,2,SKIP,ACTIVE_POSITION,0.015,150,0.7,1.25,10.0,,,,,,,,,,2023
2023-02-16,3,TRADE,EXECUTED,0.015,150,0.7,1.25,10.0,2023-02-23,2023-02-17,2023-02-22,50.0,20.95,18.95,-5147.5,107.08337685000001,-5254.58337685,2023
2023-02-17,4,SKIP,ACTIVE_POSITION,0.015,150,0.7,1.25,10.0,,,,,,,,,,2023
2023-02-20,0,SKIP,ACTIVE_POSITION,0.015,150,0.7,1.25,10.0,,,,,,,,,,2023
2023-02-21,1,SKIP,ACTIVE_POSITION,0.015,150,0.7,1.25,10.0,,,,,,,,,,2023
2023-02-22,2,SKIP,ACTIVE_POSITION,0.015,150,0.7,1.25,10.0,,,,,,,,,,2023
2023-02-23,3,TRADE,EXECUTED,0.015,150,0.7,1.25,10.0,2023-03-02,2023-02-24,2023-03-01,50.0,20.349999999999998,18.349999999999998,724.9999999999998,97.4689126,627.5310873999998,2023
2023-02-24,4,SKIP,ACTIVE_POSITION,0.015,150,0.7,1.25,10.0,,,,,,,,,,2023
2023-02-27,0,SKIP,ACTIVE_POSITION,0.015,150,0.7,1.25,10.0,,,,,,,,,,2023
2023-02-28,1,SKIP,ACTIVE_POSITION,0.015,150,0.7,1.25,10.0,,,,,,,,,,2023
2023-03-01,2,SKIP,ACTIVE_POSITION,0.015,150,0.7,1.25,10.0,,,,,,,,,,2023
2023-03-02,3,TRADE,EXECUTED,0.015,150,0.7,1.25,10.0,2023-03-09,2023-03-03,2023-03-09,50.0,31.9,29.9,1392.5,97.84607795,1294.65392205,2023
2023-03-03,4,SKIP,ACTIVE_POSITION,0.015,150,0.7,1.25,10.0,,,,,,,,,,2023
2023-03-06,0,SKIP,ACTIVE_POSITION,0.015,150,0.7,1.25,10.0,,,,,,,,,,2023
2023-03-08,2,SKIP,ACTIVE_POSITION,0.015,150,0.7,1.25,10.0,,,,,,,,,,2023
2023-03-09,3,SKIP,ACTIVE_POSITION,0.015,150,0.7,1.25,10.0,,,,,,,,,,2023
2023-03-10,4,TRADE,EXECUTED,0.015,150,0.7,1.25,10.0,2023-03-16,2023-03-13,2023-03-16,50.0,53.85,51.85,-4950.000000000002,109.35576849999998,-5059.355768500001,2023
2023-03-13,0,SKIP,ACTIVE_POSITION,0.015,150,0.7,1.25,10.0,,,,,,,,,,2023
2023-03-14,1,SKIP,ACTIVE_POSITION,0.015,150,0.7,1.25,10.0,,,,,,,,,,2023
2023-03-15,2,SKIP,ACTIVE_POSITION,0.015,150,0.7,1.25,10.0,,,,,,,,,,2023
2023-03-16,3,SKIP,ACTIVE_POSITION,0.015,150,0.7,1.25,10.0,,,,,,,,,,2023
2023-03-17,4,TRADE,EXECUTED,0.015,150,0.7,1.25,10.0,2023-03-23,2023-03-20,2023-03-22,50.0,41.2,39.2,1402.5,101.36787425,1301.13212575,2023
2023-03-20,0,SKIP,ACTIVE_POSITION,0.015,150,0.7,1.25,10.0,,,,,,,,,,2023
2023-03-21,1,SKIP,ACTIVE_POSITION,0.015,150,0.7,1.25,10.0,,,,,,,,,,2023
2023-03-22,2,SKIP,ACTIVE_POSITION,0.015,150,0.7,1.25,10.0,,,,,,,,,,2023
2023-03-23,3,TRADE,EXECUTED,0.015,150,0.7,1.25,10.0,2023-03-29,2023-03-24,2023-03-29,50.0,33.50000000000001,31.500000000000007,1472.5000000000002,99.65961175,1372.8403882500002,2023
2023-03-24,4,SKIP,ACTIVE_POSITION,0.015,150,0.7,1.25,10.0,,,,,,,,,,2023
2023-03-27,0,SKIP,ACTIVE_POSITION,0.015,150,0.7,1.25,10.0,,,,,,,,,,2023
2023-03-28,1,SKIP,ACTIVE_POSITION,0.015,150,0.7,1.25,10.0,,,,,,,,,,2023
2023-03-29,2,SKIP,ACTIVE_POSITION,0.015,150,0.7,1.25,10.0,,,,,,,,,,2023
2023-03-31,4,SKIP,CREDIT_GATE,0.015,150,0.7,1.25,10.0,,,,,,,,,,2023
2023-04-03,0,SKIP,CREDIT_GATE,0.015,150,0.7,1.25,10.0,,,,,,,,,,2023
2023-04-05,2,SKIP,ENTRY_ON_EXPIRY_EXCLUDED,0.015,150,0.7,1.25,10.0,,,,,,,,,,2023
2023-04-06,3,SKIP,CREDIT_GATE,0.015,150,0.7,1.25,10.0,,,,,,,,,,2023
2023-04-10,0,SKIP,CREDIT_GATE,0.015,150,0.7,1.25,10.0,,,,,,,,,,2023
2023-04-11,1,SKIP,CREDIT_GATE,0.015,150,0.7,1.25,10.0,,,,,,,,,,2023
2023-04-12,2,SKIP,ENTRY_ON_EXPIRY_EXCLUDED,0.015,150,0.7,1.25,10.0,,,,,,,,,,2023
2023-04-13,3,TRADE,EXECUTED,0.015,150,0.7,1.25,10.0,2023-04-20,2023-04-17,2023-04-20,50.0,19.85,17.85,725.0,96.9160505,628.0839495,2023
2023-04-17,0,SKIP,ACTIVE_POSITION,0.015,150,0.7,1.25,10.0,,,,,,,,,,2023
2023-04-18,1,SKIP,ACTIVE_POSITION,0.015,150,0.7,1.25,10.0,,,,,,,,,,2023
2023-04-19,2,SKIP,ACTIVE_POSITION,0.015,150,0.7,1.25,10.0,,,,,,,,,,2023
2023-04-20,3,SKIP,ACTIVE_POSITION,0.015,150,0.7,1.25,10.0,,,,,,,,,,2023
2023-04-21,4,SKIP,CREDIT_GATE,0.015,150,0.7,1.25,10.0,,,,,,,,,,2023
2023-04-24,0,SKIP,CREDIT_GATE,0.015,150,0.7,1.25,10.0,,,,,,,,,,2023
2023-04-25,1,SKIP,CREDIT_GATE,0.015,150,0.7,1.25,10.0,,,,,,,,,,2023
2023-04-26,2,SKIP,ENTRY_ON_EXPIRY_EXCLUDED,0.015,150,0.7,1.25,10.0,,,,,,,,,,2023
2023-04-27,3,TRADE,EXECUTED,0.015,150,0.7,1.25,10.0,2023-05-04,2023-04-28,2023-05-02,50.0,15.149999999999999,13.149999999999999,-1195.0,97.65737449999999,-1292.6573745,2023
2023-04-28,4,SKIP,ACTIVE_POSITION,0.015,150,0.7,1.25,10.0,,,,,,,,,,2023
2023-05-02,1,SKIP,ACTIVE_POSITION,0.015,150,0.7,1.25,10.0,,,,,,,,,,2023
2023-05-03,2,SKIP,ENTRY_ON_EXPIRY_EXCLUDED,0.015,150,0.7,1.25,10.0,,,,,,,,,,2023
2023-05-04,3,TRADE,EXECUTED,0.015,150,0.7,1.25,10.0,2023-05-11,2023-05-05,2023-05-09,50.0,32.300000000000004,30.300000000000004,1227.5000000000002,99.23880324999999,1128.2611967500002,2023
2023-05-05,4,SKIP,ACTIVE_POSITION,0.015,150,0.7,1.25,10.0,,,,,,,,,,2023
2023-05-08,0,SKIP,ACTIVE_POSITION,0.015,150,0.7,1.25,10.0,,,,,,,,,,2023
2023-05-09,1,SKIP,ACTIVE_POSITION,0.015,150,0.7,1.25,10.0,,,,,,,,,,2023
2023-05-10,2,SKIP,ENTRY_ON_EXPIRY_EXCLUDED,0.015,150,0.7,1.25,10.0,,,,,,,,,,2023
2023-05-11,3,TRADE,EXECUTED,0.015,150,0.7,1.25,10.0,2023-05-18,2023-05-12,2023-05-18,50.0,13.45,11.45,467.5,96.44504345,371.05495655,2023
2023-05-12,4,SKIP,ACTIVE_POSITION,0.015,150,0.7,1.25,10.0,,,,,,,,,,2023
2023-05-15,0,SKIP,ACTIVE_POSITION,0.015,150,0.7,1.25,10.0,,,,,,,,,,2023
2023-05-16,1,SKIP,ACTIVE_POSITION,0.015,150,0.7,1.25,10.0,,,,,,,,,,2023
2023-05-17,2,SKIP,ACTIVE_POSITION,0.015,150,0.7,1.25,10.0,,,,,,,,,,2023
2023-05-18,3,SKIP,ACTIVE_POSITION,0.015,150,0.7,1.25,10.0,,,,,,,,,,2023
2023-05-19,4,TRADE,EXECUTED,0.015,150,0.7,1.25,10.0,2023-05-25,2023-05-22,2023-05-25,50.0,13.05,11.05,452.50000000000006,95.96853254999999,356.53146745000004,2023
2023-05-22,0,SKIP,ACTIVE_POSITION,0.015,150,0.7,1.25,10.0,,,,,,,,,,2023
2023-05-23,1,SKIP,ACTIVE_POSITION,0.015,150,0.7,1.25,10.0,,,,,,,,,,2023
2023-05-24,2,SKIP,ACTIVE_POSITION,0.015,150,0.7,1.25,10.0,,,,,,,,,,2023
2023-05-25,3,SKIP,ACTIVE_POSITION,0.015,150,0.7,1.25,10.0,,,,,,,,,,2023
2023-05-26,4,SKIP,CREDIT_GATE,0.015,150,0.7,1.25,10.0,,,,,,,,,,2023
2023-05-29,0,SKIP,CREDIT_GATE,0.015,150,0.7,1.25,10.0,,,,,,,,,,2023
2023-05-30,1,SKIP,CREDIT_GATE,0.015,150,0.7,1.25,10.0,,,,,,,,,,2023
2023-05-31,2,SKIP,ENTRY_ON_EXPIRY_EXCLUDED,0.015,150,0.7,1.25,10.0,,,,,,,,,,2023
2023-06-01,3,SKIP,CREDIT_GATE,0.015,150,0.7,1.25,10.0,,,,,,,,,,2023
2023-06-02,4,SKIP,CREDIT_GATE,0.015,150,0.7,1.25,10.0,,,,,,,,,,2023
2023-06-05,0,SKIP,CREDIT_GATE,0.015,150,0.7,1.25,10.0,,,,,,,,,,2023
2023-06-06,1,SKIP,CREDIT_GATE,0.015,150,0.7,1.25,10.0,,,,,,,,,,2023
2023-06-07,2,SKIP,ENTRY_ON_EXPIRY_EXCLUDED,0.015,150,0.7,1.25,10.0,,,,,,,,,,2023
2023-06-08,3,TRADE,EXECUTED,0.015,150,0.7,1.25,10.0,2023-06-15,2023-06-09,2023-06-13,50.0,16.899999999999995,14.899999999999995,547.4999999999998,96.92984985,450.5701501499998,2023
2023-06-09,4,SKIP,ACTIVE_POSITION,0.015,150,0.7,1.25,10.0,,,,,,,,,,2023
2023-06-12,0,SKIP,ACTIVE_POSITION,0.015,150,0.7,1.25,10.0,,,,,,,,,,2023
2023-06-13,1,SKIP,ACTIVE_POSITION,0.015,150,0.7,1.25,10.0,,,,,,,,,,2023
2023-06-14,2,SKIP,ENTRY_ON_EXPIRY_EXCLUDED,0.015,150,0.7,1.25,10.0,,,,,,,,,,2023
2023-06-15,3,TRADE,EXECUTED,0.015,150,0.7,1.25,10.0,2023-06-22,2023-06-16,2023-06-22,50.0,12.999999999999998,10.999999999999998,449.9999999999999,96.0997282,353.90027179999987,2023
2023-06-16,4,SKIP,ACTIVE_POSITION,0.015,150,0.7,1.25,10.0,,,,,,,,,,2023
2023-06-19,0,SKIP,ACTIVE_POSITION,0.015,150,0.7,1.25,10.0,,,,,,,,,,2023
2023-06-20,1,SKIP,ACTIVE_POSITION,0.015,150,0.7,1.25,10.0,,,,,,,,,,2023
2023-06-21,2,SKIP,ACTIVE_POSITION,0.015,150,0.7,1.25,10.0,,,,,,,,,,2023
2023-06-22,3,SKIP,ACTIVE_POSITION,0.015,150,0.7,1.25,10.0,,,,,,,,,,2023
2023-06-23,4,SKIP,CREDIT_GATE,0.015,150,0.7,1.25,10.0,,,,,,,,,,2023
2023-06-26,0,SKIP,CREDIT_GATE,0.015,150,0.7,1.25,10.0,,,,,,,,,,2023
2023-06-27,1,SKIP,MISSING_ENTRY_PRICE,0.015,150,0.7,1.25,10.0,,,,,,,,,,2023
2023-06-28,2,SKIP,NO_ELIGIBLE_EXPIRY,0.015,150,0.7,1.25,10.0,,,,,,,,,,2023
2023-06-30,4,SKIP,CREDIT_GATE,0.015,150,0.7,1.25,10.0,,,,,,,,,,2023
2023-07-03,0,SKIP,CREDIT_GATE,0.015,150,0.7,1.25,10.0,,,,,,,,,,2023
2023-07-04,1,SKIP,CREDIT_GATE,0.015,150,0.7,1.25,10.0,,,,,,,,,,2023
2023-07-05,2,SKIP,ENTRY_ON_EXPIRY_EXCLUDED,0.015,150,0.7,1.25,10.0,,,,,,,,,,2023
2023-07-06,3,TRADE,EXECUTED,0.015,150,0.7,1.25,10.0,2023-07-13,2023-07-07,2023-07-11,50.0,24.05,22.05,875.0,98.05271160000001,776.9472883999999,2023
2023-07-07,4,SKIP,ACTIVE_POSITION,0.015,150,0.7,1.25,10.0,,,,,,,,,,2023
2023-07-10,0,SKIP,ACTIVE_POSITION,0.015,150,0.7,1.25,10.0,,,,,,,,,,2023
2023-07-11,1,SKIP,ACTIVE_POSITION,0.015,150,0.7,1.25,10.0,,,,,,,,,,2023
2023-07-12,2,SKIP,ENTRY_ON_EXPIRY_EXCLUDED,0.015,150,0.7,1.25,10.0,,,,,,,,,,2023
2023-07-13,3,SKIP,CREDIT_GATE,0.015,150,0.7,1.25,10.0,,,,,,,,,,2023
2023-07-14,4,TRADE,EXECUTED,0.015,150,0.7,1.25,10.0,2023-07-20,2023-07-17,2023-07-20,50.0,13.249999999999998,11.249999999999998,-3515.0000000000005,98.1721772,-3613.1721772000005,2023
2023-07-17,0,SKIP,ACTIVE_POSITION,0.015,150,0.7,1.25,10.0,,,,,,,,,,2023
2023-07-18,1,SKIP,ACTIVE_POSITION,0.015,150,0.7,1.25,10.0,,,,,,,,,,2023
2023-07-19,2,SKIP,ACTIVE_POSITION,0.015,150,0.7,1.25,10.0,,,,,,,,,,2023
2023-07-20,3,SKIP,ACTIVE_POSITION,0.015,150,0.7,1.25,10.0,,,,,,,,,,2023
2023-07-21,4,TRADE,EXECUTED,0.015,150,0.7,1.25,10.0,2023-07-27,2023-07-24,2023-07-26,50.0,14.399999999999999,12.399999999999999,447.49999999999994,96.57472045,350.9252795499999,2023
2023-07-24,0,SKIP,ACTIVE_POSITION,0.015,150,0.7,1.25,10.0,,,,,,,,,,2023
2023-07-25,1,SKIP,ACTIVE_POSITION,0.015,150,0.7,1.25,10.0,,,,,,,,,,2023
2023-07-26,2,SKIP,ACTIVE_POSITION,0.015,150,0.7,1.25,10.0,,,,,,,,,,2023
2023-07-27,3,TRADE,EXECUTED,0.015,150,0.7,1.25,10.0,2023-08-03,2023-07-28,2023-08-03,50.0,16.4,14.399999999999999,467.4999999999999,96.72379744999999,370.7762025499999,2023
2023-07-28,4,SKIP,ACTIVE_POSITION,0.015,150,0.7,1.25,10.0,,,,,,,,,,2023
2023-07-31,0,SKIP,ACTIVE_POSITION,0.015,150,0.7,1.25,10.0,,,,,,,,,,2023
2023-08-01,1,SKIP,ACTIVE_POSITION,0.015,150,0.7,1.25,10.0,,,,,,,,,,2023
2023-08-02,2,SKIP,ACTIVE_POSITION,0.015,150,0.7,1.25,10.0,,,,,,,,,,2023
2023-08-03,3,SKIP,ACTIVE_POSITION,0.015,150,0.7,1.25,10.0,,,,,,,,,,2023
2023-08-04,4,SKIP,CREDIT_GATE,0.015,150,0.7,1.25,10.0,,,,,,,,,,2023
2023-08-07,0,SKIP,CREDIT_GATE,0.015,150,0.7,1.25,10.0,,,,,,,,,,2023
2023-08-08,1,SKIP,CREDIT_GATE,0.015,150,0.7,1.25,10.0,,,,,,,,,,2023
2023-08-09,2,SKIP,ENTRY_ON_EXPIRY_EXCLUDED,0.015,150,0.7,1.25,10.0,,,,,,,,,,2023
2023-08-10,3,TRADE,EXECUTED,0.015,150,0.7,1.25,10.0,2023-08-17,2023-08-11,2023-08-17,50.0,19.6,17.6,775.0,96.87525790000001,678.1247421,2023
2023-08-11,4,SKIP,ACTIVE_POSITION,0.015,150,0.7,1.25,10.0,,,,,,,,,,2023
2023-08-14,0,SKIP,ACTIVE_POSITION,0.015,150,0.7,1.25,10.0,,,,,,,,,,2023
2023-08-16,2,SKIP,ACTIVE_POSITION,0.015,150,0.7,1.25,10.0,,,,,,,,,,2023
2023-08-17,3,SKIP,ACTIVE_POSITION,0.015,150,0.7,1.25,10.0,,,,,,,,,,2023
2023-08-18,4,SKIP,CREDIT_GATE,0.015,150,0.7,1.25,10.0,,,,,,,,,,2023
2023-08-21,0,SKIP,CREDIT_GATE,0.015,150,0.7,1.25,10.0,,,,,,,,,,2023
2023-08-22,1,SKIP,CREDIT_GATE,0.015,150,0.7,1.25,10.0,,,,,,,,,,2023
2023-08-23,2,SKIP,ENTRY_ON_EXPIRY_EXCLUDED,0.015,150,0.7,1.25,10.0,,,,,,,,,,2023
2023-08-24,3,TRADE,EXECUTED,0.015,150,0.7,1.25,10.0,2023-08-31,2023-08-25,2023-08-29,50.0,26.799999999999997,24.799999999999997,984.9999999999998,98.3569402,886.6430597999997,2023
2023-08-25,4,SKIP,ACTIVE_POSITION,0.015,150,0.7,1.25,10.0,,,,,,,,,,2023
2023-08-28,0,SKIP,ACTIVE_POSITION,0.015,150,0.7,1.25,10.0,,,,,,,,,,2023
2023-08-29,1,SKIP,ACTIVE_POSITION,0.015,150,0.7,1.25,10.0,,,,,,,,,,2023
2023-08-30,2,SKIP,ENTRY_ON_EXPIRY_EXCLUDED,0.015,150,0.7,1.25,10.0,,,,,,,,,,2023
2023-08-31,3,TRADE,EXECUTED,0.015,150,0.7,1.25,10.0,2023-09-07,2023-09-01,2023-09-07,50.0,30.950000000000003,28.950000000000003,-6115.0,104.01475830000001,-6219.0147583,2023
2023-09-01,4,SKIP,ACTIVE_POSITION,0.015,150,0.7,1.25,10.0,,,,,,,,,,2023
2023-09-04,0,SKIP,ACTIVE_POSITION,0.015,150,0.7,1.25,10.0,,,,,,,,,,2023
2023-09-05,1,SKIP,ACTIVE_POSITION,0.015,150,0.7,1.25,10.0,,,,,,,,,,2023
2023-09-06,2,SKIP,ACTIVE_POSITION,0.015,150,0.7,1.25,10.0,,,,,,,,,,2023
2023-09-07,3,SKIP,ACTIVE_POSITION,0.015,150,0.7,1.25,10.0,,,,,,,,,,2023
2023-09-08,4,TRADE,EXECUTED,0.015,150,0.7,1.25,10.0,2023-09-14,2023-09-11,2023-09-14,50.0,12.500000000000004,10.500000000000004,422.5000000000001,96.21879885000001,326.28120115000013,2023
2023-09-11,0,SKIP,ACTIVE_POSITION,0.015,150,0.7,1.25,10.0,,,,,,,,,,2023
2023-09-12,1,SKIP,ACTIVE_POSITION,0.015,150,0.7,1.25,10.0,,,,,,,,,,2023
2023-09-13,2,SKIP,ACTIVE_POSITION,0.015,150,0.7,1.25,10.0,,,,,,,,,,2023
2023-09-14,3,SKIP,ACTIVE_POSITION,0.015,150,0.7,1.25,10.0,,,,,,,,,,2023
2023-09-15,4,SKIP,CREDIT_GATE,0.015,150,0.7,1.25,10.0,,,,,,,,,,2023
2023-09-18,0,TRADE,EXECUTED,0.015,150,0.7,1.25,10.0,2023-09-21,2023-09-20,2023-09-21,50.0,21.7,19.7,-4497.5,98.91056755000001,-4596.41056755,2023
2023-09-20,2,SKIP,ACTIVE_POSITION,0.015,150,0.7,1.25,10.0,,,,,,,,,,2023
2023-09-21,3,SKIP,ACTIVE_POSITION,0.015,150,0.7,1.25,10.0,,,,,,,,,,2023
2023-09-22,4,SKIP,CREDIT_GATE,0.015,150,0.7,1.25,10.0,,,,,,,,,,2023
2023-09-25,0,SKIP,CREDIT_GATE,0.015,150,0.7,1.25,10.0,,,,,,,,,,2023
2023-09-26,1,SKIP,CREDIT_GATE,0.015,150,0.7,1.25,10.0,,,,,,,,,,2023
2023-09-27,2,SKIP,ENTRY_ON_EXPIRY_EXCLUDED,0.015,150,0.7,1.25,10.0,,,,,,,,,,2023
2023-09-28,3,TRADE,EXECUTED,0.015,150,0.7,1.25,10.0,2023-10-05,2023-09-29,2023-10-04,50.0,15.3,13.3,467.50000000000006,96.44968935,371.05031065000003,2023
2023-09-29,4,SKIP,ACTIVE_POSITION,0.015,150,0.7,1.25,10.0,,,,,,,,,,2023
2023-10-03,1,SKIP,ACTIVE_POSITION,0.015,150,0.7,1.25,10.0,,,,,,,,,,2023
2023-10-04,2,SKIP,ACTIVE_POSITION,0.015,150,0.7,1.25,10.0,,,,,,,,,,2023
2023-10-05,3,TRADE,EXECUTED,0.015,150,0.7,1.25,10.0,2023-10-12,2023-10-06,2023-10-12,50.0,12.25,10.25,415.00000000000006,95.93408439999999,319.06591560000004,2023
2023-10-06,4,SKIP,ACTIVE_POSITION,0.015,150,0.7,1.25,10.0,,,,,,,,,,2023
2023-10-09,0,SKIP,ACTIVE_POSITION,0.015,150,0.7,1.25,10.0,,,,,,,,,,2023
2023-10-10,1,SKIP,ACTIVE_POSITION,0.015,150,0.7,1.25,10.0,,,,,,,,,,2023
2023-10-11,2,SKIP,ACTIVE_POSITION,0.015,150,0.7,1.25,10.0,,,,,,,,,,2023
2023-10-12,3,SKIP,ACTIVE_POSITION,0.015,150,0.7,1.25,10.0,,,,,,,,,,2023
2023-10-13,4,SKIP,CREDIT_GATE,0.015,150,0.7,1.25,10.0,,,,,,,,,,2023
2023-10-16,0,SKIP,CREDIT_GATE,0.015,150,0.7,1.25,10.0,,,,,,,,,,2023
2023-10-17,1,SKIP,CREDIT_GATE,0.015,150,0.7,1.25,10.0,,,,,,,,,,2023
2023-10-18,2,SKIP,ENTRY_ON_EXPIRY_EXCLUDED,0.015,150,0.7,1.25,10.0,,,,,,,,,,2023
2023-10-19,3,TRADE,EXECUTED,0.015,150,0.7,1.25,10.0,2023-10-26,2023-10-20,2023-10-23,50.0,18.0,16.0,-2352.5,102.18557044999999,-2454.68557045,2023
2023-10-20,4,SKIP,ACTIVE_POSITION,0.015,150,0.7,1.25,10.0,,,,,,,,,,2023
2023-10-23,0,SKIP,ACTIVE_POSITION,0.015,150,0.7,1.25,10.0,,,,,,,,,,2023
2023-10-25,2,SKIP,ENTRY_ON_EXPIRY_EXCLUDED,0.015,150,0.7,1.25,10.0,,,,,,,,,,2023
2023-10-26,3,TRADE,EXECUTED,0.015,150,0.7,1.25,10.0,2023-11-02,2023-10-27,2023-11-01,50.0,47.3,45.3,1817.4999999999998,101.17424774999999,1716.3257522499998,2023
2023-10-27,4,SKIP,ACTIVE_POSITION,0.015,150,0.7,1.25,10.0,,,,,,,,,,2023
2023-10-30,0,SKIP,ACTIVE_POSITION,0.015,150,0.7,1.25,10.0,,,,,,,,,,2023
2023-10-31,1,SKIP,ACTIVE_POSITION,0.015,150,0.7,1.25,10.0,,,,,,,,,,2023
2023-11-01,2,SKIP,ACTIVE_POSITION,0.015,150,0.7,1.25,10.0,,,,,,,,,,2023
2023-11-02,3,TRADE,EXECUTED,0.015,150,0.7,1.25,10.0,2023-11-09,2023-11-03,2023-11-09,50.0,15.3,13.3,560.0,96.45506169999999,463.5449383,2023
2023-11-03,4,SKIP,ACTIVE_POSITION,0.015,150,0.7,1.25,10.0,,,,,,,,,,2023
2023-11-06,0,SKIP,ACTIVE_POSITION,0.015,150,0.7,1.25,10.0,,,,,,,,,,2023
2023-11-07,1,SKIP,ACTIVE_POSITION,0.015,150,0.7,1.25,10.0,,,,,,,,,,2023
2023-11-08,2,SKIP,ACTIVE_POSITION,0.015,150,0.7,1.25,10.0,,,,,,,,,,2023
2023-11-09,3,SKIP,ACTIVE_POSITION,0.015,150,0.7,1.25,10.0,,,,,,,,,,2023
2023-11-10,4,SKIP,CREDIT_GATE,0.015,150,0.7,1.25,10.0,,,,,,,,,,2023
2023-11-13,0,SKIP,CREDIT_GATE,0.015,150,0.7,1.25,10.0,,,,,,,,,,2023
2023-11-15,2,SKIP,ENTRY_ON_EXPIRY_EXCLUDED,0.015,150,0.7,1.25,10.0,,,,,,,,,,2023
2023-11-16,3,TRADE,EXECUTED,0.015,150,0.7,1.25,10.0,2023-11-23,2023-11-17,2023-11-22,50.0,14.250000000000002,12.250000000000002,467.50000000000006,96.61694175000001,370.88305825000003,2023
2023-11-17,4,SKIP,ACTIVE_POSITION,0.015,150,0.7,1.25,10.0,,,,,,,,,,2023
2023-11-20,0,SKIP,ACTIVE_POSITION,0.015,150,0.7,1.25,10.0,,,,,,,,,,2023
2023-11-21,1,SKIP,ACTIVE_POSITION,0.015,150,0.7,1.25,10.0,,,,,,,,,,2023
2023-11-22,2,SKIP,ACTIVE_POSITION,0.015,150,0.7,1.25,10.0,,,,,,,,,,2023
2023-11-23,3,SKIP,CREDIT_GATE,0.015,150,0.7,1.25,10.0,,,,,,,,,,2023
2023-11-24,4,SKIP,CREDIT_GATE,0.015,150,0.7,1.25,10.0,,,,,,,,,,2023
2023-11-28,1,SKIP,CREDIT_GATE,0.015,150,0.7,1.25,10.0,,,,,,,,,,2023
2023-11-29,2,SKIP,ENTRY_ON_EXPIRY_EXCLUDED,0.015,150,0.7,1.25,10.0,,,,,,,,,,2023
2023-11-30,3,TRADE,EXECUTED,0.015,150,0.7,1.25,10.0,2023-12-07,2023-12-01,2023-12-04,50.0,41.25,39.25,-3984.9999999999995,118.6510035,-4103.651003499999,2023
2023-12-01,4,SKIP,ACTIVE_POSITION,0.015,150,0.7,1.25,10.0,,,,,,,,,,2023
2023-12-04,0,SKIP,ACTIVE_POSITION,0.015,150,0.7,1.25,10.0,,,,,,,,,,2023
2023-12-05,1,SKIP,CREDIT_GATE,0.015,150,0.7,1.25,10.0,,,,,,,,,,2023
2023-12-06,2,SKIP,ENTRY_ON_EXPIRY_EXCLUDED,0.015,150,0.7,1.25,10.0,,,,,,,,,,2023
2023-12-07,3,TRADE,EXECUTED,0.015,150,0.7,1.25,10.0,2023-12-14,2023-12-08,2023-12-13,50.0,18.6,16.6,587.5000000000001,97.51140375,489.9885962500001,2023
2023-12-08,4,SKIP,ACTIVE_POSITION,0.015,150,0.7,1.25,10.0,,,,,,,,,,2023
2023-12-11,0,SKIP,ACTIVE_POSITION,0.015,150,0.7,1.25,10.0,,,,,,,,,,2023
2023-12-12,1,SKIP,ACTIVE_POSITION,0.015,150,0.7,1.25,10.0,,,,,,,,,,2023
2023-12-13,2,SKIP,ACTIVE_POSITION,0.015,150,0.7,1.25,10.0,,,,,,,,,,2023
2023-12-14,3,TRADE,EXECUTED,0.015,150,0.7,1.25,10.0,2023-12-21,2023-12-15,2023-12-21,50.0,40.7,38.7,1830.0,100.78308580000001,1729.2169142,2023
2023-12-15,4,SKIP,ACTIVE_POSITION,0.015,150,0.7,1.25,10.0,,,,,,,,,,2023
2023-12-18,0,SKIP,ACTIVE_POSITION,0.015,150,0.7,1.25,10.0,,,,,,,,,,2023
2023-12-19,1,SKIP,ACTIVE_POSITION,0.015,150,0.7,1.25,10.0,,,,,,,,,,2023
2023-12-20,2,SKIP,ACTIVE_POSITION,0.015,150,0.7,1.25,10.0,,,,,,,,,,2023
2023-12-21,3,SKIP,ACTIVE_POSITION,0.015,150,0.7,1.25,10.0,,,,,,,,,,2023
2023-12-22,4,SKIP,CREDIT_GATE,0.015,150,0.7,1.25,10.0,,,,,,,,,,2023
2023-12-26,1,TRADE,EXECUTED,0.015,150,0.7,1.25,10.0,2023-12-28,2023-12-27,2023-12-28,50.0,15.45,13.45,500.0,96.1564995,403.8435005,2023
2023-12-27,2,SKIP,ACTIVE_POSITION,0.015,150,0.7,1.25,10.0,,,,,,,,,,2023
2023-12-28,3,SKIP,ACTIVE_POSITION,0.015,150,0.7,1.25,10.0,,,,,,,,,,2023
2023-12-29,4,SKIP,NO_NEXT_SESSION_ENTRY,0.015,150,0.7,1.25,10.0,,,,,,,,,,2023
2024-01-01,0,TRADE,EXECUTED,0.015,150,0.7,1.25,10.0,2024-01-04,2024-01-02,2024-01-03,50.0,27.200000000000003,25.200000000000003,-1812.5,101.63908385000002,-1914.1390838500001,2024
2024-01-02,1,SKIP,ACTIVE_POSITION,0.015,150,0.7,1.25,10.0,,,,,,,,,,2024
2024-01-03,2,SKIP,ACTIVE_POSITION,0.015,150,0.7,1.25,10.0,,,,,,,,,,2024
2024-01-04,3,TRADE,EXECUTED,0.015,150,0.7,1.25,10.0,2024-01-11,2024-01-05,2024-01-08,50.0,17.849999999999998,15.849999999999998,-1352.5,100.76575145,-1453.26575145,2024
2024-01-05,4,SKIP,ACTIVE_POSITION,0.015,150,0.7,1.25,10.0,,,,,,,,,,2024
2024-01-08,0,SKIP,ACTIVE_POSITION,0.015,150,0.7,1.25,10.0,,,,,,,,,,2024
2024-01-09,1,SKIP,CREDIT_GATE,0.015,150,0.7,1.25,10.0,,,,,,,,,,2024
2024-01-10,2,SKIP,ENTRY_ON_EXPIRY_EXCLUDED,0.015,150,0.7,1.25,10.0,,,,,,,,,,2024
2024-01-11,3,TRADE,EXECUTED,0.015,150,0.7,1.25,10.0,2024-01-18,2024-01-12,2024-01-18,50.0,47.949999999999996,45.949999999999996,2190.0,101.63598720000002,2088.3640128,2024
2024-01-12,4,SKIP,ACTIVE_POSITION,0.015,150,0.7,1.25,10.0,,,,,,,,,,2024
2024-01-15,0,SKIP,ACTIVE_POSITION,0.015,150,0.7,1.25,10.0,,,,,,,,,,2024
2024-01-16,1,SKIP,ACTIVE_POSITION,0.015,150,0.7,1.25,10.0,,,,,,,,,,2024
2024-01-17,2,SKIP,ACTIVE_POSITION,0.015,150,0.7,1.25,10.0,,,,,,,,,,2024
2024-01-18,3,SKIP,ACTIVE_POSITION,0.015,150,0.7,1.25,10.0,,,,,,,,,,2024
2024-01-19,4,TRADE,EXECUTED,0.015,150,0.7,1.25,10.0,2024-01-25,2024-01-23,2024-01-24,50.0,83.10000000000001,81.10000000000001,3222.500000000001,111.26826615,3111.231733850001,2024
2024-01-23,1,SKIP,ACTIVE_POSITION,0.015,150,0.7,1.25,10.0,,,,,,,,,,2024
2024-01-24,2,SKIP,ACTIVE_POSITION,0.015,150,0.7,1.25,10.0,,,,,,,,,,2024
2024-01-25,3,TRADE,EXECUTED,0.015,150,0.7,1.25,10.0,2024-02-01,2024-01-29,2024-02-01,50.0,89.95000000000002,87.95000000000002,1765.0000000000005,117.5929483,1647.4070517000005,2024
2024-01-29,0,SKIP,ACTIVE_POSITION,0.015,150,0.7,1.25,10.0,,,,,,,,,,2024
2024-01-30,1,SKIP,ACTIVE_POSITION,0.015,150,0.7,1.25,10.0,,,,,,,,,,2024
2024-01-31,2,SKIP,ACTIVE_POSITION,0.015,150,0.7,1.25,10.0,,,,,,,,,,2024
2024-02-01,3,SKIP,ACTIVE_POSITION,0.015,150,0.7,1.25,10.0,,,,,,,,,,2024
2024-02-02,4,TRADE,EXECUTED,0.015,150,0.7,1.25,10.0,2024-02-08,2024-02-05,2024-02-07,50.0,46.49999999999999,44.49999999999999,1864.9999999999998,102.94646660000001,1762.0535333999997,2024
2024-02-05,0,SKIP,ACTIVE_POSITION,0.015,150,0.7,1.25,10.0,,,,,,,,,,2024
2024-02-06,1,SKIP,ACTIVE_POSITION,0.015,150,0.7,1.25,10.0,,,,,,,,,,2024
2024-02-07,2,SKIP,ACTIVE_POSITION,0.015,150,0.7,1.25,10.0,,,,,,,,,,2024
2024-02-08,3,TRADE,EXECUTED,0.015,150,0.7,1.25,10.0,2024-02-15,2024-02-09,2024-02-14,50.0,39.300000000000004,37.300000000000004,1410.0000000000002,101.5178576,1308.4821424000002,2024
2024-02-09,4,SKIP,ACTIVE_POSITION,0.015,150,0.7,1.25,10.0,,,,,,,,,,2024
2024-02-12,0,SKIP,ACTIVE_POSITION,0.015,150,0.7,1.25,10.0,,,,,,,,,,2024
2024-02-13,1,SKIP,ACTIVE_POSITION,0.015,150,0.7,1.25,10.0,,,,,,,,,,2024
2024-02-14,2,SKIP,ACTIVE_POSITION,0.015,150,0.7,1.25,10.0,,,,,,,,,,2024
2024-02-15,3,TRADE,EXECUTED,0.015,150,0.7,1.25,10.0,2024-02-22,2024-02-16,2024-02-21,50.0,40.1,38.1,1557.5000000000002,101.37800664999999,1456.1219933500001,2024
2024-02-16,4,SKIP,ACTIVE_POSITION,0.015,150,0.7,1.25,10.0,,,,,,,,,,2024
2024-02-19,0,SKIP,ACTIVE_POSITION,0.015,150,0.7,1.25,10.0,,,,,,,,,,2024
2024-02-20,1,SKIP,ACTIVE_POSITION,0.015,150,0.7,1.25,10.0,,,,,,,,,,2024
2024-02-21,2,SKIP,ACTIVE_POSITION,0.015,150,0.7,1.25,10.0,,,,,,,,,,2024
2024-02-22,3,TRADE,EXECUTED,0.015,150,0.7,1.25,10.0,2024-02-29,2024-02-23,2024-02-29,50.0,36.05000000000001,34.05000000000001,1412.5000000000005,100.30881314999999,1312.1911868500006,2024
2024-02-23,4,SKIP,ACTIVE_POSITION,0.015,150,0.7,1.25,10.0,,,,,,,,,,2024
2024-02-26,0,SKIP,ACTIVE_POSITION,0.015,150,0.7,1.25,10.0,,,,,,,,,,2024
2024-02-27,1,SKIP,ACTIVE_POSITION,0.015,150,0.7,1.25,10.0,,,,,,,,,,2024
2024-02-28,2,SKIP,ACTIVE_POSITION,0.015,150,0.7,1.25,10.0,,,,,,,,,,2024
2024-02-29,3,SKIP,ACTIVE_POSITION,0.015,150,0.7,1.25,10.0,,,,,,,,,,2024
2024-03-01,4,TRADE,EXECUTED,0.015,150,0.7,1.25,10.0,2024-03-07,2024-03-04,2024-03-06,50.0,23.500000000000004,21.500000000000004,772.5000000000001,98.63251855,673.8674814500001,2024
2024-03-04,0,SKIP,ACTIVE_POSITION,0.015,150,0.7,1.25,10.0,,,,,,,,,,2024
2024-03-05,1,SKIP,ACTIVE_POSITION,0.015,150,0.7,1.25,10.0,,,,,,,,,,2024
2024-03-06,2,SKIP,ACTIVE_POSITION,0.015,150,0.7,1.25,10.0,,,,,,,,,,2024
2024-03-07,3,TRADE,EXECUTED,0.015,150,0.7,1.25,10.0,2024-03-14,2024-03-11,2024-03-13,50.0,32.9,30.9,-4425.0,113.7731199,-4538.7731199,2024
2024-03-11,0,SKIP,ACTIVE_POSITION,0.015,150,0.7,1.25,10.0,,,,,,,,,,2024
2024-03-12,1,SKIP,ACTIVE_POSITION,0.015,150,0.7,1.25,10.0,,,,,,,,,,2024
2024-03-13,2,SKIP,ACTIVE_POSITION,0.015,150,0.7,1.25,10.0,,,,,,,,,,2024
2024-03-14,3,TRADE,EXECUTED,0.015,150,0.7,1.25,10.0,2024-03-21,2024-03-15,2024-03-21,50.0,41.20000000000001,39.20000000000001,1857.5000000000007,101.43058864999999,1756.0694113500008,2024
2024-03-15,4,SKIP,ACTIVE_POSITION,0.015,150,0.7,1.25,10.0,,,,,,,,,,2024
2024-03-18,0,SKIP,ACTIVE_POSITION,0.015,150,0.7,1.25,10.0,,,,,,,,,,2024
2024-03-19,1,SKIP,ACTIVE_POSITION,0.015,150,0.7,1.25,10.0,,,,,,,,,,2024
2024-03-20,2,SKIP,ACTIVE_POSITION,0.015,150,0.7,1.25,10.0,,,,,,,,,,2024
2024-03-21,3,SKIP,ACTIVE_POSITION,0.015,150,0.7,1.25,10.0,,,,,,,,,,2024
2024-03-22,4,TRADE,EXECUTED,0.015,150,0.7,1.25,10.0,2024-03-28,2024-03-26,2024-03-28,50.0,13.800000000000002,11.800000000000002,452.5000000000001,96.33555865000002,356.16444135000006,2024
2024-03-26,1,SKIP,ACTIVE_POSITION,0.015,150,0.7,1.25,10.0,,,,,,,,,,2024
2024-03-27,2,SKIP,ACTIVE_POSITION,0.015,150,0.7,1.25,10.0,,,,,,,,,,2024
2024-03-28,3,SKIP,ACTIVE_POSITION,0.015,150,0.7,1.25,10.0,,,,,,,,,,2024
2024-04-01,0,TRADE,EXECUTED,0.015,150,0.7,1.25,10.0,2024-04-04,2024-04-02,2024-04-04,50.0,14.799999999999999,12.799999999999999,532.4999999999999,96.28144065000001,436.21855934999985,2024
2024-04-02,1,SKIP,ACTIVE_POSITION,0.015,150,0.7,1.25,10.0,,,,,,,,,,2024
2024-04-03,2,SKIP,ACTIVE_POSITION,0.015,150,0.7,1.25,10.0,,,,,,,,,,2024
2024-04-04,3,SKIP,ACTIVE_POSITION,0.015,150,0.7,1.25,10.0,,,,,,,,,,2024
2024-04-05,4,SKIP,CREDIT_GATE,0.015,150,0.7,1.25,10.0,,,,,,,,,,2024
2024-04-08,0,SKIP,CREDIT_GATE,0.015,150,0.7,1.25,10.0,,,,,,,,,,2024
2024-04-09,1,SKIP,ENTRY_ON_EXPIRY_EXCLUDED,0.015,150,0.7,1.25,10.0,,,,,,,,,,2024
2024-04-10,2,SKIP,NO_ELIGIBLE_EXPIRY,0.015,150,0.7,1.25,10.0,,,,,,,,,,2024
2024-04-12,4,TRADE,EXECUTED,0.015,150,0.7,1.25,10.0,2024-04-18,2024-04-15,2024-04-18,50.0,41.0,39.0,-5890.000000000001,114.01500439999998,-6004.015004400001,2024
2024-04-15,0,SKIP,ACTIVE_POSITION,0.015,150,0.7,1.25,10.0,,,,,,,,,,2024
2024-04-16,1,SKIP,ACTIVE_POSITION,0.015,150,0.7,1.25,10.0,,,,,,,,,,2024
2024-04-18,3,SKIP,ACTIVE_POSITION,0.015,150,0.7,1.25,10.0,,,,,,,,,,2024
2024-04-19,4,SKIP,MISSING_EXIT_PRICE,0.015,150,0.7,1.25,10.0,,,,,,,,,,2024
2024-04-22,0,SKIP,CREDIT_GATE,0.015,150,0.7,1.25,10.0,,,,,,,,,,2024
2024-04-23,1,SKIP,CREDIT_GATE,0.015,150,0.7,1.25,10.0,,,,,,,,,,2024
2024-04-24,2,SKIP,ENTRY_ON_EXPIRY_EXCLUDED,0.015,150,0.7,1.25,10.0,,,,,,,,,,2024
2024-04-25,3,TRADE,EXECUTED,0.015,150,0.7,1.25,10.0,2024-05-02,2024-04-26,2024-05-02,25.0,34.05,32.05,748.7499999999999,97.203120775,651.5468792249999,2024
2024-04-26,4,SKIP,ACTIVE_POSITION,0.015,150,0.7,1.25,10.0,,,,,,,,,,2024
2024-04-29,0,SKIP,ACTIVE_POSITION,0.015,150,0.7,1.25,10.0,,,,,,,,,,2024
2024-04-30,1,SKIP,ACTIVE_POSITION,0.015,150,0.7,1.25,10.0,,,,,,,,,,2024
2024-05-02,3,SKIP,ACTIVE_POSITION,0.015,150,0.7,1.25,10.0,,,,,,,,,,2024
2024-05-03,4,TRADE,EXECUTED,0.015,150,0.7,1.25,10.0,2024-05-09,2024-05-06,2024-05-09,25.0,25.799999999999997,23.799999999999997,-3316.2499999999995,101.72191807499999,-3417.9719180749994,2024
2024-05-06,0,SKIP,ACTIVE_POSITION,0.015,150,0.7,1.25,10.0,,,,,,,,,,2024
2024-05-07,1,SKIP,ACTIVE_POSITION,0.015,150,0.7,1.25,10.0,,,,,,,,,,2024
2024-05-08,2,SKIP,ACTIVE_POSITION,0.015,150,0.7,1.25,10.0,,,,,,,,,,2024
2024-05-09,3,SKIP,ACTIVE_POSITION,0.015,150,0.7,1.25,10.0,,,,,,,,,,2024
2024-05-10,4,TRADE,EXECUTED,0.015,150,0.7,1.25,10.0,2024-05-16,2024-05-13,2024-05-16,25.0,22.699999999999996,20.699999999999996,453.7499999999999,96.18661657499999,357.56338342499987,2024
2024-05-13,0,SKIP,ACTIVE_POSITION,0.015,150,0.7,1.25,10.0,,,,,,,,,,2024
2024-05-14,1,SKIP,ACTIVE_POSITION,0.015,150,0.7,1.25,10.0,,,,,,,,,,2024
2024-05-15,2,SKIP,ACTIVE_POSITION,0.015,150,0.7,1.25,10.0,,,,,,,,,,2024
2024-05-16,3,SKIP,ACTIVE_POSITION,0.015,150,0.7,1.25,10.0,,,,,,,,,,2024
2024-05-17,4,TRADE,EXECUTED,0.015,150,0.7,1.25,10.0,2024-05-23,2024-05-21,2024-05-23,25.0,14.100000000000001,12.100000000000001,-2340.0,96.58895949999999,-2436.5889595,2024
2024-05-21,1,SKIP,ACTIVE_POSITION,0.015,150,0.7,1.25,10.0,,,,,,,,,,2024
2024-05-22,2,SKIP,ACTIVE_POSITION,0.015,150,0.7,1.25,10.0,,,,,,,,,,2024
2024-05-23,3,SKIP,ACTIVE_POSITION,0.015,150,0.7,1.25,10.0,,,,,,,,,,2024
2024-05-24,4,TRADE,EXECUTED,0.015,150,0.7,1.25,10.0,2024-05-30,2024-05-27,2024-05-30,25.0,24.95,22.95,-3213.7500000000005,99.18851017499999,-3312.9385101750004,2024
2024-05-27,0,SKIP,ACTIVE_POSITION,0.015,150,0.7,1.25,10.0,,,,,,,,,,2024
2024-05-28,1,SKIP,ACTIVE_POSITION,0.015,150,0.7,1.25,10.0,,,,,,,,,,2024
2024-05-29,2,SKIP,ACTIVE_POSITION,0.015,150,0.7,1.25,10.0,,,,,,,,,,2024
2024-05-30,3,SKIP,ACTIVE_POSITION,0.015,150,0.7,1.25,10.0,,,,,,,,,,2024
2024-05-31,4,TRADE,EXECUTED,0.015,150,0.7,1.25,10.0,2024-06-06,2024-06-03,2024-06-06,25.0,105.94999999999999,103.94999999999999,2544.9999999999995,118.18988755,2426.8101124499995,2024
2024-06-03,0,SKIP,ACTIVE_POSITION,0.015,150,0.7,1.25,10.0,,,,,,,,,,2024
2024-06-04,1,SKIP,ACTIVE_POSITION,0.015,150,0.7,1.25,10.0,,,,,,,,,,2024
2024-06-05,2,SKIP,ACTIVE_POSITION,0.015,150,0.7,1.25,10.0,,,,,,,,,,2024
2024-06-06,3,SKIP,ACTIVE_POSITION,0.015,150,0.7,1.25,10.0,,,,,,,,,,2024
2024-06-07,4,TRADE,EXECUTED,0.015,150,0.7,1.25,10.0,2024-06-13,2024-06-10,2024-06-12,25.0,43.449999999999996,41.449999999999996,813.7499999999999,98.870002575,714.8799974249998,2024
2024-06-10,0,SKIP,ACTIVE_POSITION,0.015,150,0.7,1.25,10.0,,,,,,,,,,2024
2024-06-11,1,SKIP,ACTIVE_POSITION,0.015,150,0.7,1.25,10.0,,,,,,,,,,2024
2024-06-12,2,SKIP,ACTIVE_POSITION,0.015,150,0.7,1.25,10.0,,,,,,,,,,2024
2024-06-13,3,TRADE,EXECUTED,0.015,150,0.7,1.25,10.0,2024-06-20,2024-06-14,2024-06-20,25.0,16.9,14.899999999999999,322.49999999999994,95.65024,226.84975999999995,2024
2024-06-14,4,SKIP,ACTIVE_POSITION,0.015,150,0.7,1.25,10.0,,,,,,,,,,2024
2024-06-18,1,SKIP,ACTIVE_POSITION,0.015,150,0.7,1.25,10.0,,,,,,,,,,2024
2024-06-19,2,SKIP,ACTIVE_POSITION,0.015,150,0.7,1.25,10.0,,,,,,,,,,2024
2024-06-20,3,SKIP,ACTIVE_POSITION,0.015,150,0.7,1.25,10.0,,,,,,,,,,2024
2024-06-21,4,TRADE,EXECUTED,0.015,150,0.7,1.25,10.0,2024-06-27,2024-06-24,2024-06-26,25.0,19.549999999999997,17.549999999999997,-1071.25,97.85356777499999,-1169.103567775,2024
2024-06-24,0,SKIP,ACTIVE_POSITION,0.015,150,0.7,1.25,10.0,,,,,,,,,,2024
2024-06-25,1,SKIP,ACTIVE_POSITION,0.015,150,0.7,1.25,10.0,,,,,,,,,,2024
2024-06-26,2,SKIP,ACTIVE_POSITION,0.015,150,0.7,1.25,10.0,,,,,,,,,,2024
2024-06-27,3,TRADE,EXECUTED,0.015,150,0.7,1.25,10.0,2024-07-04,2024-06-28,2024-07-04,25.0,32.24999999999999,30.249999999999993,704.9999999999998,97.16680284999998,607.8331971499998,2024
2024-06-28,4,SKIP,ACTIVE_POSITION,0.015,150,0.7,1.25,10.0,,,,,,,,,,2024
2024-07-01,0,SKIP,ACTIVE_POSITION,0.015,150,0.7,1.25,10.0,,,,,,,,,,2024
2024-07-02,1,SKIP,ACTIVE_POSITION,0.015,150,0.7,1.25,10.0,,,,,,,,,,2024
2024-07-03,2,SKIP,ACTIVE_POSITION,0.015,150,0.7,1.25,10.0,,,,,,,,,,2024
2024-07-04,3,SKIP,ACTIVE_POSITION,0.015,150,0.7,1.25,10.0,,,,,,,,,,2024
2024-07-05,4,TRADE,EXECUTED,0.015,150,0.7,1.25,10.0,2024-07-11,2024-07-08,2024-07-11,25.0,13.399999999999999,11.399999999999999,234.99999999999997,95.3104649,139.68953509999997,2024
2024-07-08,0,SKIP,ACTIVE_POSITION,0.015,150,0.7,1.25,10.0,,,,,,,,,,2024
2024-07-09,1,SKIP,ACTIVE_POSITION,0.015,150,0.7,1.25,10.0,,,,,,,,,,2024
2024-07-10,2,SKIP,ACTIVE_POSITION,0.015,150,0.7,1.25,10.0,,,,,,,,,,2024
2024-07-11,3,SKIP,ACTIVE_POSITION,0.015,150,0.7,1.25,10.0,,,,,,,,,,2024
2024-07-12,4,SKIP,CREDIT_GATE,0.015,150,0.7,1.25,10.0,,,,,,,,,,2024
2024-07-15,0,SKIP,CREDIT_GATE,0.015,150,0.7,1.25,10.0,,,,,,,,,,2024
2024-07-16,1,SKIP,ENTRY_ON_EXPIRY_EXCLUDED,0.015,150,0.7,1.25,10.0,,,,,,,,,,2024
2024-07-18,3,TRADE,EXECUTED,0.015,150,0.7,1.25,10.0,2024-07-25,2024-07-19,2024-07-25,25.0,67.39999999999998,65.39999999999998,1538.7499999999993,103.53534572500001,1435.2146542749992,2024
2024-07-19,4,SKIP,ACTIVE_POSITION,0.015,150,0.7,1.25,10.0,,,,,,,,,,2024
2024-07-22,0,SKIP,ACTIVE_POSITION,0.015,150,0.7,1.25,10.0,,,,,,,,,,2024
2024-07-23,1,SKIP,ACTIVE_POSITION,0.015,150,0.7,1.25,10.0,,,,,,,,,,2024
2024-07-24,2,SKIP,ACTIVE_POSITION,0.015,150,0.7,1.25,10.0,,,,,,,,,,2024
2024-07-25,3,SKIP,ACTIVE_POSITION,0.015,150,0.7,1.25,10.0,,,,,,,,,,2024
2024-07-26,4,TRADE,EXECUTED,0.015,150,0.7,1.25,10.0,2024-08-01,2024-07-29,2024-08-01,25.0,16.199999999999996,14.199999999999996,304.9999999999999,95.68821150000001,209.31178849999986,2024
2024-07-29,0,SKIP,ACTIVE_POSITION,0.015,150,0.7,1.25,10.0,,,,,,,,,,2024
2024-07-30,1,SKIP,ACTIVE_POSITION,0.015,150,0.7,1.25,10.0,,,,,,,,,,2024
2024-07-31,2,SKIP,ACTIVE_POSITION,0.015,150,0.7,1.25,10.0,,,,,,,,,,2024
2024-08-01,3,SKIP,ACTIVE_POSITION,0.015,150,0.7,1.25,10.0,,,,,,,,,,2024
2024-08-02,4,TRADE,EXECUTED,0.015,150,0.7,1.25,10.0,2024-08-08,2024-08-05,2024-08-08,25.0,81.35,79.35,-1801.2500000000002,111.01908677499999,-1912.2690867750002,2024
2024-08-05,0,SKIP,ACTIVE_POSITION,0.015,150,0.7,1.25,10.0,,,,,,,,,,2024
2024-08-06,1,SKIP,ACTIVE_POSITION,0.015,150,0.7,1.25,10.0,,,,,,,,,,2024
2024-08-07,2,SKIP,ACTIVE_POSITION,0.015,150,0.7,1.25,10.0,,,,,,,,,,2024
2024-08-08,3,SKIP,ACTIVE_POSITION,0.015,150,0.7,1.25,10.0,,,,,,,,,,2024
2024-08-09,4,TRADE,EXECUTED,0.015,150,0.7,1.25,10.0,2024-08-14,2024-08-12,2024-08-14,25.0,17.45,15.45,333.75,95.803203575,237.946796425,2024
2024-08-12,0,SKIP,ACTIVE_POSITION,0.015,150,0.7,1.25,10.0,,,,,,,,,,2024
2024-08-13,1,SKIP,ACTIVE_POSITION,0.015,150,0.7,1.25,10.0,,,,,,,,,,2024
2024-08-14,2,SKIP,ACTIVE_POSITION,0.015,150,0.7,1.25,10.0,,,,,,,,,,2024
2024-08-16,4,TRADE,EXECUTED,0.015,150,0.7,1.25,10.0,2024-08-22,2024-08-19,2024-08-22,25.0,12.549999999999997,10.549999999999997,213.74999999999994,95.35242502500002,118.39757497499993,2024
2024-08-19,0,SKIP,ACTIVE_POSITION,0.015,150,0.7,1.25,10.0,,,,,,,,,,2024
2024-08-20,1,SKIP,ACTIVE_POSITION,0.015,150,0.7,1.25,10.0,,,,,,,,,,2024
2024-08-21,2,SKIP,ACTIVE_POSITION,0.015,150,0.7,1.25,10.0,,,,,,,,,,2024
2024-08-22,3,SKIP,ACTIVE_POSITION,0.015,150,0.7,1.25,10.0,,,,,,,,,,2024
2024-08-23,4,TRADE,EXECUTED,0.015,150,0.7,1.25,10.0,2024-08-29,2024-08-26,2024-08-29,25.0,20.55,18.55,383.75000000000006,95.697368375,288.05263162500006,2024
2024-08-26,0,SKIP,ACTIVE_POSITION,0.015,150,0.7,1.25,10.0,,,,,,,,,,2024
2024-08-27,1,SKIP,ACTIVE_POSITION,0.015,150,0.7,1.25,10.0,,,,,,,,,,2024
2024-08-28,2,SKIP,ACTIVE_POSITION,0.015,150,0.7,1.25,10.0,,,,,,,,,,2024
2024-08-29,3,SKIP,ACTIVE_POSITION,0.015,150,0.7,1.25,10.0,,,,,,,,,,2024
2024-08-30,4,SKIP,CREDIT_GATE,0.015,150,0.7,1.25,10.0,,,,,,,,,,2024
2024-09-02,0,SKIP,CREDIT_GATE,0.015,150,0.7,1.25,10.0,,,,,,,,,,2024
2024-09-03,1,SKIP,CREDIT_GATE,0.015,150,0.7,1.25,10.0,,,,,,,,,,2024
2024-09-04,2,SKIP,ENTRY_ON_EXPIRY_EXCLUDED,0.015,150,0.7,1.25,10.0,,,,,,,,,,2024
2024-09-05,3,TRADE,EXECUTED,0.015,150,0.7,1.25,10.0,2024-09-12,2024-09-06,2024-09-12,25.0,56.949999999999974,54.949999999999974,1321.2499999999993,101.05348037499999,1220.1965196249994,2024
2024-09-06,4,SKIP,ACTIVE_POSITION,0.015,150,0.7,1.25,10.0,,,,,,,,,,2024
2024-09-09,0,SKIP,ACTIVE_POSITION,0.015,150,0.7,1.25,10.0,,,,,,,,,,2024
2024-09-10,1,SKIP,ACTIVE_POSITION,0.015,150,0.7,1.25,10.0,,,,,,,,,,2024
2024-09-11,2,SKIP,ACTIVE_POSITION,0.015,150,0.7,1.25,10.0,,,,,,,,,,2024
2024-09-12,3,SKIP,ACTIVE_POSITION,0.015,150,0.7,1.25,10.0,,,,,,,,,,2024
2024-09-13,4,SKIP,CREDIT_GATE,0.015,150,0.7,1.25,10.0,,,,,,,,,,2024
2024-09-16,0,SKIP,CREDIT_GATE,0.015,150,0.7,1.25,10.0,,,,,,,,,,2024
2024-09-17,1,TRADE,EXECUTED,0.015,150,0.7,1.25,10.0,2024-09-19,2024-09-18,2024-09-19,25.0,15.9,13.9,296.25,95.76410952500001,200.485890475,2024
2024-09-18,2,SKIP,ACTIVE_POSITION,0.015,150,0.7,1.25,10.0,,,,,,,,,,2024
2024-09-19,3,SKIP,ACTIVE_POSITION,0.015,150,0.7,1.25,10.0,,,,,,,,,,2024
2024-09-20,4,TRADE,EXECUTED,0.015,150,0.7,1.25,10.0,2024-09-26,2024-09-23,2024-09-26,25.0,18.549999999999997,16.549999999999997,-316.25000000000006,96.57741712500001,-412.82741712500007,2024
2024-09-23,0,SKIP,ACTIVE_POSITION,0.015,150,0.7,1.25,10.0,,,,,,,,,,2024
2024-09-24,1,SKIP,ACTIVE_POSITION,0.015,150,0.7,1.25,10.0,,,,,,,,,,2024
2024-09-25,2,SKIP,ACTIVE_POSITION,0.015,150,0.7,1.25,10.0,,,,,,,,,,2024
2024-09-26,3,SKIP,ACTIVE_POSITION,0.015,150,0.7,1.25,10.0,,,,,,,,,,2024
2024-09-27,4,TRADE,EXECUTED,0.015,150,0.7,1.25,10.0,2024-10-03,2024-09-30,2024-10-03,25.0,68.74999999999999,66.74999999999999,-2078.7500000000005,125.38667612500001,-2204.1366761250006,2024
2024-09-30,0,SKIP,ACTIVE_POSITION,0.015,150,0.7,1.25,10.0,,,,,,,,,,2024
2024-10-01,1,SKIP,ACTIVE_POSITION,0.015,150,0.7,1.25,10.0,,,,,,,,,,2024
2024-10-03,3,SKIP,ACTIVE_POSITION,0.015,150,0.7,1.25,10.0,,,,,,,,,,2024
2024-10-04,4,TRADE,EXECUTED,0.015,150,0.7,1.25,10.0,2024-10-10,2024-10-07,2024-10-10,25.0,54.550000000000004,52.550000000000004,1263.75,100.967519125,1162.782480875,2024
2024-10-07,0,SKIP,ACTIVE_POSITION,0.015,150,0.7,1.25,10.0,,,,,,,,,,2024
2024-10-08,1,SKIP,ACTIVE_POSITION,0.015,150,0.7,1.25,10.0,,,,,,,,,,2024
2024-10-09,2,SKIP,ACTIVE_POSITION,0.015,150,0.7,1.25,10.0,,,,,,,,,,2024
2024-10-10,3,SKIP,ACTIVE_POSITION,0.015,150,0.7,1.25,10.0,,,,,,,,,,2024
2024-10-11,4,TRADE,EXECUTED,0.015,150,0.7,1.25,10.0,2024-10-17,2024-10-14,2024-10-17,25.0,16.25,14.25,303.75,95.57958807500002,208.170411925,2024
2024-10-14,0,SKIP,ACTIVE_POSITION,0.015,150,0.7,1.25,10.0,,,,,,,,,,2024
2024-10-15,1,SKIP,ACTIVE_POSITION,0.015,150,0.7,1.25,10.0,,,,,,,,,,2024
2024-10-16,2,SKIP,ACTIVE_POSITION,0.015,150,0.7,1.25,10.0,,,,,,,,,,2024
2024-10-17,3,SKIP,ACTIVE_POSITION,0.015,150,0.7,1.25,10.0,,,,,,,,,,2024
2024-10-18,4,TRADE,EXECUTED,0.015,150,0.7,1.25,10.0,2024-10-24,2024-10-21,2024-10-22,25.0,26.15,24.15,-1121.25,101.21850182499998,-1222.468501825,2024
2024-10-21,0,SKIP,ACTIVE_POSITION,0.015,150,0.7,1.25,10.0,,,,,,,,,,2024
2024-10-22,1,SKIP,ACTIVE_POSITION,0.015,150,0.7,1.25,10.0,,,,,,,,,,2024
2024-10-23,2,SKIP,ENTRY_ON_EXPIRY_EXCLUDED,0.015,150,0.7,1.25,10.0,,,,,,,,,,2024
2024-10-24,3,TRADE,EXECUTED,0.015,150,0.7,1.25,10.0,2024-10-31,2024-10-25,2024-10-29,25.0,43.85000000000001,41.85000000000001,818.7500000000002,99.58325027500003,719.1667497250002,2024
2024-10-25,4,SKIP,ACTIVE_POSITION,0.015,150,0.7,1.25,10.0,,,,,,,,,,2024
2024-10-28,0,SKIP,ACTIVE_POSITION,0.015,150,0.7,1.25,10.0,,,,,,,,,,2024
2024-10-29,1,SKIP,ACTIVE_POSITION,0.015,150,0.7,1.25,10.0,,,,,,,,,,2024
2024-10-30,2,SKIP,ENTRY_ON_EXPIRY_EXCLUDED,0.015,150,0.7,1.25,10.0,,,,,,,,,,2024
2024-10-31,3,TRADE,EXECUTED,0.015,150,0.7,1.25,10.0,2024-11-07,2024-11-01,2024-11-07,25.0,55.35000000000001,53.35000000000001,1282.5000000000002,99.95103044999999,1182.5489695500003,2024
2024-11-01,4,SKIP,ACTIVE_POSITION,0.015,150,0.7,1.25,10.0,,,,,,,,,,2024
2024-11-04,0,SKIP,ACTIVE_POSITION,0.015,150,0.7,1.25,10.0,,,,,,,,,,2024
2024-11-05,1,SKIP,ACTIVE_POSITION,0.015,150,0.7,1.25,10.0,,,,,,,,,,2024
2024-11-06,2,SKIP,ACTIVE_POSITION,0.015,150,0.7,1.25,10.0,,,,,,,,,,2024
2024-11-07,3,SKIP,ACTIVE_POSITION,0.015,150,0.7,1.25,10.0,,,,,,,,,,2024
2024-11-08,4,TRADE,EXECUTED,0.015,150,0.7,1.25,10.0,2024-11-14,2024-11-11,2024-11-12,25.0,20.400000000000002,18.400000000000002,-831.2499999999997,98.23710702499999,-929.4871070249997,2024
2024-11-11,0,SKIP,ACTIVE_POSITION,0.015,150,0.7,1.25,10.0,,,,,,,,,,2024
2024-11-12,1,SKIP,ACTIVE_POSITION,0.015,150,0.7,1.25,10.0,,,,,,,,,,2024
2024-11-13,2,SKIP,ENTRY_ON_EXPIRY_EXCLUDED,0.015,150,0.7,1.25,10.0,,,,,,,,,,2024
2024-11-14,3,TRADE,EXECUTED,0.015,150,0.7,1.25,10.0,2024-11-21,2024-11-18,2024-11-21,75.0,21.349999999999998,19.349999999999998,1301.2499999999998,99.23596137499999,1202.0140386249998,2024
2024-11-18,0,SKIP,ACTIVE_POSITION,0.015,150,0.7,1.25,10.0,,,,,,,,,,2024
2024-11-19,1,SKIP,ACTIVE_POSITION,0.015,150,0.7,1.25,10.0,,,,,,,,,,2024
2024-11-21,3,SKIP,ACTIVE_POSITION,0.015,150,0.7,1.25,10.0,,,,,,,,,,2024
2024-11-22,4,TRADE,EXECUTED,0.015,150,0.7,1.25,10.0,2024-11-28,2024-11-25,2024-11-28,75.0,71.25000000000001,69.25000000000001,5036.250000000002,114.28825137500002,4921.961748625002,2024
2024-11-25,0,SKIP,ACTIVE_POSITION,0.015,150,0.7,1.25,10.0,,,,,,,,,,2024
2024-11-26,1,SKIP,ACTIVE_POSITION,0.015,150,0.7,1.25,10.0,,,,,,,,,,2024
2024-11-27,2,SKIP,ACTIVE_POSITION,0.015,150,0.7,1.25,10.0,,,,,,,,,,2024
2024-11-28,3,SKIP,ACTIVE_POSITION,0.015,150,0.7,1.25,10.0,,,,,,,,,,2024
2024-11-29,4,TRADE,EXECUTED,0.015,150,0.7,1.25,10.0,2024-12-05,2024-12-02,2024-12-05,75.0,30.349999999999994,28.349999999999994,794.9999999999999,103.13341144999998,691.86658855,2024
2024-12-02,0,SKIP,ACTIVE_POSITION,0.015,150,0.7,1.25,10.0,,,,,,,,,,2024
2024-12-03,1,SKIP,ACTIVE_POSITION,0.015,150,0.7,1.25,10.0,,,,,,,,,,2024
2024-12-04,2,SKIP,ACTIVE_POSITION,0.015,150,0.7,1.25,10.0,,,,,,,,,,2024
2024-12-05,3,SKIP,ACTIVE_POSITION,0.015,150,0.7,1.25,10.0,,,,,,,,,,2024
2024-12-06,4,TRADE,EXECUTED,0.015,150,0.7,1.25,10.0,2024-12-12,2024-12-09,2024-12-11,75.0,37.6,35.6,2013.75,105.707143025,1908.042856975,2024
2024-12-09,0,SKIP,ACTIVE_POSITION,0.015,150,0.7,1.25,10.0,,,,,,,,,,2024
2024-12-10,1,SKIP,ACTIVE_POSITION,0.015,150,0.7,1.25,10.0,,,,,,,,,,2024
2024-12-11,2,SKIP,ACTIVE_POSITION,0.015,150,0.7,1.25,10.0,,,,,,,,,,2024
2024-12-12,3,TRADE,EXECUTED,0.015,150,0.7,1.25,10.0,2024-12-19,2024-12-13,2024-12-18,75.0,32.1,30.1,-3015.000000000001,110.52625655,-3125.526256550001,2024
2024-12-13,4,SKIP,ACTIVE_POSITION,0.015,150,0.7,1.25,10.0,,,,,,,,,,2024
2024-12-16,0,SKIP,ACTIVE_POSITION,0.015,150,0.7,1.25,10.0,,,,,,,,,,2024
2024-12-17,1,SKIP,ACTIVE_POSITION,0.015,150,0.7,1.25,10.0,,,,,,,,,,2024
2024-12-18,2,SKIP,ACTIVE_POSITION,0.015,150,0.7,1.25,10.0,,,,,,,,,,2024
2024-12-19,3,TRADE,EXECUTED,0.015,150,0.7,1.25,10.0,2024-12-26,2024-12-20,2024-12-24,75.0,71.29999999999997,69.29999999999997,3663.7499999999973,124.542776825,3539.207223174997,2024
2024-12-20,4,SKIP,ACTIVE_POSITION,0.015,150,0.7,1.25,10.0,,,,,,,,,,2024
2024-12-23,0,SKIP,ACTIVE_POSITION,0.015,150,0.7,1.25,10.0,,,,,,,,,,2024
2024-12-24,1,SKIP,ACTIVE_POSITION,0.015,150,0.7,1.25,10.0,,,,,,,,,,2024
2024-12-26,3,SKIP,CROSSES_TEST_WINDOW,0.015,150,0.7,1.25,10.0,,,,,,,,,,2024
2024-12-27,4,SKIP,CROSSES_TEST_WINDOW,0.015,150,0.7,1.25,10.0,,,,,,,,,,2024
2024-12-30,0,SKIP,CROSSES_TEST_WINDOW,0.015,150,0.7,1.25,10.0,,,,,,,,,,2024
2024-12-31,1,SKIP,NO_NEXT_SESSION_ENTRY,0.015,150,0.7,1.25,10.0,,,,,,,,,,2024
2025-01-01,2,SKIP,ENTRY_ON_EXPIRY_EXCLUDED,0.015,150,0.7,1.25,10.0,,,,,,,,,,2025
2025-01-02,3,TRADE,EXECUTED,0.015,150,0.7,1.25,10.0,2025-01-09,2025-01-03,2025-01-08,75.0,54.349999999999994,52.349999999999994,-5152.500000000001,128.7305639,-5281.230563900001,2025
2025-01-03,4,SKIP,ACTIVE_POSITION,0.015,150,0.7,1.25,10.0,,,,,,,,,,2025
2025-01-06,0,SKIP,ACTIVE_POSITION,0.015,150,0.7,1.25,10.0,,,,,,,,,,2025
2025-01-07,1,SKIP,ACTIVE_POSITION,0.015,150,0.7,1.25,10.0,,,,,,,,,,2025
2025-01-08,2,SKIP,ACTIVE_POSITION,0.015,150,0.7,1.25,10.0,,,,,,,,,,2025
2025-01-09,3,TRADE,EXECUTED,0.015,150,0.7,1.25,10.0,2025-01-16,2025-01-10,2025-01-16,75.0,40.650000000000006,38.650000000000006,2745.0000000000005,107.15939314999999,2637.8406068500003,2025
2025-01-10,4,SKIP,ACTIVE_POSITION,0.015,150,0.7,1.25,10.0,,,,,,,,,,2025
2025-01-13,0,SKIP,ACTIVE_POSITION,0.015,150,0.7,1.25,10.0,,,,,,,,,,2025
2025-01-14,1,SKIP,ACTIVE_POSITION,0.015,150,0.7,1.25,10.0,,,,,,,,,,2025
2025-01-15,2,SKIP,ACTIVE_POSITION,0.015,150,0.7,1.25,10.0,,,,,,,,,,2025
2025-01-16,3,SKIP,ACTIVE_POSITION,0.015,150,0.7,1.25,10.0,,,,,,,,,,2025
2025-01-17,4,TRADE,EXECUTED,0.015,150,0.7,1.25,10.0,2025-01-23,2025-01-20,2025-01-22,75.0,31.700000000000003,29.700000000000003,1657.5,103.1405618,1554.3594382,2025
2025-01-20,0,SKIP,ACTIVE_POSITION,0.015,150,0.7,1.25,10.0,,,,,,,,,,2025
2025-01-21,1,SKIP,ACTIVE_POSITION,0.015,150,0.7,1.25,10.0,,,,,,,,,,2025
2025-01-22,2,SKIP,ACTIVE_POSITION,0.015,150,0.7,1.25,10.0,,,,,,,,,,2025
2025-01-23,3,TRADE,EXECUTED,0.015,150,0.7,1.25,10.0,2025-01-30,2025-01-24,2025-01-30,75.0,44.60000000000001,42.60000000000001,3037.5000000000005,107.6287916,2929.8712084000003,2025
2025-01-24,4,SKIP,ACTIVE_POSITION,0.015,150,0.7,1.25,10.0,,,,,,,,,,2025
2025-01-27,0,SKIP,ACTIVE_POSITION,0.015,150,0.7,1.25,10.0,,,,,,,,,,2025
2025-01-28,1,SKIP,ACTIVE_POSITION,0.015,150,0.7,1.25,10.0,,,,,,,,,,2025
2025-01-29,2,SKIP,ACTIVE_POSITION,0.015,150,0.7,1.25,10.0,,,,,,,,,,2025
2025-01-30,3,SKIP,ACTIVE_POSITION,0.015,150,0.7,1.25,10.0,,,,,,,,,,2025
2025-01-31,4,TRADE,EXECUTED,0.015,150,0.7,1.25,10.0,2025-02-06,2025-02-03,2025-02-06,75.0,31.2,29.2,2043.75,103.21290702499999,1940.537092975,2025
2025-02-03,0,SKIP,ACTIVE_POSITION,0.015,150,0.7,1.25,10.0,,,,,,,,,,2025
2025-02-04,1,SKIP,ACTIVE_POSITION,0.015,150,0.7,1.25,10.0,,,,,,,,,,2025
2025-02-05,2,SKIP,ACTIVE_POSITION,0.015,150,0.7,1.25,10.0,,,,,,,,,,2025
2025-02-06,3,SKIP,ACTIVE_POSITION,0.015,150,0.7,1.25,10.0,,,,,,,,,,2025
2025-02-07,4,TRADE,EXECUTED,0.015,150,0.7,1.25,10.0,2025-02-13,2025-02-10,2025-02-11,75.0,40.95,38.95,-4248.749999999999,123.311564225,-4372.0615642249995,2025
2025-02-10,0,SKIP,ACTIVE_POSITION,0.015,150,0.7,1.25,10.0,,,,,,,,,,2025
2025-02-11,1,SKIP,ACTIVE_POSITION,0.015,150,0.7,1.25,10.0,,,,,,,,,,2025
2025-02-12,2,SKIP,ENTRY_ON_EXPIRY_EXCLUDED,0.015,150,0.7,1.25,10.0,,,,,,,,,,2025
2025-02-13,3,TRADE,EXECUTED,0.015,150,0.7,1.25,10.0,2025-02-20,2025-02-14,2025-02-20,75.0,45.24999999999999,43.24999999999999,3089.9999999999995,107.54972135000001,2982.4502786499997,2025
2025-02-14,4,SKIP,ACTIVE_POSITION,0.015,150,0.7,1.25,10.0,,,,,,,,,,2025
2025-02-17,0,SKIP,ACTIVE_POSITION,0.015,150,0.7,1.25,10.0,,,,,,,,,,2025
2025-02-18,1,SKIP,ACTIVE_POSITION,0.015,150,0.7,1.25,10.0,,,,,,,,,,2025
2025-02-19,2,SKIP,ACTIVE_POSITION,0.015,150,0.7,1.25,10.0,,,,,,,,,,2025
2025-02-20,3,SKIP,ACTIVE_POSITION,0.015,150,0.7,1.25,10.0,,,,,,,,,,2025
2025-02-21,4,TRADE,EXECUTED,0.015,150,0.7,1.25,10.0,2025-02-27,2025-02-24,2025-02-27,75.0,27.350000000000005,25.350000000000005,1743.7500000000002,100.509839075,1643.2401609250003,2025
2025-02-24,0,SKIP,ACTIVE_POSITION,0.015,150,0.7,1.25,10.0,,,,,,,,,,2025
2025-02-25,1,SKIP,ACTIVE_POSITION,0.015,150,0.7,1.25,10.0,,,,,,,,,,2025
2025-02-27,3,SKIP,ACTIVE_POSITION,0.015,150,0.7,1.25,10.0,,,,,,,,,,2025
2025-02-28,4,TRADE,EXECUTED,0.015,150,0.7,1.25,10.0,2025-03-06,2025-03-03,2025-03-05,75.0,23.100000000000005,21.100000000000005,1117.5000000000005,100.2862496,1017.2137504000004,2025
2025-03-03,0,SKIP,ACTIVE_POSITION,0.015,150,0.7,1.25,10.0,,,,,,,,,,2025
2025-03-04,1,SKIP,ACTIVE_POSITION,0.015,150,0.7,1.25,10.0,,,,,,,,,,2025
2025-03-05,2,SKIP,ACTIVE_POSITION,0.015,150,0.7,1.25,10.0,,,,,,,,,,2025
2025-03-06,3,TRADE,EXECUTED,0.015,150,0.7,1.25,10.0,2025-03-13,2025-03-07,2025-03-13,75.0,26.499999999999993,24.499999999999993,1691.2499999999995,100.839787925,1590.4102120749994,2025
2025-03-07,4,SKIP,ACTIVE_POSITION,0.015,150,0.7,1.25,10.0,,,,,,,,,,2025
2025-03-10,0,SKIP,ACTIVE_POSITION,0.015,150,0.7,1.25,10.0,,,,,,,,,,2025
2025-03-11,1,SKIP,ACTIVE_POSITION,0.015,150,0.7,1.25,10.0,,,,,,,,,,2025
2025-03-12,2,SKIP,ACTIVE_POSITION,0.015,150,0.7,1.25,10.0,,,,,,,,,,2025
2025-03-13,3,SKIP,ACTIVE_POSITION,0.015,150,0.7,1.25,10.0,,,,,,,,,,2025
2025-03-17,0,TRADE,EXECUTED,0.015,150,0.7,1.25,10.0,2025-03-20,2025-03-18,2025-03-20,75.0,35.5,33.5,-8820.000000000002,118.5055802,-8938.505580200002,2025
2025-03-18,1,SKIP,ACTIVE_POSITION,0.015,150,0.7,1.25,10.0,,,,,,,,,,2025
2025-03-19,2,SKIP,ACTIVE_POSITION,0.015,150,0.7,1.25,10.0,,,,,,,,,,2025
2025-03-20,3,SKIP,ACTIVE_POSITION,0.015,150,0.7,1.25,10.0,,,,,,,,,,2025
2025-03-21,4,TRADE,EXECUTED,0.015,150,0.7,1.25,10.0,2025-03-27,2025-03-24,2025-03-26,75.0,55.05,53.05,2981.25,110.86641657499999,2870.383583425,2025
2025-03-24,0,SKIP,ACTIVE_POSITION,0.015,150,0.7,1.25,10.0,,,,,,,,,,2025
2025-03-25,1,SKIP,ACTIVE_POSITION,0.015,150,0.7,1.25,10.0,,,,,,,,,,2025
2025-03-26,2,SKIP,ACTIVE_POSITION,0.015,150,0.7,1.25,10.0,,,,,,,,,,2025
2025-03-27,3,TRADE,EXECUTED,0.015,150,0.7,1.25,10.0,2025-04-03,2025-03-28,2025-04-01,75.0,18.250000000000007,16.250000000000007,-2617.4999999999986,108.61445135000001,-2726.1144513499985,2025
2025-03-28,4,SKIP,ACTIVE_POSITION,0.015,150,0.7,1.25,10.0,,,,,,,,,,2025
2025-04-01,1,SKIP,ACTIVE_POSITION,0.015,150,0.7,1.25,10.0,,,,,,,,,,2025
2025-04-02,2,SKIP,ENTRY_ON_EXPIRY_EXCLUDED,0.015,150,0.7,1.25,10.0,,,,,,,,,,2025
2025-04-03,3,TRADE,EXECUTED,0.015,150,0.7,1.25,10.0,2025-04-09,2025-04-04,2025-04-09,75.0,71.0,69.0,-6191.2500000000055,175.03305117500003,-6366.283051175005,2025
2025-04-04,4,SKIP,ACTIVE_POSITION,0.015,150,0.7,1.25,10.0,,,,,,,,,,2025
2025-04-07,0,SKIP,ACTIVE_POSITION,0.015,150,0.7,1.25,10.0,,,,,,,,,,2025
2025-04-08,1,SKIP,ACTIVE_POSITION,0.015,150,0.7,1.25,10.0,,,,,,,,,,2025
2025-04-09,2,SKIP,ACTIVE_POSITION,0.015,150,0.7,1.25,10.0,,,,,,,,,,2025
2025-04-11,4,TRADE,EXECUTED,0.015,150,0.7,1.25,10.0,2025-04-17,2025-04-15,2025-04-17,75.0,54.85,52.85,-7192.499999999996,167.98627265000002,-7360.486272649996,2025
2025-04-15,1,SKIP,ACTIVE_POSITION,0.015,150,0.7,1.25,10.0,,,,,,,,,,2025
2025-04-16,2,SKIP,ACTIVE_POSITION,0.015,150,0.7,1.25,10.0,,,,,,,,,,2025
2025-04-17,3,SKIP,ACTIVE_POSITION,0.015,150,0.7,1.25,10.0,,,,,,,,,,2025
2025-04-21,0,TRADE,EXECUTED,0.015,150,0.7,1.25,10.0,2025-04-24,2025-04-22,2025-04-24,75.0,12.250000000000004,10.250000000000004,611.2500000000003,98.14170672499999,513.1082932750004,2025
2025-04-22,1,SKIP,ACTIVE_POSITION,0.015,150,0.7,1.25,10.0,,,,,,,,,,2025
2025-04-23,2,SKIP,ACTIVE_POSITION,0.015,150,0.7,1.25,10.0,,,,,,,,,,2025
2025-04-24,3,SKIP,ACTIVE_POSITION,0.015,150,0.7,1.25,10.0,,,,,,,,,,2025
2025-04-25,4,TRADE,EXECUTED,0.015,150,0.7,1.25,10.0,2025-04-30,2025-04-28,2025-04-30,75.0,21.049999999999997,19.049999999999997,1271.2499999999998,100.98453042499999,1170.2654695749998,2025
2025-04-28,0,SKIP,ACTIVE_POSITION,0.015,150,0.7,1.25,10.0,,,,,,,,,,2025
2025-04-29,1,SKIP,ACTIVE_POSITION,0.015,150,0.7,1.25,10.0,,,,,,,,,,2025
2025-04-30,2,SKIP,ACTIVE_POSITION,0.015,150,0.7,1.25,10.0,,,,,,,,,,2025
2025-05-02,4,TRADE,EXECUTED,0.015,150,0.7,1.25,10.0,2025-05-08,2025-05-05,2025-05-08,75.0,12.95,10.95,645.0,99.87589699999998,545.124103,2025
2025-05-05,0,SKIP,ACTIVE_POSITION,0.015,150,0.7,1.25,10.0,,,,,,,,,,2025
2025-05-06,1,SKIP,ACTIVE_POSITION,0.015,150,0.7,1.25,10.0,,,,,,,,,,2025
2025-05-07,2,SKIP,ACTIVE_POSITION,0.015,150,0.7,1.25,10.0,,,,,,,,,,2025
2025-05-08,3,SKIP,ACTIVE_POSITION,0.015,150,0.7,1.25,10.0,,,,,,,,,,2025
2025-05-09,4,TRADE,EXECUTED,0.015,150,0.7,1.25,10.0,2025-05-15,2025-05-12,2025-05-15,75.0,128.39999999999998,126.39999999999998,-1687.5,241.51546444999997,-1929.0154644499999,2025
2025-05-12,0,SKIP,ACTIVE_POSITION,0.015,150,0.7,1.25,10.0,,,,,,,,,,2025
2025-05-13,1,SKIP,ACTIVE_POSITION,0.015,150,0.7,1.25,10.0,,,,,,,,,,2025
2025-05-14,2,SKIP,ACTIVE_POSITION,0.015,150,0.7,1.25,10.0,,,,,,,,,,2025
2025-05-15,3,SKIP,ACTIVE_POSITION,0.015,150,0.7,1.25,10.0,,,,,,,,,,2025
2025-05-16,4,TRADE,EXECUTED,0.015,150,0.7,1.25,10.0,2025-05-22,2025-05-19,2025-05-22,75.0,36.199999999999996,34.199999999999996,-4687.500000000001,108.8579255,-4796.357925500001,2025
2025-05-19,0,SKIP,ACTIVE_POSITION,0.015,150,0.7,1.25,10.0,,,,,,,,,,2025
2025-05-20,1,SKIP,ACTIVE_POSITION,0.015,150,0.7,1.25,10.0,,,,,,,,,,2025
2025-05-21,2,SKIP,ACTIVE_POSITION,0.015,150,0.7,1.25,10.0,,,,,,,,,,2025
2025-05-22,3,SKIP,ACTIVE_POSITION,0.015,150,0.7,1.25,10.0,,,,,,,,,,2025
2025-05-23,4,TRADE,EXECUTED,0.015,150,0.7,1.25,10.0,2025-05-29,2025-05-26,2025-05-29,75.0,56.4,54.4,3918.75,111.808923575,3806.941076425,2025
2025-05-26,0,SKIP,ACTIVE_POSITION,0.015,150,0.7,1.25,10.0,,,,,,,,,,2025
2025-05-27,1,SKIP,ACTIVE_POSITION,0.015,150,0.7,1.25,10.0,,,,,,,,,,2025
2025-05-28,2,SKIP,ACTIVE_POSITION,0.015,150,0.7,1.25,10.0,,,,,,,,,,2025
2025-05-29,3,SKIP,ACTIVE_POSITION,0.015,150,0.7,1.25,10.0,,,,,,,,,,2025
2025-05-30,4,TRADE,EXECUTED,0.015,150,0.7,1.25,10.0,2025-06-05,2025-06-02,2025-06-05,75.0,60.24999999999999,58.24999999999999,4215.0,113.37773465,4101.62226535,2025
2025-06-02,0,SKIP,ACTIVE_POSITION,0.015,150,0.7,1.25,10.0,,,,,,,,,,2025
2025-06-03,1,SKIP,ACTIVE_POSITION,0.015,150,0.7,1.25,10.0,,,,,,,,,,2025
2025-06-04,2,SKIP,ACTIVE_POSITION,0.015,150,0.7,1.25,10.0,,,,,,,,,,2025
2025-06-05,3,SKIP,ACTIVE_POSITION,0.015,150,0.7,1.25,10.0,,,,,,,,,,2025
2025-06-06,4,TRADE,EXECUTED,0.015,150,0.7,1.25,10.0,2025-06-12,2025-06-09,2025-06-12,75.0,23.999999999999993,21.999999999999993,1496.2499999999993,100.591898225,1395.6581017749993,2025
2025-06-09,0,SKIP,ACTIVE_POSITION,0.015,150,0.7,1.25,10.0,,,,,,,,,,2025
2025-06-10,1,SKIP,ACTIVE_POSITION,0.015,150,0.7,1.25,10.0,,,,,,,,,,2025
2025-06-11,2,SKIP,ACTIVE_POSITION,0.015,150,0.7,1.25,10.0,,,,,,,,,,2025
2025-06-12,3,SKIP,ACTIVE_POSITION,0.015,150,0.7,1.25,10.0,,,,,,,,,,2025
2025-06-13,4,TRADE,EXECUTED,0.015,150,0.7,1.25,10.0,2025-06-19,2025-06-16,2025-06-18,75.0,46.05,44.05,2358.75,107.825746025,2250.924253975,2025
2025-06-16,0,SKIP,ACTIVE_POSITION,0.015,150,0.7,1.25,10.0,,,,,,,,,,2025
2025-06-17,1,SKIP,ACTIVE_POSITION,0.015,150,0.7,1.25,10.0,,,,,,,,,,2025
2025-06-18,2,SKIP,ACTIVE_POSITION,0.015,150,0.7,1.25,10.0,,,,,,,,,,2025
2025-06-19,3,TRADE,EXECUTED,0.015,150,0.7,1.25,10.0,2025-06-26,2025-06-20,2025-06-26,75.0,62.1,60.1,-6896.250000000001,144.941105525,-7041.191105525001,2025
2025-06-20,4,SKIP,ACTIVE_POSITION,0.015,150,0.7,1.25,10.0,,,,,,,,,,2025
2025-06-23,0,SKIP,ACTIVE_POSITION,0.015,150,0.7,1.25,10.0,,,,,,,,,,2025
2025-06-24,1,SKIP,ACTIVE_POSITION,0.015,150,0.7,1.25,10.0,,,,,,,,,,2025
2025-06-25,2,SKIP,ACTIVE_POSITION,0.015,150,0.7,1.25,10.0,,,,,,,,,,2025
2025-06-26,3,SKIP,ACTIVE_POSITION,0.015,150,0.7,1.25,10.0,,,,,,,,,,2025
2025-06-27,4,TRADE,EXECUTED,0.015,150,0.7,1.25,10.0,2025-07-03,2025-06-30,2025-07-03,75.0,32.65,30.65,2133.75,102.65723592500001,2031.092764075,2025
2025-06-30,0,SKIP,ACTIVE_POSITION,0.015,150,0.7,1.25,10.0,,,,,,,,,,2025
2025-07-01,1,SKIP,ACTIVE_POSITION,0.015,150,0.7,1.25,10.0,,,,,,,,,,2025
2025-07-02,2,SKIP,ACTIVE_POSITION,0.015,150,0.7,1.25,10.0,,,,,,,,,,2025
2025-07-03,3,SKIP,ACTIVE_POSITION,0.015,150,0.7,1.25,10.0,,,,,,,,,,2025
2025-07-04,4,TRADE,EXECUTED,0.015,150,0.7,1.25,10.0,2025-07-10,2025-07-07,2025-07-10,75.0,16.950000000000003,14.950000000000003,967.5000000000001,98.85457385000001,868.64542615,2025
2025-07-07,0,SKIP,ACTIVE_POSITION,0.015,150,0.7,1.25,10.0,,,,,,,,,,2025
2025-07-08,1,SKIP,ACTIVE_POSITION,0.015,150,0.7,1.25,10.0,,,,,,,,,,2025
2025-07-09,2,SKIP,ACTIVE_POSITION,0.015,150,0.7,1.25,10.0,,,,,,,,,,2025
2025-07-10,3,SKIP,ACTIVE_POSITION,0.015,150,0.7,1.25,10.0,,,,,,,,,,2025
2025-07-11,4,TRADE,EXECUTED,0.015,150,0.7,1.25,10.0,2025-07-17,2025-07-14,2025-07-17,75.0,13.500000000000004,11.500000000000004,712.5000000000002,97.8737303,614.6262697000002,2025
2025-07-14,0,SKIP,ACTIVE_POSITION,0.015,150,0.7,1.25,10.0,,,,,,,,,,2025
2025-07-15,1,SKIP,ACTIVE_POSITION,0.015,150,0.7,1.25,10.0,,,,,,,,,,2025
2025-07-16,2,SKIP,ACTIVE_POSITION,0.015,150,0.7,1.25,10.0,,,,,,,,,,2025
2025-07-17,3,SKIP,ACTIVE_POSITION,0.015,150,0.7,1.25,10.0,,,,,,,,,,2025
2025-07-18,4,SKIP,CREDIT_GATE,0.015,150,0.7,1.25,10.0,,,,,,,,,,2025
2025-07-21,0,SKIP,CREDIT_GATE,0.015,150,0.7,1.25,10.0,,,,,,,,,,2025
2025-07-22,1,SKIP,CREDIT_GATE,0.015,150,0.7,1.25,10.0,,,,,,,,,,2025
2025-07-23,2,SKIP,ENTRY_ON_EXPIRY_EXCLUDED,0.015,150,0.7,1.25,10.0,,,,,,,,,,2025
2025-07-24,3,TRADE,EXECUTED,0.015,150,0.7,1.25,10.0,2025-07-31,2025-07-25,2025-07-31,75.0,32.99999999999999,30.999999999999993,2144.9999999999995,103.09127645,2041.9087235499996,2025
2025-07-25,4,SKIP,ACTIVE_POSITION,0.015,150,0.7,1.25,10.0,,,,,,,,,,2025
2025-07-28,0,SKIP,ACTIVE_POSITION,0.015,150,0.7,1.25,10.0,,,,,,,,,,2025
2025-07-29,1,SKIP,ACTIVE_POSITION,0.015,150,0.7,1.25,10.0,,,,,,,,,,2025
2025-07-30,2,SKIP,ACTIVE_POSITION,0.015,150,0.7,1.25,10.0,,,,,,,,,,2025
2025-07-31,3,SKIP,ACTIVE_POSITION,0.015,150,0.7,1.25,10.0,,,,,,,,,,2025
2025-08-01,4,TRADE,EXECUTED,0.015,150,0.7,1.25,10.0,2025-08-07,2025-08-04,2025-08-07,75.0,23.25,21.25,1443.75,99.82773762500001,1343.922262375,2025
2025-08-04,0,SKIP,ACTIVE_POSITION,0.015,150,0.7,1.25,10.0,,,,,,,,,,2025
2025-08-05,1,SKIP,ACTIVE_POSITION,0.015,150,0.7,1.25,10.0,,,,,,,,,,2025
2025-08-06,2,SKIP,ACTIVE_POSITION,0.015,150,0.7,1.25,10.0,,,,,,,,,,2025
2025-08-07,3,SKIP,ACTIVE_POSITION,0.015,150,0.7,1.25,10.0,,,,,,,,,,2025
2025-08-08,4,TRADE,EXECUTED,0.015,150,0.7,1.25,10.0,2025-08-14,2025-08-11,2025-08-14,75.0,16.95,14.95,967.4999999999999,98.29009699999999,869.2099029999999,2025
2025-08-11,0,SKIP,ACTIVE_POSITION,0.015,150,0.7,1.25,10.0,,,,,,,,,,2025
2025-08-12,1,SKIP,ACTIVE_POSITION,0.015,150,0.7,1.25,10.0,,,,,,,,,,2025
2025-08-13,2,SKIP,ACTIVE_POSITION,0.015,150,0.7,1.25,10.0,,,,,,,,,,2025
2025-08-14,3,SKIP,ACTIVE_POSITION,0.015,150,0.7,1.25,10.0,,,,,,,,,,2025
2025-08-18,0,SKIP,CREDIT_GATE,0.015,150,0.7,1.25,10.0,,,,,,,,,,2025
2025-08-19,1,SKIP,CREDIT_GATE,0.015,150,0.7,1.25,10.0,,,,,,,,,,2025
2025-08-20,2,SKIP,ENTRY_ON_EXPIRY_EXCLUDED,0.015,150,0.7,1.25,10.0,,,,,,,,,,2025
2025-08-21,3,TRADE,EXECUTED,0.015,150,0.7,1.25,10.0,2025-08-28,2025-08-22,2025-08-28,75.0,25.1,23.1,-9622.5,113.23817269999999,-9735.7381727,2025
2025-08-22,4,SKIP,ACTIVE_POSITION,0.015,150,0.7,1.25,10.0,,,,,,,,,,2025
2025-08-25,0,SKIP,ACTIVE_POSITION,0.015,150,0.7,1.25,10.0,,,,,,,,,,2025
2025-08-26,1,SKIP,ACTIVE_POSITION,0.015,150,0.7,1.25,10.0,,,,,,,,,,2025
2025-08-28,3,SKIP,ACTIVE_POSITION,0.015,150,0.7,1.25,10.0,,,,,,,,,,2025
2025-08-29,4,SKIP,CREDIT_GATE,0.015,150,0.7,1.25,10.0,,,,,,,,,,2025
2025-09-01,0,SKIP,ENTRY_ON_EXPIRY_EXCLUDED,0.015,150,0.7,1.25,10.0,,,,,,,,,,2025
2025-09-02,1,TRADE,EXECUTED,0.015,150,0.7,1.25,10.0,2025-09-09,2025-09-03,2025-09-09,75.0,14.949999999999996,12.949999999999996,821.2499999999997,98.19477477500001,723.0552252249996,2025
2025-09-03,2,SKIP,ACTIVE_POSITION,0.015,150,0.7,1.25,10.0,,,,,,,,,,2025
2025-09-04,3,SKIP,ACTIVE_POSITION,0.015,150,0.7,1.25,10.0,,,,,,,,,,2025
2025-09-05,4,SKIP,ACTIVE_POSITION,0.015,150,0.7,1.25,10.0,,,,,,,,,,2025
2025-09-08,0,SKIP,ACTIVE_POSITION,0.015,150,0.7,1.25,10.0,,,,,,,,,,2025
2025-09-09,1,SKIP,ACTIVE_POSITION,0.015,150,0.7,1.25,10.0,,,,,,,,,,2025
2025-09-10,2,SKIP,CREDIT_GATE,0.015,150,0.7,1.25,10.0,,,,,,,,,,2025
2025-09-11,3,SKIP,CREDIT_GATE,0.015,150,0.7,1.25,10.0,,,,,,,,,,2025
2025-09-12,4,SKIP,CREDIT_GATE,0.015,150,0.7,1.25,10.0,,,,,,,,,,2025
2025-09-15,0,SKIP,ENTRY_ON_EXPIRY_EXCLUDED,0.015,150,0.7,1.25,10.0,,,,,,,,,,2025
2025-09-16,1,TRADE,EXECUTED,0.015,150,0.7,1.25,10.0,2025-09-23,2025-09-17,2025-09-23,75.0,12.549999999999997,10.549999999999997,641.2499999999998,97.821751925,543.4282480749998,2025
2025-09-17,2,SKIP,ACTIVE_POSITION,0.015,150,0.7,1.25,10.0,,,,,,,,,,2025
2025-09-18,3,SKIP,ACTIVE_POSITION,0.015,150,0.7,1.25,10.0,,,,,,,,,,2025
2025-09-19,4,SKIP,ACTIVE_POSITION,0.015,150,0.7,1.25,10.0,,,,,,,,,,2025
2025-09-22,0,SKIP,ACTIVE_POSITION,0.015,150,0.7,1.25,10.0,,,,,,,,,,2025
2025-09-23,1,SKIP,ACTIVE_POSITION,0.015,150,0.7,1.25,10.0,,,,,,,,,,2025
2025-09-24,2,TRADE,EXECUTED,0.015,150,0.7,1.25,10.0,2025-09-30,2025-09-25,2025-09-26,75.0,13.599999999999998,11.599999999999998,-3390.0,105.6961586,-3495.6961586,2025
2025-09-25,3,SKIP,ACTIVE_POSITION,0.015,150,0.7,1.25,10.0,,,,,,,,,,2025
2025-09-26,4,SKIP,ACTIVE_POSITION,0.015,150,0.7,1.25,10.0,,,,,,,,,,2025
2025-09-29,0,SKIP,ENTRY_ON_EXPIRY_EXCLUDED,0.015,150,0.7,1.25,10.0,,,,,,,,,,2025
2025-09-30,1,TRADE,EXECUTED,0.015,150,0.7,1.25,10.0,2025-10-07,2025-10-01,2025-10-06,75.0,28.950000000000003,26.950000000000003,-5073.75,106.84823997500001,-5180.598239975,2025
2025-10-01,2,SKIP,ACTIVE_POSITION,0.015,150,0.7,1.25,10.0,,,,,,,,,,2025
2025-10-03,4,SKIP,ACTIVE_POSITION,0.015,150,0.7,1.25,10.0,,,,,,,,,,2025
2025-10-06,0,SKIP,ACTIVE_POSITION,0.015,150,0.7,1.25,10.0,,,,,,,,,,2025
2025-10-07,1,TRADE,EXECUTED,0.015,150,0.7,1.25,10.0,2025-10-14,2025-10-08,2025-10-13,75.0,14.65,12.65,667.5,98.6602919,568.8397081,2025
2025-10-08,2,SKIP,ACTIVE_POSITION,0.015,150,0.7,1.25,10.0,,,,,,,,,,2025
2025-10-09,3,SKIP,ACTIVE_POSITION,0.015,150,0.7,1.25,10.0,,,,,,,,,,2025
2025-10-10,4,SKIP,ACTIVE_POSITION,0.015,150,0.7,1.25,10.0,,,,,,,,,,2025
2025-10-13,0,SKIP,ACTIVE_POSITION,0.015,150,0.7,1.25,10.0,,,,,,,,,,2025
2025-10-14,1,TRADE,EXECUTED,0.015,150,0.7,1.25,10.0,2025-10-20,2025-10-15,2025-10-16,75.0,19.300000000000004,17.300000000000004,-3558.749999999999,106.04289912499999,-3664.792899124999,2025
2025-10-15,2,SKIP,ACTIVE_POSITION,0.015,150,0.7,1.25,10.0,,,,,,,,,,2025
2025-10-16,3,SKIP,ACTIVE_POSITION,0.015,150,0.7,1.25,10.0,,,,,,,,,,2025
2025-10-17,4,SKIP,ENTRY_ON_EXPIRY_EXCLUDED,0.015,150,0.7,1.25,10.0,,,,,,,,,,2025
2025-10-20,0,SKIP,NO_ELIGIBLE_EXPIRY,0.015,150,0.7,1.25,10.0,,,,,,,,,,2025
2025-10-21,1,TRADE,EXECUTED,0.015,150,0.7,1.25,10.0,2025-10-28,2025-10-23,2025-10-28,75.0,15.5,13.5,858.75,98.505653975,760.244346025,2025
2025-10-23,3,SKIP,ACTIVE_POSITION,0.015,150,0.7,1.25,10.0,,,,,,,,,,2025
2025-10-24,4,SKIP,ACTIVE_POSITION,0.015,150,0.7,1.25,10.0,,,,,,,,,,2025
2025-10-27,0,SKIP,ACTIVE_POSITION,0.015,150,0.7,1.25,10.0,,,,,,,,,,2025
2025-10-28,1,SKIP,ACTIVE_POSITION,0.015,150,0.7,1.25,10.0,,,,,,,,,,2025
2025-10-29,2,TRADE,EXECUTED,0.015,150,0.7,1.25,10.0,2025-11-04,2025-10-30,2025-11-04,75.0,38.0,36.0,-8666.249999999998,115.057395275,-8781.307395274998,2025
2025-10-30,3,SKIP,ACTIVE_POSITION,0.015,150,0.7,1.25,10.0,,,,,,,,,,2025
2025-10-31,4,SKIP,ACTIVE_POSITION,0.015,150,0.7,1.25,10.0,,,,,,,,,,2025
2025-11-03,0,SKIP,ACTIVE_POSITION,0.015,150,0.7,1.25,10.0,,,,,,,,,,2025
2025-11-04,1,SKIP,ACTIVE_POSITION,0.015,150,0.7,1.25,10.0,,,,,,,,,,2025
2025-11-06,3,SKIP,CREDIT_GATE,0.015,150,0.7,1.25,10.0,,,,,,,,,,2025
2025-11-07,4,SKIP,CREDIT_GATE,0.015,150,0.7,1.25,10.0,,,,,,,,,,2025
2025-11-10,0,SKIP,ENTRY_ON_EXPIRY_EXCLUDED,0.015,150,0.7,1.25,10.0,,,,,,,,,,2025
2025-11-11,1,TRADE,EXECUTED,0.015,150,0.7,1.25,10.0,2025-11-18,2025-11-12,2025-11-18,75.0,27.900000000000002,25.900000000000002,1785.0,101.30687209999999,1683.6931279,2025
2025-11-12,2,SKIP,ACTIVE_POSITION,0.015,150,0.7,1.25,10.0,,,,,,,,,,2025
2025-11-13,3,SKIP,ACTIVE_POSITION,0.015,150,0.7,1.25,10.0,,,,,,,,,,2025
2025-11-14,4,SKIP,ACTIVE_POSITION,0.015,150,0.7,1.25,10.0,,,,,,,,,,2025
2025-11-17,0,SKIP,ACTIVE_POSITION,0.015,150,0.7,1.25,10.0,,,,,,,,,,2025
2025-11-18,1,SKIP,ACTIVE_POSITION,0.015,150,0.7,1.25,10.0,,,,,,,,,,2025
2025-11-19,2,TRADE,EXECUTED,0.015,150,0.7,1.25,10.0,2025-11-25,2025-11-20,2025-11-24,75.0,19.799999999999997,17.799999999999997,986.2499999999998,99.59888127500002,886.6511187249997,2025
2025-11-20,3,SKIP,ACTIVE_POSITION,0.015,150,0.7,1.25,10.0,,,,,,,,,,2025
2025-11-21,4,SKIP,ACTIVE_POSITION,0.015,150,0.7,1.25,10.0,,,,,,,,,,2025
2025-11-24,0,SKIP,ACTIVE_POSITION,0.015,150,0.7,1.25,10.0,,,,,,,,,,2025
2025-11-25,1,TRADE,EXECUTED,0.015,150,0.7,1.25,10.0,2025-12-02,2025-11-26,2025-12-02,75.0,53.35000000000001,51.35000000000001,3697.500000000001,107.2101935,3590.289806500001,2025
2025-11-26,2,SKIP,ACTIVE_POSITION,0.015,150,0.7,1.25,10.0,,,,,,,,,,2025
2025-11-27,3,SKIP,ACTIVE_POSITION,0.015,150,0.7,1.25,10.0,,,,,,,,,,2025
2025-11-28,4,SKIP,ACTIVE_POSITION,0.015,150,0.7,1.25,10.0,,,,,,,,,,2025
2025-12-01,0,SKIP,ACTIVE_POSITION,0.015,150,0.7,1.25,10.0,,,,,,,,,,2025
2025-12-02,1,SKIP,ACTIVE_POSITION,0.015,150,0.7,1.25,10.0,,,,,,,,,,2025
2025-12-03,2,SKIP,CREDIT_GATE,0.015,150,0.7,1.25,10.0,,,,,,,,,,2025
2025-12-04,3,SKIP,CREDIT_GATE,0.015,150,0.7,1.25,10.0,,,,,,,,,,2025
2025-12-05,4,TRADE,EXECUTED,0.015,150,0.7,1.25,10.0,2025-12-09,2025-12-08,2025-12-09,75.0,30.099999999999998,28.099999999999998,-2501.2500000000005,100.98767547499999,-2602.2376754750003,2025
2025-12-08,0,SKIP,ACTIVE_POSITION,0.015,150,0.7,1.25,10.0,,,,,,,,,,2025
2025-12-09,1,SKIP,ACTIVE_POSITION,0.015,150,0.7,1.25,10.0,,,,,,,,,,2025
2025-12-10,2,SKIP,CREDIT_GATE,0.015,150,0.7,1.25,10.0,,,,,,,,,,2025
2025-12-11,3,SKIP,CREDIT_GATE,0.015,150,0.7,1.25,10.0,,,,,,,,,,2025
2025-12-12,4,SKIP,CREDIT_GATE,0.015,150,0.7,1.25,10.0,,,,,,,,,,2025
2025-12-15,0,SKIP,ENTRY_ON_EXPIRY_EXCLUDED,0.015,150,0.7,1.25,10.0,,,,,,,,,,2025
2025-12-16,1,TRADE,EXECUTED,0.015,150,0.7,1.25,10.0,2025-12-23,2025-12-17,2025-12-23,75.0,16.750000000000004,14.750000000000004,952.5000000000002,98.4082613,854.0917387000002,2025
2025-12-17,2,SKIP,ACTIVE_POSITION,0.015,150,0.7,1.25,10.0,,,,,,,,,,2025
2025-12-18,3,SKIP,ACTIVE_POSITION,0.015,150,0.7,1.25,10.0,,,,,,,,,,2025
2025-12-19,4,SKIP,ACTIVE_POSITION,0.015,150,0.7,1.25,10.0,,,,,,,,,,2025
2025-12-22,0,SKIP,ACTIVE_POSITION,0.015,150,0.7,1.25,10.0,,,,,,,,,,2025
2025-12-23,1,SKIP,ACTIVE_POSITION,0.015,150,0.7,1.25,10.0,,,,,,,,,,2025
2025-12-24,2,SKIP,CREDIT_GATE,0.015,150,0.7,1.25,10.0,,,,,,,,,,2025
2025-12-26,4,SKIP,CREDIT_GATE,0.015,150,0.7,1.25,10.0,,,,,,,,,,2025
2025-12-29,0,SKIP,ENTRY_ON_EXPIRY_EXCLUDED,0.015,150,0.7,1.25,10.0,,,,,,,,,,2025
2025-12-30,1,SKIP,CROSSES_TEST_WINDOW,0.015,150,0.7,1.25,10.0,,,,,,,,,,2025
2025-12-31,2,SKIP,NO_NEXT_SESSION_ENTRY,0.015,150,0.7,1.25,10.0,,,,,,,,,,2025
2026-01-01,3,SKIP,CREDIT_GATE,0.0125,150,0.7,1.25,10.0,,,,,,,,,,2026-YTD
2026-01-02,4,SKIP,CREDIT_GATE,0.0125,150,0.7,1.25,10.0,,,,,,,,,,2026-YTD
2026-01-05,0,SKIP,ENTRY_ON_EXPIRY_EXCLUDED,0.0125,150,0.7,1.25,10.0,,,,,,,,,,2026-YTD
2026-01-06,1,TRADE,EXECUTED,0.0125,150,0.7,1.25,10.0,2026-01-13,2026-01-07,2026-01-08,65.0,18.4,16.4,-3035.5000000000005,105.80362587,-3141.3036258700004,2026-YTD
2026-01-07,2,SKIP,ACTIVE_POSITION,0.0125,150,0.7,1.25,10.0,,,,,,,,,,2026-YTD
2026-01-08,3,SKIP,ACTIVE_POSITION,0.0125,150,0.7,1.25,10.0,,,,,,,,,,2026-YTD
2026-01-09,4,SKIP,CREDIT_GATE,0.0125,150,0.7,1.25,10.0,,,,,,,,,,2026-YTD
2026-01-12,0,SKIP,ENTRY_ON_EXPIRY_EXCLUDED,0.0125,150,0.7,1.25,10.0,,,,,,,,,,2026-YTD
2026-01-13,1,TRADE,EXECUTED,0.0125,150,0.7,1.25,10.0,2026-01-20,2026-01-14,2026-01-20,65.0,28.200000000000003,26.200000000000003,-8261.499999999998,108.05847418,-8369.558474179998,2026-YTD
2026-01-14,2,SKIP,ACTIVE_POSITION,0.0125,150,0.7,1.25,10.0,,,,,,,,,,2026-YTD
2026-01-16,4,SKIP,ACTIVE_POSITION,0.0125,150,0.7,1.25,10.0,,,,,,,,,,2026-YTD
2026-01-19,0,SKIP,ACTIVE_POSITION,0.0125,150,0.7,1.25,10.0,,,,,,,,,,2026-YTD
2026-01-20,1,SKIP,ACTIVE_POSITION,0.0125,150,0.7,1.25,10.0,,,,,,,,,,2026-YTD
2026-01-21,2,TRADE,EXECUTED,0.0125,150,0.7,1.25,10.0,2026-01-27,2026-01-22,2026-01-27,65.0,38.55,36.55,2239.2499999999995,102.023245955,2137.2267540449993,2026-YTD
2026-01-22,3,SKIP,ACTIVE_POSITION,0.0125,150,0.7,1.25,10.0,,,,,,,,,,2026-YTD
2026-01-23,4,SKIP,ACTIVE_POSITION,0.0125,150,0.7,1.25,10.0,,,,,,,,,,2026-YTD
2026-01-27,1,SKIP,ACTIVE_POSITION,0.0125,150,0.7,1.25,10.0,,,,,,,,,,2026-YTD
2026-01-28,2,TRADE,EXECUTED,0.0125,150,0.7,1.25,10.0,2026-02-03,2026-01-29,2026-02-03,65.0,49.749999999999986,47.749999999999986,2853.499999999999,109.10068677999998,2744.399313219999,2026-YTD
2026-01-29,3,SKIP,ACTIVE_POSITION,0.0125,150,0.7,1.25,10.0,,,,,,,,,,2026-YTD
2026-01-30,4,SKIP,ACTIVE_POSITION,0.0125,150,0.7,1.25,10.0,,,,,,,,,,2026-YTD
2026-02-02,0,SKIP,ACTIVE_POSITION,0.0125,150,0.7,1.25,10.0,,,,,,,,,,2026-YTD
2026-02-03,1,SKIP,ACTIVE_POSITION,0.0125,150,0.7,1.25,10.0,,,,,,,,,,2026-YTD
2026-02-04,2,TRADE,EXECUTED,0.0125,150,0.7,1.25,10.0,2026-02-10,2026-02-05,2026-02-09,65.0,36.75000000000001,34.75000000000001,1709.5000000000005,105.73136056000001,1603.7686394400005,2026-YTD
2026-02-05,3,SKIP,ACTIVE_POSITION,0.0125,150,0.7,1.25,10.0,,,,,,,,,,2026-YTD
2026-02-06,4,SKIP,ACTIVE_POSITION,0.0125,150,0.7,1.25,10.0,,,,,,,,,,2026-YTD
2026-02-09,0,SKIP,ACTIVE_POSITION,0.0125,150,0.7,1.25,10.0,,,,,,,,,,2026-YTD
2026-02-10,1,TRADE,EXECUTED,0.0125,150,0.7,1.25,10.0,2026-02-17,2026-02-11,2026-02-13,65.0,19.85,17.85,-4923.75,116.93998610499999,-5040.689986105,2026-YTD
2026-02-11,2,SKIP,ACTIVE_POSITION,0.0125,150,0.7,1.25,10.0,,,,,,,,,,2026-YTD
2026-02-12,3,SKIP,ACTIVE_POSITION,0.0125,150,0.7,1.25,10.0,,,,,,,,,,2026-YTD
2026-02-13,4,SKIP,ACTIVE_POSITION,0.0125,150,0.7,1.25,10.0,,,,,,,,,,2026-YTD
2026-02-16,0,SKIP,ENTRY_ON_EXPIRY_EXCLUDED,0.0125,150,0.7,1.25,10.0,,,,,,,,,,2026-YTD
2026-02-17,1,TRADE,EXECUTED,0.0125,150,0.7,1.25,10.0,2026-02-24,2026-02-18,2026-02-24,65.0,28.7,26.7,1410.5,101.67263940000001,1308.8273606,2026-YTD
2026-02-18,2,SKIP,ACTIVE_POSITION,0.0125,150,0.7,1.25,10.0,,,,,,,,,,2026-YTD
2026-02-19,3,SKIP,ACTIVE_POSITION,0.0125,150,0.7,1.25,10.0,,,,,,,,,,2026-YTD
2026-02-20,4,SKIP,ACTIVE_POSITION,0.0125,150,0.7,1.25,10.0,,,,,,,,,,2026-YTD
2026-02-23,0,SKIP,ACTIVE_POSITION,0.0125,150,0.7,1.25,10.0,,,,,,,,,,2026-YTD
2026-02-24,1,SKIP,ACTIVE_POSITION,0.0125,150,0.7,1.25,10.0,,,,,,,,,,2026-YTD
2026-02-25,2,TRADE,EXECUTED,0.0125,150,0.7,1.25,10.0,2026-03-02,2026-02-26,2026-02-27,65.0,27.150000000000002,25.150000000000002,-2752.7499999999995,113.27593883499998,-2866.0259388349996,2026-YTD
2026-02-26,3,SKIP,ACTIVE_POSITION,0.0125,150,0.7,1.25,10.0,,,,,,,,,,2026-YTD
2026-02-27,4,SKIP,ACTIVE_POSITION,0.0125,150,0.7,1.25,10.0,,,,,,,,,,2026-YTD
2026-03-02,0,SKIP,NO_ELIGIBLE_EXPIRY,0.0125,150,0.7,1.25,10.0,,,,,,,,,,2026-YTD
2026-03-04,2,TRADE,EXECUTED,0.0125,150,0.7,1.25,10.0,2026-03-10,2026-03-05,2026-03-10,65.0,76.90000000000002,74.90000000000002,4280.250000000002,119.513509395,4160.736490605002,2026-YTD
2026-03-05,3,SKIP,ACTIVE_POSITION,0.0125,150,0.7,1.25,10.0,,,,,,,,,,2026-YTD
2026-03-06,4,SKIP,ACTIVE_POSITION,0.0125,150,0.7,1.25,10.0,,,,,,,,,,2026-YTD
2026-03-09,0,SKIP,ACTIVE_POSITION,0.0125,150,0.7,1.25,10.0,,,,,,,,,,2026-YTD
2026-03-10,1,SKIP,ACTIVE_POSITION,0.0125,150,0.7,1.25,10.0,,,,,,,,,,2026-YTD
2026-03-11,2,TRADE,EXECUTED,0.0125,150,0.7,1.25,10.0,2026-03-17,2026-03-12,2026-03-17,65.0,73.44999999999997,71.44999999999997,3607.499999999998,125.83992215,3481.6600778499983,2026-YTD
2026-03-12,3,SKIP,ACTIVE_POSITION,0.0125,150,0.7,1.25,10.0,,,,,,,,,,2026-YTD
2026-03-13,4,SKIP,ACTIVE_POSITION,0.0125,150,0.7,1.25,10.0,,,,,,,,,,2026-YTD
2026-03-16,0,SKIP,ACTIVE_POSITION,0.0125,150,0.7,1.25,10.0,,,,,,,,,,2026-YTD
2026-03-17,1,SKIP,ACTIVE_POSITION,0.0125,150,0.7,1.25,10.0,,,,,,,,,,2026-YTD
2026-03-18,2,TRADE,EXECUTED,0.0125,150,0.7,1.25,10.0,2026-03-24,2026-03-19,2026-03-24,65.0,100.45,98.45,-3649.7500000000014,206.866476395,-3856.6164763950014,2026-YTD
2026-03-19,3,SKIP,ACTIVE_POSITION,0.0125,150,0.7,1.25,10.0,,,,,,,,,,2026-YTD
2026-03-20,4,SKIP,ACTIVE_POSITION,0.0125,150,0.7,1.25,10.0,,,,,,,,,,2026-YTD
2026-03-23,0,SKIP,ACTIVE_POSITION,0.0125,150,0.7,1.25,10.0,,,,,,,,,,2026-YTD
2026-03-24,1,SKIP,ACTIVE_POSITION,0.0125,150,0.7,1.25,10.0,,,,,,,,,,2026-YTD
2026-03-25,2,TRADE,EXECUTED,0.0125,150,0.7,1.25,10.0,2026-03-30,2026-03-27,2026-03-30,65.0,91.20000000000003,89.20000000000003,-4949.749999999997,199.51382368499998,-5149.263823684997,2026-YTD
2026-03-27,4,SKIP,ACTIVE_POSITION,0.0125,150,0.7,1.25,10.0,,,,,,,,,,2026-YTD
2026-03-30,0,SKIP,ACTIVE_POSITION,0.0125,150,0.7,1.25,10.0,,,,,,,,,,2026-YTD
2026-04-01,2,TRADE,EXECUTED,0.0125,150,0.7,1.25,10.0,2026-04-07,2026-04-02,2026-04-07,65.0,82.44999999999999,80.44999999999999,3727.7499999999995,129.19892305500002,3598.5510769449993,2026-YTD
2026-04-02,3,SKIP,ACTIVE_POSITION,0.0125,150,0.7,1.25,10.0,,,,,,,,,,2026-YTD
2026-04-06,0,SKIP,ACTIVE_POSITION,0.0125,150,0.7,1.25,10.0,,,,,,,,,,2026-YTD
2026-04-07,1,SKIP,ACTIVE_POSITION,0.0125,150,0.7,1.25,10.0,,,,,,,,,,2026-YTD
2026-04-08,2,TRADE,EXECUTED,0.0125,150,0.7,1.25,10.0,2026-04-13,2026-04-09,2026-04-13,65.0,65.14999999999999,63.14999999999999,3955.2499999999995,116.14881962500002,3839.1011803749993,2026-YTD
2026-04-09,3,SKIP,ACTIVE_POSITION,0.0125,150,0.7,1.25,10.0,,,,,,,,,,2026-YTD
2026-04-10,4,SKIP,ACTIVE_POSITION,0.0125,150,0.7,1.25,10.0,,,,,,,,,,2026-YTD
2026-04-13,0,SKIP,ACTIVE_POSITION,0.0125,150,0.7,1.25,10.0,,,,,,,,,,2026-YTD
2026-04-15,2,TRADE,EXECUTED,0.0125,150,0.7,1.25,10.0,2026-04-21,2026-04-16,2026-04-21,65.0,56.650000000000006,54.650000000000006,1667.2500000000005,110.219482965,1557.0305170350005,2026-YTD
2026-04-16,3,SKIP,ACTIVE_POSITION,0.0125,150,0.7,1.25,10.0,,,,,,,,,,2026-YTD
2026-04-17,4,SKIP,ACTIVE_POSITION,0.0125,150,0.7,1.25,10.0,,,,,,,,,,2026-YTD
2026-04-20,0,SKIP,ACTIVE_POSITION,0.0125,150,0.7,1.25,10.0,,,,,,,,,,2026-YTD
2026-04-21,1,SKIP,ACTIVE_POSITION,0.0125,150,0.7,1.25,10.0,,,,,,,,,,2026-YTD
2026-04-22,2,TRADE,EXECUTED,0.0125,150,0.7,1.25,10.0,2026-04-28,2026-04-23,2026-04-28,65.0,62.34999999999998,60.34999999999998,549.2499999999987,114.35799721499998,434.8920027849988,2026-YTD
2026-04-23,3,SKIP,ACTIVE_POSITION,0.0125,150,0.7,1.25,10.0,,,,,,,,,,2026-YTD
2026-04-24,4,SKIP,ACTIVE_POSITION,0.0125,150,0.7,1.25,10.0,,,,,,,,,,2026-YTD
2026-04-27,0,SKIP,ACTIVE_POSITION,0.0125,150,0.7,1.25,10.0,,,,,,,,,,2026-YTD
2026-04-28,1,SKIP,ACTIVE_POSITION,0.0125,150,0.7,1.25,10.0,,,,,,,,,,2026-YTD
2026-04-29,2,TRADE,EXECUTED,0.0125,150,0.7,1.25,10.0,2026-05-05,2026-04-30,2026-05-05,65.0,56.10000000000001,54.10000000000001,3386.5000000000005,110.83891093,3275.6610890700003,2026-YTD
2026-04-30,3,SKIP,ACTIVE_POSITION,0.0125,150,0.7,1.25,10.0,,,,,,,,,,2026-YTD
2026-05-04,0,SKIP,ACTIVE_POSITION,0.0125,150,0.7,1.25,10.0,,,,,,,,,,2026-YTD
2026-05-05,1,SKIP,ACTIVE_POSITION,0.0125,150,0.7,1.25,10.0,,,,,,,,,,2026-YTD
2026-05-06,2,TRADE,EXECUTED,0.0125,150,0.7,1.25,10.0,2026-05-12,2026-05-07,2026-05-11,65.0,47.699999999999996,45.699999999999996,-4507.750000000002,127.064923915,-4634.814923915002,2026-YTD
2026-05-07,3,SKIP,ACTIVE_POSITION,0.0125,150,0.7,1.25,10.0,,,,,,,,,,2026-YTD
2026-05-08,4,SKIP,ACTIVE_POSITION,0.0125,150,0.7,1.25,10.0,,,,,,,,,,2026-YTD
2026-05-11,0,SKIP,ACTIVE_POSITION,0.0125,150,0.7,1.25,10.0,,,,,,,,,,2026-YTD
2026-05-12,1,TRADE,EXECUTED,0.0125,150,0.7,1.25,10.0,2026-05-19,2026-05-13,2026-05-19,65.0,67.15,65.15,4104.75,116.09449405500001,3988.655505945,2026-YTD
2026-05-13,2,SKIP,ACTIVE_POSITION,0.0125,150,0.7,1.25,10.0,,,,,,,,,,2026-YTD
2026-05-14,3,SKIP,ACTIVE_POSITION,0.0125,150,0.7,1.25,10.0,,,,,,,,,,2026-YTD
2026-05-15,4,SKIP,ACTIVE_POSITION,0.0125,150,0.7,1.25,10.0,,,,,,,,,,2026-YTD
2026-05-18,0,SKIP,ACTIVE_POSITION,0.0125,150,0.7,1.25,10.0,,,,,,,,,,2026-YTD
2026-05-19,1,SKIP,ACTIVE_POSITION,0.0125,150,0.7,1.25,10.0,,,,,,,,,,2026-YTD
2026-05-20,2,TRADE,EXECUTED,0.0125,150,0.7,1.25,10.0,2026-05-26,2026-05-21,2026-05-26,65.0,51.000000000000014,49.000000000000014,3048.500000000001,106.78543344999999,2941.714566550001,2026-YTD
2026-05-21,3,SKIP,ACTIVE_POSITION,0.0125,150,0.7,1.25,10.0,,,,,,,,,,2026-YTD
2026-05-22,4,SKIP,ACTIVE_POSITION,0.0125,150,0.7,1.25,10.0,,,,,,,,,,2026-YTD
2026-05-25,0,SKIP,ACTIVE_POSITION,0.0125,150,0.7,1.25,10.0,,,,,,,,,,2026-YTD
2026-05-26,1,SKIP,ACTIVE_POSITION,0.0125,150,0.7,1.25,10.0,,,,,,,,,,2026-YTD
2026-05-27,2,TRADE,EXECUTED,0.0125,150,0.7,1.25,10.0,2026-06-02,2026-05-29,2026-06-02,65.0,57.20000000000001,55.20000000000001,-6649.499999999997,115.23630471,-6764.736304709997,2026-YTD
2026-05-29,4,SKIP,ACTIVE_POSITION,0.0125,150,0.7,1.25,10.0,,,,,,,,,,2026-YTD
2026-06-01,0,SKIP,ACTIVE_POSITION,0.0125,150,0.7,1.25,10.0,,,,,,,,,,2026-YTD
2026-06-02,1,SKIP,ACTIVE_POSITION,0.0125,150,0.7,1.25,10.0,,,,,,,,,,2026-YTD
2026-06-03,2,TRADE,EXECUTED,0.0125,150,0.7,1.25,10.0,2026-06-09,2026-06-04,2026-06-09,65.0,42.69999999999999,40.69999999999999,2502.499999999999,104.86575386999999,2397.634246129999,2026-YTD
2026-06-04,3,SKIP,ACTIVE_POSITION,0.0125,150,0.7,1.25,10.0,,,,,,,,,,2026-YTD
2026-06-05,4,SKIP,ACTIVE_POSITION,0.0125,150,0.7,1.25,10.0,,,,,,,,,,2026-YTD
2026-06-08,0,SKIP,ACTIVE_POSITION,0.0125,150,0.7,1.25,10.0,,,,,,,,,,2026-YTD
2026-06-09,1,SKIP,ACTIVE_POSITION,0.0125,150,0.7,1.25,10.0,,,,,,,,,,2026-YTD
2026-06-10,2,TRADE,EXECUTED,0.0125,150,0.7,1.25,10.0,2026-06-16,2026-06-11,2026-06-15,65.0,42.5,40.5,-6240.0,131.52459309,-6371.52459309,2026-YTD
2026-06-11,3,SKIP,ACTIVE_POSITION,0.0125,150,0.7,1.25,10.0,,,,,,,,,,2026-YTD
2026-06-12,4,SKIP,ACTIVE_POSITION,0.0125,150,0.7,1.25,10.0,,,,,,,,,,2026-YTD
2026-06-15,0,SKIP,ACTIVE_POSITION,0.0125,150,0.7,1.25,10.0,,,,,,,,,,2026-YTD
2026-06-16,1,TRADE,EXECUTED,0.0125,150,0.7,1.25,10.0,2026-06-23,2026-06-17,2026-06-22,65.0,40.84999999999999,38.84999999999999,2021.499999999999,104.52979447999999,1916.9702055199991,2026-YTD
2026-06-17,2,SKIP,ACTIVE_POSITION,0.0125,150,0.7,1.25,10.0,,,,,,,,,,2026-YTD
2026-06-18,3,SKIP,ACTIVE_POSITION,0.0125,150,0.7,1.25,10.0,,,,,,,,,,2026-YTD
2026-06-19,4,SKIP,ACTIVE_POSITION,0.0125,150,0.7,1.25,10.0,,,,,,,,,,2026-YTD
2026-06-22,0,SKIP,ACTIVE_POSITION,0.0125,150,0.7,1.25,10.0,,,,,,,,,,2026-YTD
2026-06-23,1,TRADE,EXECUTED,0.0125,150,0.7,1.25,10.0,2026-06-30,2026-06-24,2026-06-30,65.0,47.19999999999999,45.19999999999999,2807.999999999999,104.60926348000001,2703.390736519999,2026-YTD
2026-06-24,2,SKIP,ACTIVE_POSITION,0.0125,150,0.7,1.25,10.0,,,,,,,,,,2026-YTD
2026-06-25,3,SKIP,ACTIVE_POSITION,0.0125,150,0.7,1.25,10.0,,,,,,,,,,2026-YTD
2026-06-29,0,SKIP,ACTIVE_POSITION,0.0125,150,0.7,1.25,10.0,,,,,,,,,,2026-YTD
2026-06-30,1,SKIP,ACTIVE_POSITION,0.0125,150,0.7,1.25,10.0,,,,,,,,,,2026-YTD
2026-07-01,2,TRADE,EXECUTED,0.0125,150,0.7,1.25,10.0,2026-07-07,2026-07-02,2026-07-07,65.0,28.750000000000004,26.750000000000004,1121.2500000000002,99.34297277499999,1021.9070272250002,2026-YTD
2026-07-02,3,SKIP,ACTIVE_POSITION,0.0125,150,0.7,1.25,10.0,,,,,,,,,,2026-YTD
2026-07-03,4,SKIP,ACTIVE_POSITION,0.0125,150,0.7,1.25,10.0,,,,,,,,,,2026-YTD
2026-07-06,0,SKIP,ACTIVE_POSITION,0.0125,150,0.7,1.25,10.0,,,,,,,,,,2026-YTD
2026-07-07,1,SKIP,ACTIVE_POSITION,0.0125,150,0.7,1.25,10.0,,,,,,,,,,2026-YTD
2026-07-08,2,TRADE,EXECUTED,0.0125,150,0.7,1.25,10.0,2026-07-14,2026-07-09,2026-07-14,65.0,34.49999999999999,32.49999999999999,1979.2499999999998,101.90318562499999,1877.3468143749997,2026-YTD
2026-07-09,3,SKIP,ACTIVE_POSITION,0.0125,150,0.7,1.25,10.0,,,,,,,,,,2026-YTD
2026-07-10,4,SKIP,ACTIVE_POSITION,0.0125,150,0.7,1.25,10.0,,,,,,,,,,2026-YTD
2026-07-13,0,SKIP,ACTIVE_POSITION,0.0125,150,0.7,1.25,10.0,,,,,,,,,,2026-YTD
2026-07-14,1,SKIP,ACTIVE_POSITION,0.0125,150,0.7,1.25,10.0,,,,,,,,,,2026-YTD
2026-07-15,2,TRADE,EXECUTED,0.0125,150,0.7,1.25,10.0,2026-07-21,2026-07-16,2026-07-21,65.0,29.750000000000004,27.750000000000004,1673.7500000000002,100.178664255,1573.5713357450002,2026-YTD
2026-07-16,3,SKIP,ACTIVE_POSITION,0.0125,150,0.7,1.25,10.0,,,,,,,,,,2026-YTD
2026-07-17,4,SKIP,ACTIVE_POSITION,0.0125,150,0.7,1.25,10.0,,,,,,,,,,2026-YTD
2026-07-20,0,SKIP,ACTIVE_POSITION,0.0125,150,0.7,1.25,10.0,,,,,,,,,,2026-YTD
2026-07-21,1,SKIP,ACTIVE_POSITION,0.0125,150,0.7,1.25,10.0,,,,,,,,,,2026-YTD
2026-07-22,2,TRADE,EXECUTED,0.0125,150,0.7,1.25,10.0,2026-07-28,2026-07-23,2026-07-27,65.0,33.89999999999999,31.89999999999999,1680.2499999999993,102.307780595,1577.9422194049994,2026-YTD
2026-07-23,3,SKIP,ACTIVE_POSITION,0.0125,150,0.7,1.25,10.0,,,,,,,,,,2026-YTD
2026-07-24,4,SKIP,ACTIVE_POSITION,0.0125,150,0.7,1.25,10.0,,,,,,,,,,2026-YTD
2026-07-27,0,SKIP,ACTIVE_POSITION,0.0125,150,0.7,1.25,10.0,,,,,,,,,,2026-YTD
2026-07-28,1,TRADE,EXECUTED,0.0125,150,0.7,1.25,10.0,2026-08-04,2026-07-29,2026-08-03,65.0,59.500000000000014,57.500000000000014,-5411.249999999999,128.01585051499998,-5539.265850514999,2026-YTD
2026-07-29,2,SKIP,ACTIVE_POSITION,0.0125,150,0.7,1.25,10.0,,,,,,,,,,2026-YTD
2026-07-30,3,SKIP,ACTIVE_POSITION,0.0125,150,0.7,1.25,10.0,,,,,,,,,,2026-YTD
2026-07-31,4,SKIP,ACTIVE_POSITION,0.0125,150,0.7,1.25,10.0,,,,,,,,,,2026-YTD
2026-08-03,0,SKIP,ACTIVE_POSITION,0.0125,150,0.7,1.25,10.0,,,,,,,,,,2026-YTD
2026-08-04,1,TRADE,EXECUTED,0.0125,150,0.7,1.25,10.0,2026-08-11,2026-08-05,2026-08-10,65.0,32.2,30.200000000000003,1547.0000000000002,101.95023034999998,1445.0497696500001,2026-YTD
2026-08-05,2,SKIP,ACTIVE_POSITION,0.0125,150,0.7,1.25,10.0,,,,,,,,,,2026-YTD
2026-08-06,3,SKIP,ACTIVE_POSITION,0.0125,150,0.7,1.25,10.0,,,,,,,,,,2026-YTD
2026-08-07,4,SKIP,ACTIVE_POSITION,0.0125,150,0.7,1.25,10.0,,,,,,,,,,2026-YTD
2026-08-10,0,SKIP,ACTIVE_POSITION,0.0125,150,0.7,1.25,10.0,,,,,,,,,,2026-YTD
2026-08-11,1,TRADE,EXECUTED,0.0125,150,0.7,1.25,10.0,2026-08-18,2026-08-12,2026-08-18,65.0,29.350000000000005,27.350000000000005,48.75000000000023,100.88837741500001,-52.13837741499978,2026-YTD
2026-08-12,2,SKIP,ACTIVE_POSITION,0.0125,150,0.7,1.25,10.0,,,,,,,,,,2026-YTD
2026-08-13,3,SKIP,ACTIVE_POSITION,0.0125,150,0.7,1.25,10.0,,,,,,,,,,2026-YTD
2026-08-14,4,SKIP,ACTIVE_POSITION,0.0125,150,0.7,1.25,10.0,,,,,,,,,,2026-YTD
2026-08-17,0,SKIP,ACTIVE_POSITION,0.0125,150,0.7,1.25,10.0,,,,,,,,,,2026-YTD
2026-08-18,1,SKIP,ACTIVE_POSITION,0.0125,150,0.7,1.25,10.0,,,,,,,,,,2026-YTD
2026-08-19,2,TRADE,EXECUTED,0.0125,150,0.7,1.25,10.0,2026-08-25,2026-08-20,2026-08-24,65.0,25.950000000000003,23.950000000000003,1095.25,99.07065696499998,996.179343035,2026-YTD
2026-08-20,3,SKIP,ACTIVE_POSITION,0.0125,150,0.7,1.25,10.0,,,,,,,,,,2026-YTD
2026-08-21,4,SKIP,ACTIVE_POSITION,0.0125,150,0.7,1.25,10.0,,,,,,,,,,2026-YTD
2026-08-24,0,SKIP,ACTIVE_POSITION,0.0125,150,0.7,1.25,10.0,,,,,,,,,,2026-YTD
2026-08-25,1,TRADE,EXECUTED,0.0125,150,0.7,1.25,10.0,2026-09-01,2026-08-26,2026-09-01,65.0,22.2,20.2,698.75,98.848156115,599.9018438850001,2026-YTD
2026-08-26,2,SKIP,ACTIVE_POSITION,0.0125,150,0.7,1.25,10.0,,,,,,,,,,2026-YTD
2026-08-27,3,SKIP,ACTIVE_POSITION,0.0125,150,0.7,1.25,10.0,,,,,,,,,,2026-YTD
2026-08-28,4,SKIP,ACTIVE_POSITION,0.0125,150,0.7,1.25,10.0,,,,,,,,,,2026-YTD
2026-08-31,0,SKIP,ACTIVE_POSITION,0.0125,150,0.7,1.25,10.0,,,,,,,,,,2026-YTD
2026-09-01,1,SKIP,ACTIVE_POSITION,0.0125,150,0.7,1.25,10.0,,,,,,,,,,2026-YTD
2026-09-02,2,TRADE,EXECUTED,0.0125,150,0.7,1.25,10.0,2026-09-08,2026-09-03,2026-09-08,65.0,23.75,21.75,-3223.9999999999995,101.47235502999999,-3325.4723550299996,2026-YTD
2026-09-03,3,SKIP,ACTIVE_POSITION,0.0125,150,0.7,1.25,10.0,,,,,,,,,,2026-YTD
2026-09-04,4,SKIP,ACTIVE_POSITION,0.0125,150,0.7,1.25,10.0,,,,,,,,,,2026-YTD
2026-09-07,0,SKIP,ACTIVE_POSITION,0.0125,150,0.7,1.25,10.0,,,,,,,,,,2026-YTD
2026-09-08,1,SKIP,ACTIVE_POSITION,0.0125,150,0.7,1.25,10.0,,,,,,,,,,2026-YTD
2026-09-09,2,TRADE,EXECUTED,0.0125,150,0.7,1.25,10.0,2026-09-15,2026-09-10,2026-09-15,65.0,25.699999999999996,23.699999999999996,-4397.25,103.406771995,-4500.656771995,2026-YTD
2026-09-10,3,SKIP,ACTIVE_POSITION,0.0125,150,0.7,1.25,10.0,,,,,,,,,,2026-YTD
2026-09-11,4,SKIP,ACTIVE_POSITION,0.0125,150,0.7,1.25,10.0,,,,,,,,,,2026-YTD
2026-09-15,1,SKIP,ACTIVE_POSITION,0.0125,150,0.7,1.25,10.0,,,,,,,,,,2026-YTD
2026-09-16,2,SKIP,NO_NEXT_SESSION_ENTRY,0.0125,150,0.7,1.25,10.0,,,,,,,,,,2026-YTD
