signal_date,entry_weekday,status,reason,distance,width,take_profit,stop_loss,minimum_credit,expiry,entry_date,exit_date,lot,raw_credit_points,effective_credit_points,gross_pnl,costs,net_pnl,dte_at_signal,dte_at_entry,nifty_reference_signal,nifty_reference_entry,put_long,put_short,call_short,call_long,put_long_entry,put_short_entry,call_short_entry,call_long_entry,put_long_exit,put_short_exit,call_short_exit,call_long_exit,wing_width_points,max_loss_points,max_loss,lower_breakeven,upper_breakeven,return_on_capital,return_on_max_loss,eod_exit_reason,conservative_intraday_min_pnl_points,conservative_intraday_min_pnl,conservative_intraday_min_pnl_day,conservative_bound_is_not_fill,window,selection_train_start,selection_train_end,selected_score,oos_fixed_lot_equity,oos_fixed_lot_drawdown
2021-01-01,4,TRADE,EXECUTED,0.0125,300,0.4,1.0,10.0,2021-01-07,2021-01-04,2021-01-05,75,42.8,40.8,6765.0,102.7006736,6662.2993264,6,3,14053.85,14165.3,13550.0,13850.0,14250.0,14550.0,6.0,18.65,32.05,1.9,5.55,14.55,43.65,1.25,300.0,257.2,19290.0,13807.2,14292.8,0.066622993264,0.34537580748574387,take_profit_eod_mark,52.849999999999994,3963.7499999999995,2021-01-05,True,2021,2015-01-01,2020-12-31,0.29131667017870505,106662.2993264,0.0
2021-01-07,3,TRADE,EXECUTED,0.0125,300,0.4,1.0,10.0,2021-01-14,2021-01-08,2021-01-11,75,90.75,88.75,16218.75,114.22803912500001,16104.521960875,7,6,14191.1,14370.9,13700.0,14000.0,14400.0,14700.0,12.95,30.95,79.4,6.65,8.5,17.05,135.1,14.15,300.0,209.25,15693.75,13909.25,14490.75,0.16104521960874998,1.0261742388450816,take_profit_eod_mark,158.45,11883.75,2021-01-11,True,2021,2015-01-01,2020-12-31,0.29131667017870505,122766.821287275,0.0
2021-01-14,3,TRADE,EXECUTED,0.0125,300,0.4,1.0,10.0,2021-01-21,2021-01-15,2021-01-18,75,89.55,87.55,16083.75,122.903338925,15960.846661075,7,6,14628.1,14458.5,14100.0,14400.0,14850.0,15150.0,45.25,122.15,17.2,4.55,52.1,178.6,6.05,3.65,300.0,210.45,15783.75,14310.45,14939.55,0.15960846661075,1.0112201891866635,take_profit_eod_mark,113.0,8475.0,2021-01-18,True,2021,2015-01-01,2020-12-31,0.29131667017870505,138727.66794835002,0.0
2021-01-21,3,TRADE,EXECUTED,0.0125,300,0.4,1.0,10.0,2021-01-28,2021-01-22,2021-01-25,75,110.45000000000002,108.45000000000002,18341.250000000004,125.70530427499999,18215.544695725002,7,6,14598.65,14380.15,14100.0,14400.0,14800.0,15100.0,52.6,149.9,18.25,5.1,46.9,183.4,4.55,2.95,300.0,189.54999999999998,14216.249999999998,14289.55,14910.45,0.18215544695725003,1.2813185401019962,take_profit_eod_mark,109.50000000000001,8212.500000000002,2021-01-25,True,2021,2015-01-01,2020-12-31,0.29131667017870505,156943.212644075,0.0
2021-01-28,3,TRADE,EXECUTED,0.0125,300,0.4,1.0,10.0,2021-02-04,2021-01-29,2021-02-01,75,157.14999999999995,155.14999999999995,26936.249999999993,154.781738825,26781.468261174992,7,6,13813.5,13709.1,13300.0,13600.0,14000.0,14300.0,82.5,181.7,96.35,38.4,6.6,11.65,337.85,136.9,300.0,142.85000000000005,10713.750000000004,13442.85,14157.15,0.2678146826117499,2.4997286908108722,take_profit_eod_mark,-16.000000000000057,-1200.0000000000043,2021-02-01,True,2021,2015-01-01,2020-12-31,0.29131667017870505,183724.68090525002,0.0
2021-02-02,1,TRADE,EXECUTED,0.0125,300,0.4,1.0,10.0,2021-02-04,2021-02-03,2021-02-04,75,31.6,29.6,2396.25,98.76065772499999,2297.489342275,2,1,14696.0,14820.55,14200.0,14500.0,14900.0,15200.0,4.1,13.3,24.3,1.9,0.1,0.2,4.35,0.1,300.0,268.4,20130.0,14468.4,14931.6,0.02297489342275,0.11413260518007949,take_profit_eod_mark,24.55,1841.25,2021-02-04,True,2021,2015-01-01,2020-12-31,0.29131667017870505,186022.170247525,0.0
2021-02-05,4,TRADE,EXECUTED,0.0125,300,0.4,1.0,10.0,2021-02-11,2021-02-08,2021-02-09,75,99.65,97.65,13803.75,113.419532675,13690.330467325,6,3,14930.65,15126.5,14400.0,14700.0,15150.0,15450.0,9.6,23.95,101.6,16.3,6.3,21.5,80.5,7.3,300.0,200.35,15026.25,14600.35,15249.65,0.13690330467325001,0.9110942828267199,take_profit_eod_mark,135.8,10185.0,2021-02-09,True,2021,2015-01-01,2020-12-31,0.29131667017870505,199712.50071485,0.0
2021-02-11,3,TRADE,EXECUTED,0.0125,300,0.4,1.0,10.0,2021-02-18,2021-02-12,2021-02-15,75,66.10000000000001,64.10000000000001,9656.25,108.314209325,9547.935790675,7,6,15184.95,15161.45,14650.0,14950.0,15400.0,15700.0,17.65,54.95,33.6,4.8,6.6,16.5,61.3,4.55,300.0,233.89999999999998,17542.5,14883.9,15466.1,0.09547935790675,0.5442745213438791,take_profit_eod_mark,96.5,7237.5,2021-02-15,True,2021,2015-01-01,2020-12-31,0.29131667017870505,209260.436505525,0.0
2021-02-16,1,TRADE,EXECUTED,0.0125,300,0.4,1.0,10.0,2021-02-18,2021-02-17,2021-02-18,75,22.5,20.5,1447.5,97.44724490000002,1350.0527551,2,1,15330.25,15207.05,14800.0,15100.0,15550.0,15850.0,2.55,23.85,3.0,1.8,0.1,0.9,0.1,0.1,300.0,277.5,20812.5,15077.5,15572.5,0.013500527551,0.06486739964444445,take_profit_eod_mark,16.55,1241.25,2021-02-18,True,2021,2015-01-01,2020-12-31,0.29131667017870505,210610.48926062498,0.0
2021-02-19,4,TRADE,EXECUTED,0.0125,300,0.4,1.0,10.0,2021-02-25,2021-02-22,2021-02-23,75,108.05,106.05,14834.999999999998,120.3425273,14714.657472699999,6,3,14987.0,14672.65,14450.0,14750.0,15200.0,15500.0,51.05,154.8,9.45,5.15,22.35,114.25,4.8,2.95,300.0,191.95,14396.25,14641.95,15308.05,0.147146574727,1.0221173897855342,take_profit_eod_mark,106.75,8006.25,2021-02-23,True,2021,2015-01-01,2020-12-31,0.29131667017870505,225325.14673332497,0.0
2021-02-25,3,TRADE,EXECUTED,0.0125,300,0.4,1.0,10.0,2021-03-04,2021-02-26,2021-03-01,75,206.95000000000002,204.95000000000002,26238.75,165.746670575,26073.003329425,7,6,15100.55,14578.45,14600.0,14900.0,15300.0,15600.0,228.75,424.35,18.45,7.1,80.25,219.65,10.7,3.2,300.0,93.04999999999998,6978.749999999999,14693.05,15506.95,0.26073003329425,3.7360563610137922,take_profit_eod_mark,201.75,15131.25,2021-03-01,True,2021,2015-01-01,2020-12-31,0.29131667017870505,251398.15006274998,0.0
2021-03-02,1,TRADE,EXECUTED,0.0125,300,0.4,1.0,10.0,2021-03-04,2021-03-03,2021-03-04,75,122.79999999999998,120.79999999999998,9074.999999999998,109.17041149999999,8965.829588499999,2,1,14958.15,15298.85,14450.0,14750.0,15150.0,15450.0,3.55,5.55,128.95,8.15,0.15,0.2,2.3,0.15,300.0,177.20000000000002,13290.000000000002,14627.2,15272.8,0.08965829588499999,0.6746297658765987,take_profit_eod_mark,110.29999999999998,8272.499999999998,2021-03-04,True,2021,2015-01-01,2020-12-31,0.29131667017870505,260363.97965124997,0.0
2021-03-05,4,TRADE,EXECUTED,0.0125,300,0.4,1.0,10.0,2021-03-10,2021-03-08,2021-03-09,75,87.65000000000002,85.65000000000002,10125.0,108.91941440000001,10016.0805856,5,2,14953.05,14969.0,14450.0,14750.0,15150.0,15450.0,12.55,56.35,51.95,8.1,1.95,5.65,50.25,2.6,300.0,212.34999999999997,15926.249999999998,14662.35,15237.65,0.10016080585600001,0.6289038904701358,take_profit_eod_mark,88.10000000000002,6607.500000000002,2021-03-09,True,2021,2015-01-01,2020-12-31,0.29131667017870505,270380.06023684994,0.0
2021-03-12,4,TRADE,EXECUTED,0.0125,300,0.4,1.0,10.0,2021-03-18,2021-03-15,2021-03-16,75,95.55,93.55,12528.75,113.32150167500001,12415.428498325,6,3,15051.4,14968.75,14550.0,14850.0,15250.0,15550.0,21.35,88.25,36.45,7.8,11.6,73.35,18.0,4.25,300.0,204.45,15333.75,14754.45,15345.55,0.12415428498325,0.8096798564164017,take_profit_eod_mark,118.35,8876.25,2021-03-16,True,2021,2015-01-01,2020-12-31,0.29131667017870505,282795.488735175,0.0
2021-03-18,3,TRADE,EXECUTED,0.0125,300,0.4,1.0,10.0,2021-03-25,2021-03-19,2021-03-22,75,137.1,135.1,18097.5,124.77615829999999,17972.7238417,7,6,14577.05,14756.45,14050.0,14350.0,14800.0,15100.0,22.25,52.55,144.9,38.1,11.05,33.2,102.4,16.35,300.0,162.9,12217.5,14212.9,14937.1,0.179727238417,1.4710639526662574,take_profit_eod_mark,160.35,12026.25,2021-03-22,True,2021,2015-01-01,2020-12-31,0.29131667017870505,300768.212576875,0.0
2021-03-23,1,TRADE,EXECUTED,0.0125,300,0.4,1.0,10.0,2021-03-25,2021-03-24,2021-03-25,75,90.15,88.15,25500.0,115.15701454999999,25384.84298545,2,1,14832.9,14555.3,14300.0,14600.0,15050.0,15350.0,13.3,102.35,2.95,1.85,4.4,258.25,0.1,0.1,300.0,209.85,15738.75,14509.85,15140.15,0.2538484298545,1.6128881255150505,take_profit_eod_mark,95.5,7162.5,2021-03-25,True,2021,2015-01-01,2020-12-31,0.29131667017870505,326153.05556232494,0.0
2021-03-26,4,TRADE,EXECUTED,0.0125,300,0.4,1.0,10.0,2021-04-01,2021-03-31,2021-04-01,75,40.1,38.1,7391.25,101.38864632500001,7289.861353675,6,1,14608.5,14752.3,14100.0,14400.0,14800.0,15100.0,2.2,10.25,34.35,2.3,0.1,0.15,62.5,0.1,300.0,259.9,19492.5,14359.9,14840.1,0.07289861353674999,0.37398288334872387,take_profit_eod_mark,44.35,3326.25,2021-04-01,True,2021,2015-01-01,2020-12-31,0.29131667017870505,333442.91691599996,0.0
2021-04-05,0,TRADE,EXECUTED,0.0125,300,0.4,1.0,10.0,2021-04-08,2021-04-06,2021-04-07,75,53.500000000000014,51.500000000000014,6348.75,103.40571027499999,6245.344289725,3,2,14698.45,14751.45,14200.0,14500.0,14900.0,15200.0,8.3,39.45,25.1,2.75,2.95,7.8,31.8,1.5,300.0,246.5,18487.5,14446.5,14953.5,0.062453442897249994,0.3378144308167681,take_profit_eod_mark,53.850000000000016,4038.7500000000014,2021-04-07,True,2021,2015-01-01,2020-12-31,0.29131667017870505,339688.26120572496,0.0
2021-04-08,3,TRADE,EXECUTED,0.0125,300,0.4,1.0,10.0,2021-04-15,2021-04-09,2021-04-12,75,71.49999999999999,69.49999999999999,21828.75,139.264420025,21689.485579975,7,6,14924.4,14889.4,14400.0,14700.0,15150.0,15450.0,25.4,78.05,21.9,3.05,182.75,405.05,4.1,2.85,300.0,228.5,17137.5,14628.5,15221.5,0.21689485579975,1.2656154970080233,take_profit_eod_mark,-1.2500000000000142,-93.75000000000107,2021-04-12,True,2021,2015-01-01,2020-12-31,0.29131667017870505,361377.7467857,0.0
2021-04-15,3,TRADE,EXECUTED,0.0125,300,0.4,1.0,10.0,2021-04-22,2021-04-16,2021-04-19,75,94.05000000000001,92.05000000000001,13961.25,120.16244262499998,13841.087557375,7,6,14592.0,14645.7,14100.0,14400.0,14800.0,15100.0,25.65,66.9,59.7,6.9,55.9,147.7,6.15,1.85,300.0,205.95,15446.25,14305.95,14894.05,0.13841087557375,0.8960807676539613,take_profit_eod_mark,91.25,6843.75,2021-04-19,True,2021,2015-01-01,2020-12-31,0.29131667017870505,375218.834343075,0.0
2021-04-22,3,TRADE,EXECUTED,0.0125,300,0.4,1.0,10.0,2021-04-29,2021-04-23,2021-04-26,75,110.25,108.25,15457.500000000002,121.27386770000001,15336.226132300002,7,6,14403.6,14338.6,13900.0,14200.0,14600.0,14900.0,51.75,116.45,53.65,8.1,17.6,50.15,74.9,7.6,300.0,189.75,14231.25,14089.75,14710.25,0.15336226132300002,1.0776443483390428,take_profit_eod_mark,151.0,11325.0,2021-04-26,True,2021,2015-01-01,2020-12-31,0.29131667017870505,390555.060475375,0.0
2021-04-27,1,TRADE,EXECUTED,0.0125,300,0.4,1.0,10.0,2021-04-29,2021-04-28,2021-04-29,75,75.65,73.65,9236.25,105.080143775,9131.169856225,2,1,14644.7,14855.3,14150.0,14450.0,14850.0,15150.0,3.7,7.45,74.75,2.85,0.1,0.15,51.55,0.1,300.0,224.35,16826.25,14374.35,14925.65,0.09131169856225001,0.5426740869905654,take_profit_eod_mark,93.7,7027.5,2021-04-29,True,2021,2015-01-01,2020-12-31,0.29131667017870505,399686.2303316,0.0
2021-04-30,4,TRADE,EXECUTED,0.0125,300,0.4,1.0,10.0,2021-05-06,2021-05-03,2021-05-04,75,87.7,85.7,13027.5,114.46328285,12913.03671715,6,3,14690.8,14685.8,14200.0,14500.0,14900.0,15200.0,22.55,77.95,37.8,5.5,24.7,108.3,9.35,2.95,300.0,212.3,15922.5,14412.3,14987.7,0.1291303671715,0.8109930423708589,take_profit_eod_mark,93.2,6990.0,2021-05-04,True,2021,2015-01-01,2020-12-31,0.29131667017870505,412599.26704875,0.0
2021-05-06,3,TRADE,EXECUTED,0.0125,300,0.4,1.0,10.0,2021-05-12,2021-05-07,2021-05-10,75,76.20000000000002,74.20000000000002,10485.0,108.32298904999999,10376.67701095,6,5,14769.95,14869.55,14250.0,14550.0,15000.0,15300.0,14.85,45.35,50.05,4.35,3.45,11.0,63.15,3.1,300.0,223.79999999999998,16785.0,14473.8,15076.2,0.1037667701095,0.6182113202829908,take_profit_eod_mark,118.90000000000002,8917.500000000002,2021-05-10,True,2021,2015-01-01,2020-12-31,0.29131667017870505,422975.9440597,0.0
2021-05-14,4,TRADE,EXECUTED,0.0125,300,0.4,1.0,10.0,2021-05-20,2021-05-17,2021-05-18,75,107.80000000000001,105.80000000000001,22627.500000000004,121.34651495,22506.153485050003,6,3,14714.95,14952.1,14200.0,14500.0,14900.0,15200.0,4.85,11.65,113.0,12.0,2.2,4.75,240.3,44.95,300.0,192.2,14415.0,14392.2,15007.8,0.22506153485050004,1.5613009701734306,take_profit_eod_mark,216.95,16271.25,2021-05-18,True,2021,2015-01-01,2020-12-31,0.29131667017870505,445482.09754475,0.0
2021-05-20,3,TRADE,EXECUTED,0.0125,300,0.4,1.0,10.0,2021-05-27,2021-05-21,2021-05-24,75,126.30000000000001,124.30000000000001,17688.75,119.334898025,17569.415101975,7,6,14933.25,15206.2,14400.0,14700.0,15150.0,15450.0,5.85,13.75,147.55,29.15,3.35,7.85,126.35,17.3,300.0,173.7,13027.5,14573.7,15276.3,0.17569415101975,1.3486405758568412,take_profit_eod_mark,195.9,14692.5,2021-05-24,True,2021,2015-01-01,2020-12-31,0.29131667017870505,463051.51264672505,0.0
2021-05-28,4,TRADE,EXECUTED,0.0125,300,0.4,1.0,10.0,2021-06-03,2021-05-31,2021-06-01,75,38.050000000000004,36.050000000000004,4608.75,101.29978407499999,4507.450215925,6,3,15463.85,15583.2,14950.0,15250.0,15700.0,16000.0,6.25,18.15,28.3,2.15,3.3,7.4,25.6,2.3,300.0,261.95,19646.25,15211.95,15738.05,0.04507450215925,0.22943056389514535,take_profit_eod_mark,51.50000000000001,3862.5000000000005,2021-06-01,True,2021,2015-01-01,2020-12-31,0.29131667017870505,467558.96286265005,0.0
2021-06-03,3,TRADE,EXECUTED,0.0125,300,0.4,1.0,10.0,2021-06-10,2021-06-04,2021-06-07,75,43.65,41.65,5126.25,102.327302825,5023.922697175,7,6,15712.4,15700.85,15200.0,15500.0,15950.0,16250.0,7.65,37.35,16.7,2.75,4.4,16.2,18.9,2.0,300.0,256.35,19226.25,15456.35,15993.65,0.050239226971750005,0.2613053870190495,take_profit_eod_mark,53.85,4038.75,2021-06-07,True,2021,2015-01-01,2020-12-31,0.29131667017870505,472582.88555982505,0.0
2021-06-08,1,TRADE,EXECUTED,0.0125,300,0.4,1.0,10.0,2021-06-10,2021-06-09,2021-06-10,75,15.200000000000001,13.200000000000001,851.2500000000001,96.60254562499999,754.6474543750002,2,1,15768.6,15660.25,15250.0,15550.0,16000.0,16300.0,2.65,16.9,2.3,1.35,0.1,0.25,0.1,0.1,300.0,284.8,21360.0,15534.8,16015.2,0.007546474543750002,0.03532993700257491,take_profit_eod_mark,8.55,641.25,2021-06-10,True,2021,2015-01-01,2020-12-31,0.29131667017870505,473337.53301420005,0.0
2021-06-11,4,TRADE,EXECUTED,0.0125,300,0.4,1.0,10.0,2021-06-17,2021-06-14,2021-06-15,75,18.7,16.7,1946.25,98.69550462500001,1847.554495375,6,3,15817.3,15832.65,15300.0,15600.0,16050.0,16350.0,7.0,19.6,7.7,1.6,3.9,10.1,6.45,1.4,300.0,281.3,21097.5,15581.3,16068.7,0.01847554495375,0.08757220027846901,take_profit_eod_mark,21.15,1586.25,2021-06-15,True,2021,2015-01-01,2020-12-31,0.29131667017870505,475185.08750957507,0.0
2021-06-17,3,TRADE,EXECUTED,0.0125,300,0.4,1.0,10.0,2021-06-24,2021-06-18,2021-06-21,75,48.550000000000004,46.550000000000004,6045.0,103.76784665,5941.23215335,7,6,15692.15,15696.7,15150.0,15450.0,15900.0,16200.0,9.25,33.1,28.6,3.9,5.95,19.9,24.65,2.55,300.0,251.45,18858.75,15401.45,15948.55,0.0594123215335,0.31503849159408764,take_profit_eod_mark,34.900000000000006,2617.5000000000005,2021-06-21,True,2021,2015-01-01,2020-12-31,0.29131667017870505,481126.3196629251,0.0
2021-06-22,1,TRADE,EXECUTED,0.0125,300,0.4,1.0,10.0,2021-06-24,2021-06-23,2021-06-24,75,12.4,10.4,637.5,96.26208904999999,541.23791095,2,1,15773.25,15695.9,15250.0,15550.0,16000.0,16300.0,1.55,12.8,3.3,2.15,0.1,0.15,0.15,0.1,300.0,287.6,21570.0,15537.6,16012.4,0.0054123791095,0.02509216091562355,take_profit_eod_mark,6.15,461.25,2021-06-24,True,2021,2015-01-01,2020-12-31,0.29131667017870505,481667.55757387506,0.0
2021-06-25,4,TRADE,EXECUTED,0.0125,300,0.4,1.0,10.0,2021-07-01,2021-06-28,2021-06-29,75,30.550000000000004,28.550000000000004,3682.5000000000005,99.81310475000001,3582.6868952500004,6,3,15888.0,15854.95,15350.0,15650.0,16100.0,16400.0,3.95,28.6,8.3,2.4,2.05,23.3,3.1,1.8,300.0,269.45,20208.75,15619.45,16130.55,0.0358268689525,0.17728394360116287,take_profit_eod_mark,39.7,2977.5,2021-06-29,True,2021,2015-01-01,2020-12-31,0.29131667017870505,485250.24446912506,0.0
2021-07-01,3,TRADE,EXECUTED,0.0125,300,0.4,1.0,10.0,2021-07-08,2021-07-02,2021-07-05,75,19.200000000000003,17.200000000000003,2531.25,98.34362187500001,2432.906378125,7,6,15710.6,15741.55,15200.0,15500.0,15950.0,16250.0,3.25,14.8,9.8,2.15,2.25,5.1,17.3,1.6,300.0,280.8,21060.0,15480.8,15969.2,0.02432906378125,0.11552262004392214,take_profit_eod_mark,25.450000000000003,1908.7500000000002,2021-07-05,True,2021,2015-01-01,2020-12-31,0.29131667017870505,487683.1508472501,0.0
2021-07-08,3,TRADE,EXECUTED,0.0125,300,0.4,1.0,10.0,2021-07-15,2021-07-09,2021-07-12,75,29.850000000000005,27.850000000000005,3198.7500000000005,100.07694027500001,3098.6730597250003,7,6,15735.4,15722.45,15200.0,15500.0,15950.0,16250.0,5.9,22.85,16.35,3.45,2.45,13.9,7.55,2.2,300.0,270.15,20261.25,15470.15,15979.85,0.030986730597250003,0.15293592743414153,take_profit_eod_mark,30.700000000000003,2302.5,2021-07-12,True,2021,2015-01-01,2020-12-31,0.29131667017870505,490781.8239069751,0.0
2021-07-15,3,TRADE,EXECUTED,0.0125,300,0.4,1.0,10.0,2021-07-22,2021-07-16,2021-07-19,75,19.0,17.0,4147.5,99.71598740000002,4047.7840126,7,6,15937.3,15936.0,15400.0,15700.0,16150.0,16450.0,4.65,15.8,9.75,1.9,4.8,43.55,4.25,2.7,300.0,281.0,21075.0,15681.0,16169.0,0.040477840126,0.1920656708232503,take_profit_eod_mark,11.2,840.0,2021-07-19,True,2021,2015-01-01,2020-12-31,0.29131667017870505,494829.6079195751,0.0
2021-07-22,3,TRADE,EXECUTED,0.0125,300,0.4,1.0,10.0,2021-07-29,2021-07-23,2021-07-26,75,22.750000000000004,20.750000000000004,2441.2500000000005,98.973070325,2342.2769296750002,7,6,15816.9,15853.1,15300.0,15600.0,16050.0,16350.0,4.45,16.7,12.65,2.15,3.9,13.15,6.25,1.7,300.0,277.25,20793.75,15577.25,16072.75,0.023422769296750003,0.11264331492275324,take_profit_eod_mark,26.050000000000004,1953.7500000000002,2021-07-26,True,2021,2015-01-01,2020-12-31,0.29131667017870505,497171.88484925014,0.0
2021-07-29,3,TRADE,EXECUTED,0.0125,300,0.4,1.0,10.0,2021-08-05,2021-07-30,2021-08-02,50,25.849999999999998,23.849999999999998,2137.4999999999995,97.83953305,2039.6604669499995,7,6,15781.05,15777.25,15250.0,15550.0,16000.0,16300.0,5.25,23.85,9.45,2.2,2.85,7.1,18.7,2.05,300.0,274.15,13707.499999999998,15524.15,16025.85,0.020396604669499996,0.14879886682108334,take_profit_eod_mark,32.6,1630.0,2021-08-02,True,2021,2015-01-01,2020-12-31,0.29131667017870505,499211.5453162001,0.0
2021-08-05,3,TRADE,EXECUTED,0.0125,300,0.4,1.0,10.0,2021-08-12,2021-08-06,2021-08-09,50,25.799999999999997,23.799999999999997,1754.9999999999998,97.9273796,1657.0726203999998,7,6,16300.65,16251.7,15750.0,16050.0,16550.0,16850.0,7.75,27.65,7.75,1.85,4.15,14.05,4.8,1.4,300.0,274.2,13710.0,16024.2,16575.8,0.016570726204,0.12086598252370531,take_profit_eod_mark,27.799999999999997,1389.9999999999998,2021-08-09,True,2021,2015-01-01,2020-12-31,0.29131667017870505,500868.6179366001,0.0
2021-08-12,3,TRADE,EXECUTED,0.0125,300,0.4,1.0,10.0,2021-08-18,2021-08-13,2021-08-16,50,47.45,45.45,4360.0,100.2320574,4259.7679426,6,5,16358.6,16517.35,15850.0,16150.0,16600.0,16900.0,7.25,15.0,42.45,2.75,4.4,7.8,42.15,1.8,300.0,252.55,12627.5,16102.55,16647.45,0.042597679426000006,0.3373405616788755,take_profit_eod_mark,61.35000000000001,3067.5000000000005,2021-08-16,True,2021,2015-01-01,2020-12-31,0.29131667017870505,505128.3858792001,0.0
2021-08-20,4,TRADE,EXECUTED,0.0125,300,0.4,1.0,10.0,2021-08-26,2021-08-23,2021-08-24,50,28.35,26.35,3347.5,98.24271635,3249.25728365,6,3,16433.7,16494.25,15900.0,16200.0,16650.0,16950.0,3.05,12.3,21.4,2.3,2.55,5.0,41.85,1.7,300.0,271.65,13582.499999999998,16171.65,16678.35,0.0324925728365,0.23922380148352662,take_profit_eod_mark,39.0,1950.0,2021-08-24,True,2021,2015-01-01,2020-12-31,0.29131667017870505,508377.6431628501,0.0
2021-08-26,3,TRADE,EXECUTED,0.0125,300,0.4,1.0,10.0,2021-09-02,2021-08-27,2021-08-30,50,43.25,41.25,7532.5,102.10188215,7430.39811785,7,6,16634.4,16718.15,16100.0,16400.0,16850.0,17150.0,6.5,21.1,30.95,2.3,3.95,6.8,119.15,10.6,300.0,256.75,12837.5,16356.75,16893.25,0.0743039811785,0.5788041377098344,take_profit_eod_mark,66.45,3322.5,2021-08-30,True,2021,2015-01-01,2020-12-31,0.29131667017870505,515808.0412807001,0.0
2021-09-02,3,TRADE,EXECUTED,0.0125,300,0.4,1.0,10.0,2021-09-09,2021-09-03,2021-09-06,50,44.5,42.5,4312.5,100.59287055,4211.90712945,7,6,17247.25,17329.35,16700.0,17000.0,17500.0,17800.0,7.7,22.15,35.7,5.65,4.5,10.15,44.1,4.0,300.0,255.5,12775.0,16955.5,17544.5,0.0421190712945,0.32969918821526417,take_profit_eod_mark,74.6,3729.9999999999995,2021-09-06,True,2021,2015-01-01,2020-12-31,0.29131667017870505,520019.94841015013,0.0
2021-09-09,3,TRADE,EXECUTED,0.0125,300,0.4,1.0,10.0,2021-09-16,2021-09-13,2021-09-14,50,16.400000000000002,14.400000000000002,920.0000000000001,96.61741570000001,823.3825843000001,7,3,17364.3,17359.3,16800.0,17100.0,17600.0,17900.0,4.35,13.8,8.65,1.7,2.35,5.85,4.05,1.55,300.0,283.6,14180.000000000002,17083.6,17616.4,0.008233825843000002,0.05806647279971791,take_profit_eod_mark,15.400000000000002,770.0000000000001,2021-09-14,True,2021,2015-01-01,2020-12-31,0.29131667017870505,520843.33099445014,0.0
2021-09-16,3,TRADE,EXECUTED,0.0125,300,0.4,1.0,10.0,2021-09-23,2021-09-17,2021-09-20,50,38.95,36.95,5315.0,103.4682539,5211.5317461,7,6,17611.25,17603.15,17050.0,17350.0,17850.0,18150.0,10.65,29.25,25.6,5.25,30.75,95.5,10.85,4.25,300.0,261.05,13052.5,17311.05,17888.95,0.052115317461,0.39927460226776484,take_profit_eod_mark,20.15,1007.4999999999999,2021-09-20,True,2021,2015-01-01,2020-12-31,0.29131667017870505,526054.8627405502,0.0
2021-09-23,3,TRADE,EXECUTED,0.0125,300,0.4,1.0,10.0,2021-09-30,2021-09-24,2021-09-27,50,56.400000000000006,54.400000000000006,4487.5,101.93534525000001,4385.56465475,7,6,17833.1,17853.6,17300.0,17600.0,18100.0,18400.0,12.75,38.75,36.65,6.25,6.5,24.4,23.2,3.75,300.0,243.6,12180.0,17543.6,18156.4,0.0438556465475,0.3600627795361248,take_profit_eod_mark,66.45,3322.5,2021-09-27,True,2021,2015-01-01,2020-12-31,0.29131667017870505,530440.4273953001,0.0
2021-09-30,3,TRADE,EXECUTED,0.0125,300,0.4,1.0,10.0,2021-10-07,2021-10-01,2021-10-04,50,79.49999999999999,77.49999999999999,6205.0,104.2227677,6100.7772323,7,6,17621.75,17530.2,17100.0,17400.0,17850.0,18150.0,20.15,75.75,28.6,4.7,5.0,18.0,39.35,3.75,300.0,220.5,11025.0,17320.5,17929.5,0.061007772323,0.5533584791201814,take_profit_eod_mark,95.09999999999998,4754.999999999999,2021-10-04,True,2021,2015-01-01,2020-12-31,0.29131667017870505,536541.2046276001,0.0
2021-10-05,1,TRADE,EXECUTED,0.0125,300,0.4,1.0,10.0,2021-10-07,2021-10-06,2021-10-07,50,39.650000000000006,37.650000000000006,1785.0000000000002,97.8179811,1687.1820189000002,2,1,17829.75,17627.2,17300.0,17600.0,18100.0,18400.0,4.5,43.1,2.95,1.9,0.1,0.15,0.1,0.1,300.0,260.35,13017.500000000002,17560.35,18139.65,0.016871820189000002,0.1296087588937968,take_profit_eod_mark,31.700000000000003,1585.0000000000002,2021-10-07,True,2021,2015-01-01,2020-12-31,0.29131667017870505,538228.3866465001,0.0
2021-10-08,4,TRADE,EXECUTED,0.0125,300,0.4,1.0,10.0,2021-10-14,2021-10-11,2021-10-12,50,36.2,34.2,2897.5,98.83704545,2798.66295455,6,3,17900.1,17973.05,17350.0,17650.0,18150.0,18450.0,5.75,18.8,26.15,3.0,3.55,10.0,21.05,1.75,300.0,263.8,13190.0,17613.8,18186.2,0.0279866295455,0.2121806637263078,take_profit_eod_mark,42.150000000000006,2107.5000000000005,2021-10-12,True,2021,2015-01-01,2020-12-31,0.29131667017870505,541027.0496010501,0.0
2021-10-14,3,TRADE,EXECUTED,0.0125,300,0.4,1.0,10.0,2021-10-21,2021-10-18,2021-10-19,50,58.150000000000006,56.150000000000006,4782.5,101.67737154999998,4680.82262845,7,3,18355.0,18495.4,17800.0,18100.0,18600.0,18900.0,6.8,14.45,56.7,6.2,7.25,18.0,34.65,3.9,300.0,241.85,12092.5,18041.85,18658.15,0.046808226284499994,0.3870847739053132,take_profit_eod_mark,61.35000000000001,3067.5000000000005,2021-10-19,True,2021,2015-01-01,2020-12-31,0.29131667017870505,545707.8722295002,0.0
2021-10-21,3,TRADE,EXECUTED,0.0125,300,0.4,1.0,10.0,2021-10-28,2021-10-22,2021-10-25,50,72.9,70.9,6370.0,104.9469505,6265.0530495,7,6,18202.9,18144.55,17650.0,17950.0,18450.0,18750.0,18.65,63.95,36.0,8.4,11.65,50.5,25.0,5.35,300.0,227.1,11355.0,17877.1,18522.9,0.06265053049500001,0.5517439937912814,take_profit_eod_mark,69.25,3462.5,2021-10-25,True,2021,2015-01-01,2020-12-31,0.29131667017870505,551972.9252790001,0.0
2021-10-26,1,TRADE,EXECUTED,0.0125,300,0.4,1.0,10.0,2021-10-28,2021-10-27,2021-10-28,50,16.600000000000005,14.600000000000005,8732.499999999998,99.60016065,8632.899839349999,2,1,18314.15,18215.25,17750.0,18050.0,18550.0,18850.0,1.9,17.1,3.6,2.2,0.2,162.35,0.2,0.3,300.0,283.4,14169.999999999998,18033.4,18566.6,0.08632899839349999,0.6092378150564572,take_profit_eod_mark,20.650000000000006,1032.5000000000002,2021-10-28,True,2021,2015-01-01,2020-12-31,0.29131667017870505,560605.8251183501,0.0
2021-10-29,4,TRADE,EXECUTED,0.0125,300,0.4,1.0,10.0,2021-11-03,2021-11-01,2021-11-02,50,100.4,98.4,6859.999999999999,104.46344450000001,6755.536555499999,5,2,17715.3,18008.45,17150.0,17450.0,17950.0,18250.0,2.85,5.25,112.55,14.55,1.1,2.4,43.15,3.65,300.0,199.6,9980.0,17349.6,18050.4,0.06755536555499998,0.6769074704909819,take_profit_eod_mark,115.10000000000001,5755.0,2021-11-02,True,2021,2015-01-01,2020-12-31,0.29131667017870505,567361.3616738501,0.0
2021-11-04,3,TRADE,EXECUTED,0.0125,300,0.4,1.0,10.0,2021-11-11,2021-11-08,2021-11-09,50,75.05,73.05,5785.0,102.2825942,5682.7174058,7,3,17916.7,18122.75,17350.0,17650.0,18150.0,18450.0,4.65,10.25,76.05,6.6,2.4,6.6,43.85,3.4,300.0,224.95,11247.5,17574.95,18225.05,0.056827174058,0.5052427122293843,take_profit_eod_mark,93.64999999999999,4682.5,2021-11-09,True,2021,2015-01-01,2020-12-31,0.29131667017870505,573044.0790796501,0.0
2021-11-11,3,TRADE,EXECUTED,0.0125,300,0.4,1.0,10.0,2021-11-18,2021-11-12,2021-11-15,50,92.99999999999999,90.99999999999999,8775.0,105.7263686,8669.2736314,7,6,17896.85,18133.45,17350.0,17650.0,18150.0,18450.0,4.9,13.8,95.85,11.75,3.0,8.2,92.1,10.8,300.0,207.0,10350.0,17557.0,18243.0,0.086692736314,0.837610978879227,take_profit_eod_mark,84.24999999999999,4212.499999999999,2021-11-15,True,2021,2015-01-01,2020-12-31,0.29131667017870505,581713.3527110502,0.0
2021-11-16,1,TRADE,EXECUTED,0.0125,300,0.4,1.0,10.0,2021-11-18,2021-11-17,2021-11-18,50,12.8,10.8,502.50000000000006,95.70915435,406.79084565000005,2,1,18004.0,17909.15,17450.0,17750.0,18250.0,18550.0,1.5,12.5,4.1,2.3,0.1,1.35,0.15,0.15,300.0,287.2,14360.0,17737.2,18262.8,0.0040679084565,0.02832805331824513,take_profit_eod_mark,5.050000000000001,252.50000000000003,2021-11-18,True,2021,2015-01-01,2020-12-31,0.29131667017870505,582120.1435567002,0.0
2021-11-22,0,TRADE,EXECUTED,0.0125,300,0.4,1.0,10.0,2021-11-25,2021-11-23,2021-11-24,50,28.05,26.05,1742.5,97.67786395,1644.82213605,3,2,17435.05,17495.25,16900.0,17200.0,17700.0,18000.0,4.6,18.25,17.45,3.05,2.15,11.0,3.5,1.55,300.0,271.95,13597.5,17171.95,17728.05,0.0164482213605,0.12096504034197463,take_profit_eod_mark,21.3,1065.0,2021-11-24,True,2021,2015-01-01,2020-12-31,0.29131667017870505,583764.9656927502,0.0
2021-11-25,3,TRADE,EXECUTED,0.0125,300,0.4,1.0,10.0,2021-12-02,2021-11-26,2021-11-29,50,165.85000000000002,163.85000000000002,16092.500000000002,134.39671565,15958.103284350002,7,6,17526.6,17052.15,17000.0,17300.0,17750.0,18050.0,150.5,312.95,6.6,3.2,110.55,269.55,2.75,1.75,300.0,134.14999999999998,6707.499999999999,17134.15,17915.85,0.1595810328435,2.3791432403056287,take_profit_eod_mark,73.05000000000007,3652.5000000000036,2021-11-29,True,2021,2015-01-01,2020-12-31,0.29131667017870505,599723.0689771002,0.0
2021-11-30,1,TRADE,EXECUTED,0.0125,300,0.4,1.0,10.0,2021-12-02,2021-12-01,2021-12-02,50,35.9,33.9,8385.0,100.47942200000001,8284.520578,2,1,17033.6,17221.9,16500.0,16800.0,17250.0,17550.0,3.0,6.1,35.25,2.45,0.1,0.15,135.85,0.1,300.0,264.1,13205.000000000002,16764.1,17285.9,0.08284520578,0.6273775522907988,take_profit_eod_mark,47.05,2352.5,2021-12-02,True,2021,2015-01-01,2020-12-31,0.29131667017870505,608007.5895551002,0.0
2021-12-03,4,TRADE,EXECUTED,0.0125,300,0.4,1.0,10.0,2021-12-09,2021-12-06,2021-12-07,50,116.44999999999999,114.44999999999999,7414.999999999999,109.5303224,7305.469677599999,6,3,17239.0,16957.15,16700.0,17000.0,17500.0,17800.0,52.25,164.1,8.35,3.75,7.8,35.05,10.45,1.85,300.0,183.55,9177.5,16883.55,17616.45,0.07305469677599999,0.7960195780550258,take_profit_eod_mark,105.49999999999999,5274.999999999999,2021-12-07,True,2021,2015-01-01,2020-12-31,0.29131667017870505,615313.0592327002,0.0
2021-12-09,3,TRADE,EXECUTED,0.0125,300,0.4,1.0,10.0,2021-12-16,2021-12-10,2021-12-13,50,56.89999999999999,54.89999999999999,5825.0,103.8034331,5721.1965669,7,6,17561.4,17559.35,17000.0,17300.0,17800.0,18100.0,18.5,53.25,26.1,3.95,16.85,71.7,12.15,3.4,300.0,243.10000000000002,12155.000000000002,17243.1,17856.9,0.057211965669,0.4706866776552858,take_profit_eod_mark,52.64999999999999,2632.4999999999995,2021-12-13,True,2021,2015-01-01,2020-12-31,0.29131667017870505,621034.2557996002,0.0
2021-12-14,1,TRADE,EXECUTED,0.0125,300,0.4,1.0,10.0,2021-12-16,2021-12-15,2021-12-16,50,29.9,27.9,1297.5,96.99848314999998,1200.50151685,2,1,17355.05,17260.8,16800.0,17100.0,17600.0,17900.0,2.9,30.7,4.1,2.0,0.1,0.2,0.15,0.2,300.0,270.1,13505.000000000002,17070.1,17629.9,0.0120050151685,0.08889311490929283,take_profit_eod_mark,22.549999999999997,1127.4999999999998,2021-12-16,True,2021,2015-01-01,2020-12-31,0.29131667017870505,622234.7573164502,0.0
2021-12-17,4,TRADE,EXECUTED,0.0125,300,0.4,1.0,10.0,2021-12-23,2021-12-20,2021-12-21,50,143.7,141.7,11360.0,118.1607339,11241.8392661,6,3,17023.5,16635.05,16500.0,16800.0,17250.0,17550.0,91.45,232.15,7.05,4.05,27.7,112.7,4.75,2.25,300.0,156.3,7815.000000000001,16656.3,17393.7,0.112418392661,1.4384951076263595,take_profit_eod_mark,134.89999999999998,6744.999999999999,2021-12-21,True,2021,2015-01-01,2020-12-31,0.29131667017870505,633476.5965825502,0.0
2021-12-23,3,TRADE,EXECUTED,0.0125,300,0.4,1.0,10.0,2021-12-30,2021-12-24,2021-12-27,50,70.25,68.25,6242.5,105.35646774999998,6137.14353225,7,6,17078.45,17003.8,16550.0,16850.0,17300.0,17600.0,28.45,77.05,26.2,4.55,13.85,41.3,34.75,3.6,300.0,229.75,11487.5,16779.75,17370.25,0.0613714353225,0.5342453564526659,take_profit_eod_mark,59.25,2962.5,2021-12-27,True,2021,2015-01-01,2020-12-31,0.29131667017870505,639613.7401148002,0.0
2022-01-03,0,TRADE,EXECUTED,0.0125,300,0.4,1.0,10.0,2022-01-06,2022-01-04,2022-01-05,50,38.949999999999996,36.949999999999996,5227.500000000001,99.70337634999998,5127.796623650001,3,2,17677.95,17846.75,17150.0,17450.0,17900.0,18200.0,4.5,10.8,34.75,2.1,2.3,3.65,70.15,1.9,300.0,261.05,13052.5,17411.05,17938.95,0.05127796623650001,0.39285934676498757,take_profit_eod_mark,48.349999999999994,2417.4999999999995,2022-01-05,True,2022,2015-01-01,2021-12-31,0.29556334269382495,644741.5367384502,0.0
2022-01-06,3,TRADE,EXECUTED,0.0125,300,0.4,1.0,10.0,2022-01-13,2022-01-07,2022-01-10,50,74.4,72.4,7870.0,105.4165083,7764.5834917,7,6,17788.65,17854.3,17250.0,17550.0,18050.0,18350.0,14.5,48.2,49.85,9.15,4.35,12.1,92.4,13.15,300.0,225.6,11280.0,17475.6,18124.4,0.077645834917,0.6883496003280142,take_profit_eod_mark,109.95,5497.5,2022-01-10,True,2022,2015-01-01,2021-12-31,0.29556334269382495,652506.1202301502,0.0
2022-01-11,1,TRADE,EXECUTED,0.0125,300,0.4,1.0,10.0,2022-01-13,2022-01-12,2022-01-13,50,13.700000000000001,11.700000000000001,487.5000000000001,95.62999415,391.8700058500001,2,1,18083.55,18241.2,17550.0,17850.0,18350.0,18650.0,1.95,4.3,12.0,0.65,0.1,0.1,0.15,0.1,300.0,286.3,14315.0,17836.3,18363.7,0.003918700058500001,0.027374782106182334,take_profit_eod_mark,7.650000000000002,382.5000000000001,2022-01-13,True,2022,2015-01-01,2021-12-31,0.29556334269382495,652897.9902360002,0.0
2022-01-14,4,TRADE,EXECUTED,0.0125,300,0.4,1.0,10.0,2022-01-20,2022-01-17,2022-01-18,50,38.75,36.75,4834.999999999999,100.24409610000001,4734.755903899999,6,3,18295.0,18336.6,17750.0,18050.0,18550.0,18850.0,5.1,22.9,23.0,2.05,9.9,68.05,5.35,1.55,300.0,261.25,13062.5,18011.25,18588.75,0.04734755903899999,0.36246935149473675,take_profit_eod_mark,38.2,1910.0000000000002,2022-01-18,True,2022,2015-01-01,2021-12-31,0.29556334269382495,657632.7461399002,0.0
2022-01-20,3,TRADE,EXECUTED,0.0125,300,0.4,1.0,10.0,2022-01-27,2022-01-21,2022-01-24,50,91.60000000000001,89.60000000000001,15452.499999999998,129.76332555,15322.736674449998,7,6,17804.1,17617.8,17250.0,17550.0,18050.0,18350.0,42.45,119.7,19.45,5.1,206.4,426.4,5.45,4.0,300.0,208.39999999999998,10419.999999999998,17458.4,18141.6,0.15322736674449997,1.4705121568570059,take_profit_eod_mark,-138.29999999999995,-6914.999999999998,2022-01-24,True,2022,2015-01-01,2021-12-31,0.29556334269382495,672955.4828143502,0.0
2022-01-27,3,TRADE,EXECUTED,0.0125,300,0.4,1.0,10.0,2022-02-03,2022-01-28,2022-01-31,50,154.05,152.05,15677.500000000004,135.02455915,15542.475440850003,7,6,17097.35,17125.65,16550.0,16850.0,17350.0,17650.0,64.3,138.0,152.35,72.0,33.15,72.3,235.8,111.45,300.0,145.95,7297.499999999999,16695.95,17504.05,0.15542475440850004,2.1298356205344304,take_profit_eod_mark,211.6,10580.0,2022-01-31,True,2022,2015-01-01,2021-12-31,0.29556334269382495,688497.9582552002,0.0
2022-02-01,1,TRADE,EXECUTED,0.0125,300,0.4,1.0,10.0,2022-02-03,2022-02-02,2022-02-03,50,38.45,36.45,1725.0,97.46831400000002,1627.531686,2,1,17589.0,17795.9,17050.0,17350.0,17850.0,18150.0,1.9,3.35,38.65,1.65,0.1,0.1,0.15,0.1,300.0,261.55,13077.5,17311.55,17888.45,0.01627531686,0.12445281483463966,take_profit_eod_mark,31.800000000000004,1590.0000000000002,2022-02-03,True,2022,2015-01-01,2021-12-31,0.29556334269382495,690125.4899412001,0.0
2022-02-04,4,TRADE,EXECUTED,0.0125,300,0.4,1.0,10.0,2022-02-10,2022-02-07,2022-02-08,50,122.95,120.95,10552.5,113.68757645,10438.81242355,6,3,17529.65,17218.3,17000.0,17300.0,17750.0,18050.0,61.7,178.9,9.65,3.9,24.35,113.95,4.55,2.05,300.0,177.05,8852.5,17177.05,17872.95,0.1043881242355,1.1791937219486022,take_profit_eod_mark,109.69999999999999,5484.999999999999,2022-02-08,True,2022,2015-01-01,2021-12-31,0.29556334269382495,700564.3023647501,0.0
2022-02-10,3,TRADE,EXECUTED,0.0125,300,0.4,1.0,10.0,2022-02-17,2022-02-11,2022-02-14,50,98.64999999999999,96.64999999999999,16912.5,138.49382275,16774.00617725,7,6,17617.65,17355.8,17050.0,17350.0,17850.0,18150.0,50.7,139.75,12.0,2.4,285.55,527.9,3.85,2.6,300.0,201.35000000000002,10067.500000000002,17251.35,17948.65,0.1677400617725,1.6661540777005213,take_profit_eod_mark,-18.600000000000037,-930.0000000000018,2022-02-14,True,2022,2015-01-01,2021-12-31,0.29556334269382495,717338.308542,0.0
2022-02-15,1,TRADE,EXECUTED,0.0125,300,0.4,1.0,10.0,2022-02-17,2022-02-16,2022-02-17,50,21.0,19.0,857.4999999999999,96.93819375,760.5618062499999,2,1,17360.65,17317.35,16800.0,17100.0,17600.0,17900.0,9.45,24.4,7.75,1.7,0.1,0.2,0.1,0.05,300.0,279.0,13950.0,17079.0,17621.0,0.007605618062499999,0.05452055958781361,take_profit_eod_mark,9.649999999999999,482.49999999999994,2022-02-17,True,2022,2015-01-01,2021-12-31,0.29556334269382495,718098.87034825,0.0
2022-02-18,4,TRADE,EXECUTED,0.0125,300,0.4,1.0,10.0,2022-02-24,2022-02-21,2022-02-22,50,89.85,87.85,8722.5,111.34371144999999,8611.15628855,6,3,17278.05,17205.2,16750.0,17050.0,17500.0,17800.0,36.25,92.5,38.75,5.15,49.25,127.4,12.6,2.15,300.0,210.15,10507.5,16960.15,17589.85,0.08611156288550001,0.8195247478991198,take_profit_eod_mark,59.09999999999999,2954.9999999999995,2022-02-22,True,2022,2015-01-01,2021-12-31,0.29556334269382495,726710.0266368,0.0
2022-02-24,3,TRADE,EXECUTED,0.0125,300,0.4,1.0,10.0,2022-03-03,2022-02-25,2022-02-28,50,206.20000000000007,204.20000000000007,21852.500000000004,156.25531215,21696.244687850005,7,6,16262.5,16656.05,15750.0,16050.0,16500.0,16800.0,49.65,84.85,329.1,158.1,36.75,63.3,416.45,208.15,300.0,93.79999999999993,4689.999999999996,15843.8,16706.2,0.21696244687850005,4.626064965426444,take_profit_eod_mark,109.00000000000009,5450.000000000005,2022-02-28,True,2022,2015-01-01,2021-12-31,0.29556334269382495,748406.27132465,0.0
2022-03-03,3,TRADE,EXECUTED,0.0125,300,0.4,1.0,10.0,2022-03-10,2022-03-04,2022-03-07,50,146.3,144.3,16892.5,150.04130515,16742.45869485,7,6,16505.6,16258.95,15950.0,16250.0,16750.0,17050.0,140.6,248.05,58.75,19.9,275.15,461.9,13.9,5.1,300.0,153.7,7684.999999999999,16103.7,16896.3,0.1674245869485,2.1785892901561486,take_profit_eod_mark,154.85000000000002,7742.500000000001,2022-03-07,True,2022,2015-01-01,2021-12-31,0.29556334269382495,765148.7300195,0.0
2022-03-08,1,TRADE,EXECUTED,0.0125,300,0.4,1.0,10.0,2022-03-10,2022-03-09,2022-03-10,50,148.25,146.25,22037.5,120.15076485,21917.34923515,2,1,16010.9,16365.7,15500.0,15800.0,16250.0,16550.0,5.4,12.6,183.0,41.95,0.1,0.1,342.5,46.0,300.0,151.75,7587.5,15651.75,16398.25,0.2191734923515,2.888612749278418,take_profit_eod_mark,147.6,7380.0,2022-03-10,True,2022,2015-01-01,2021-12-31,0.29556334269382495,787066.07925465,0.0
2022-03-11,4,TRADE,EXECUTED,0.0125,300,0.4,1.0,10.0,2022-03-17,2022-03-14,2022-03-15,50,159.0,157.0,13282.499999999998,122.63717795000001,13159.862822049998,6,3,16647.75,16885.4,16100.0,16400.0,16900.0,17200.0,35.1,71.15,189.4,66.45,36.4,90.0,75.55,18.5,300.0,141.0,7050.0,16241.0,17059.0,0.13159862822049997,1.866647208801418,take_profit_eod_mark,115.24999999999999,5762.499999999999,2022-03-15,True,2022,2015-01-01,2021-12-31,0.29556334269382495,800225.9420767,0.0
2022-03-17,3,TRADE,EXECUTED,0.0125,300,0.4,1.0,10.0,2022-03-24,2022-03-21,2022-03-22,50,129.79999999999998,127.79999999999998,10647.5,115.63231275000001,10531.86768725,7,3,17322.05,17158.65,16800.0,17100.0,17550.0,17850.0,75.25,172.2,43.2,10.35,16.35,56.25,54.2,6.95,300.0,170.20000000000002,8510.0,16970.2,17679.8,0.1053186768725,1.2375872722972974,take_profit_eod_mark,92.99999999999999,4649.999999999999,2022-03-22,True,2022,2015-01-01,2021-12-31,0.29556334269382495,810757.8097639501,0.0
2022-03-24,3,TRADE,EXECUTED,0.0125,300,0.4,1.0,10.0,2022-03-31,2022-03-25,2022-03-28,50,107.39999999999999,105.39999999999999,8632.499999999998,110.72861895000001,8521.771381049999,7,6,17242.8,17194.05,16700.0,17000.0,17500.0,17800.0,42.05,107.1,56.5,14.15,14.7,48.8,41.7,6.55,300.0,192.60000000000002,9630.000000000002,16892.6,17607.4,0.08521771381049999,0.8849191465264795,take_profit_eod_mark,102.89999999999999,5145.0,2022-03-28,True,2022,2015-01-01,2021-12-31,0.29556334269382495,819279.5811450001,0.0
2022-03-29,1,TRADE,EXECUTED,0.0125,300,0.4,1.0,10.0,2022-03-31,2022-03-30,2022-03-31,50,33.35,31.35,1470.0,97.1727407,1372.8272593,2,1,17368.05,17515.4,16850.0,17150.0,17600.0,17900.0,2.8,7.0,30.55,1.4,0.15,0.1,0.2,0.1,300.0,266.65,13332.499999999998,17116.65,17633.35,0.013728272593,0.1029684799774986,take_profit_eod_mark,26.650000000000002,1332.5,2022-03-31,True,2022,2015-01-01,2021-12-31,0.29556334269382495,820652.4084043001,0.0
2022-04-01,4,TRADE,EXECUTED,0.0125,300,0.4,1.0,10.0,2022-04-07,2022-04-04,2022-04-05,50,144.05,142.05,11602.5,112.79396875,11489.70603125,6,3,17713.0,18098.2,17150.0,17450.0,17950.0,18250.0,6.1,11.8,178.55,40.2,3.45,7.4,104.65,16.6,300.0,155.95,7797.499999999999,17305.95,18094.05,0.1148970603125,1.4735115141070858,take_profit_eod_mark,172.7,8635.0,2022-04-05,True,2022,2015-01-01,2021-12-31,0.29556334269382495,832142.1144355501,0.0
2022-04-07,3,TRADE,EXECUTED,0.0125,300,0.4,1.0,10.0,2022-04-13,2022-04-08,2022-04-11,50,70.89999999999999,68.89999999999999,5177.499999999999,102.71743035000001,5074.7825696499995,6,5,17730.35,17878.75,17200.0,17500.0,18000.0,18300.0,8.45,30.8,60.0,11.45,4.55,31.15,12.4,2.35,300.0,229.10000000000002,11455.000000000002,17429.1,18070.9,0.05074782569649999,0.4430189934220863,take_profit_eod_mark,78.35,3917.4999999999995,2022-04-11,True,2022,2015-01-01,2021-12-31,0.29556334269382495,837216.8970052,0.0
2022-04-18,0,TRADE,EXECUTED,0.0125,300,0.4,1.0,10.0,2022-04-21,2022-04-19,2022-04-20,50,84.9,82.9,5210.0,104.5119445,5105.4880555,3,2,17229.6,16969.35,16700.0,17000.0,17450.0,17750.0,30.8,111.9,6.45,2.65,3.9,25.55,2.95,1.3,300.0,215.1,10755.0,16915.1,17534.9,0.051054880555,0.47470832687122266,take_profit_eod_mark,80.60000000000001,4030.0000000000005,2022-04-20,True,2022,2015-01-01,2021-12-31,0.29556334269382495,842322.3850607,0.0
2022-04-21,3,TRADE,EXECUTED,0.0125,300,0.4,1.0,10.0,2022-04-28,2022-04-22,2022-04-25,50,94.25000000000001,92.25000000000001,12205.000000000002,118.66975649999999,12086.330243500002,7,6,17410.15,17177.75,16850.0,17150.0,17650.0,17950.0,47.4,132.05,13.8,4.2,98.9,250.25,4.7,2.2,300.0,205.75,10287.5,17055.75,17744.25,0.12086330243500003,1.1748559167436212,take_profit_eod_mark,126.60000000000002,6330.000000000001,2022-04-25,True,2022,2015-01-01,2021-12-31,0.29556334269382495,854408.7153042,0.0
2022-04-26,1,TRADE,EXECUTED,0.0125,300,0.4,1.0,10.0,2022-04-28,2022-04-27,2022-04-28,50,35.85000000000001,33.85000000000001,1597.5000000000005,97.63402355000001,1499.8659764500005,2,1,17204.0,17053.8,16650.0,16950.0,17450.0,17750.0,5.9,40.7,2.45,1.4,0.1,0.2,0.1,0.1,300.0,264.15,13207.499999999998,16914.15,17485.85,0.014998659764500006,0.11356168665152382,take_profit_eod_mark,28.300000000000008,1415.0000000000005,2022-04-28,True,2022,2015-01-01,2021-12-31,0.29556334269382495,855908.58128065,0.0
2022-04-29,4,TRADE,EXECUTED,0.0125,300,0.4,1.0,10.0,2022-05-05,2022-05-02,2022-05-04,50,72.55,70.55,12292.500000000002,110.85922055,12181.640779450001,6,3,17135.25,17084.25,16600.0,16900.0,17350.0,17650.0,16.95,61.65,31.75,3.9,55.7,231.45,4.55,3.0,300.0,227.45,11372.5,16827.45,17422.55,0.12181640779450001,1.0711488924554848,take_profit_eod_mark,21.599999999999994,1079.9999999999998,2022-05-04,True,2022,2015-01-01,2021-12-31,0.29556334269382495,868090.2220601,0.0
2022-05-05,3,TRADE,EXECUTED,0.0125,300,0.4,1.0,10.0,2022-05-12,2022-05-06,2022-05-09,50,119.24999999999999,117.24999999999999,12900.0,123.517426,12776.482574,7,6,16694.3,16419.4,16150.0,16450.0,16950.0,17250.0,89.8,195.95,17.95,4.85,91.55,231.55,5.05,2.3,300.0,180.75,9037.5,16330.75,17069.25,0.12776482574,1.4137186803872752,take_profit_eod_mark,119.64999999999999,5982.5,2022-05-09,True,2022,2015-01-01,2021-12-31,0.29556334269382495,880866.7046341,0.0
2022-05-10,1,TRADE,EXECUTED,0.0125,300,0.4,1.0,10.0,2022-05-12,2022-05-11,2022-05-12,50,30.65,28.65,11477.5,101.65417445000001,11375.84582555,2,1,16247.1,16177.95,15700.0,16000.0,16500.0,16800.0,4.15,31.4,5.05,1.65,0.35,203.2,0.15,0.1,300.0,269.35,13467.500000000002,15969.35,16530.65,0.1137584582555,0.8446887563059217,take_profit_eod_mark,53.599999999999994,2679.9999999999995,2022-05-12,True,2022,2015-01-01,2021-12-31,0.29556334269382495,892242.55045965,0.0
2022-05-13,4,TRADE,EXECUTED,0.0125,300,0.4,1.0,10.0,2022-05-19,2022-05-16,2022-05-17,50,103.15,101.15,15489.999999999998,118.3769648,15371.623035199998,6,3,15786.6,15842.6,15250.0,15550.0,16000.0,16300.0,18.8,58.9,78.35,15.3,3.6,7.9,297.85,91.5,300.0,196.85,9842.5,15446.85,16103.15,0.153716230352,1.5617600238963676,take_profit_eod_mark,72.1,3604.9999999999995,2022-05-17,True,2022,2015-01-01,2021-12-31,0.29556334269382495,907614.17349485,0.0
2022-05-19,3,TRADE,EXECUTED,0.0125,300,0.4,1.0,10.0,2022-05-26,2022-05-20,2022-05-23,50,206.49999999999997,204.49999999999997,19347.500000000004,137.89767275,19209.602327250002,7,6,15769.45,16253.25,15250.0,15550.0,16000.0,16300.0,10.6,25.35,343.4,151.65,6.7,19.3,269.8,97.95,300.0,93.50000000000003,4675.000000000002,15343.5,16206.5,0.19209602327250003,4.109005845401068,take_profit_eod_mark,243.29999999999995,12164.999999999998,2022-05-23,True,2022,2015-01-01,2021-12-31,0.29556334269382495,926823.7758221,0.0
2022-05-24,1,TRADE,EXECUTED,0.0125,300,0.4,1.0,10.0,2022-05-26,2022-05-25,2022-05-26,50,49.6,47.6,2285.0,98.666669,2186.333331,2,1,16104.7,16013.8,15600.0,15900.0,16350.0,16650.0,5.9,50.95,6.55,2.0,0.1,0.2,0.15,0.15,300.0,250.4,12520.0,15850.4,16399.6,0.021863333309999997,0.1746272628594249,take_profit_eod_mark,40.95,2047.5000000000002,2022-05-26,True,2022,2015-01-01,2021-12-31,0.29556334269382495,929010.1091530999,0.0
2022-05-27,4,TRADE,EXECUTED,0.0125,300,0.4,1.0,10.0,2022-06-02,2022-05-30,2022-05-31,50,150.29999999999998,148.29999999999998,13115.0,115.08835160000001,12999.9116484,6,3,16326.9,16643.45,15800.0,16100.0,16550.0,16850.0,6.4,16.25,189.1,48.65,4.45,15.0,126.5,21.05,300.0,149.70000000000002,7485.000000000001,15949.7,16700.3,0.129999116484,1.7367951434068134,take_profit_eod_mark,206.45,10322.5,2022-05-31,True,2022,2015-01-01,2021-12-31,0.29556334269382495,942010.0208015,0.0
2022-06-02,3,TRADE,EXECUTED,0.0125,300,0.4,1.0,10.0,2022-06-09,2022-06-03,2022-06-06,50,101.55000000000001,99.55000000000001,8750.0,108.503994,8641.496006,7,6,16621.2,16604.65,16100.0,16400.0,16850.0,17150.0,24.85,79.25,58.65,11.5,15.8,65.55,31.55,3.85,300.0,198.45,9922.5,16298.45,16951.55,0.08641496005999999,0.8708990683799445,take_profit_eod_mark,129.5,6475.0,2022-06-06,True,2022,2015-01-01,2021-12-31,0.29556334269382495,950651.5168074999,0.0
2022-06-07,1,TRADE,EXECUTED,0.0125,300,0.4,1.0,10.0,2022-06-09,2022-06-08,2022-06-09,50,21.250000000000004,19.250000000000004,865.0000000000002,96.1870766,768.8129234000003,2,1,16429.25,16364.8,15900.0,16200.0,16650.0,16950.0,1.4,20.5,3.6,1.45,0.1,0.15,0.1,0.1,300.0,278.75,13937.5,16178.75,16671.25,0.007688129234000003,0.05516146535605383,take_profit_eod_mark,14.150000000000006,707.5000000000002,2022-06-09,True,2022,2015-01-01,2021-12-31,0.29556334269382495,951420.3297308999,0.0
2022-06-10,4,TRADE,EXECUTED,0.0125,300,0.4,1.0,10.0,2022-06-16,2022-06-13,2022-06-14,50,173.24999999999997,171.24999999999997,18082.5,132.70797095,17949.79202905,6,3,16219.35,15766.25,15700.0,16000.0,16450.0,16750.0,120.0,288.95,7.15,2.85,109.8,300.8,3.2,1.8,300.0,126.75000000000003,6337.500000000002,15826.75,16623.25,0.17949792029050002,2.832314324110453,take_profit_eod_mark,220.79999999999995,11039.999999999998,2022-06-14,True,2022,2015-01-01,2021-12-31,0.29556334269382495,969370.1217599498,0.0
2022-06-16,3,TRADE,EXECUTED,0.0125,300,0.4,1.0,10.0,2022-06-23,2022-06-17,2022-06-20,50,130.75,128.75,11090.0,116.24660940000001,10973.7533906,7,6,15348.55,15319.25,14850.0,15150.0,15550.0,15850.0,59.65,128.3,80.95,18.85,28.25,78.7,50.75,6.15,300.0,169.25,8462.5,15019.25,15680.75,0.10973753390600001,1.2967507699379617,take_profit_eod_mark,130.7,6534.999999999999,2022-06-20,True,2022,2015-01-01,2021-12-31,0.29556334269382495,980343.8751505498,0.0
2022-06-21,1,TRADE,EXECUTED,0.0125,300,0.4,1.0,10.0,2022-06-23,2022-06-22,2022-06-23,50,64.19999999999999,62.19999999999999,3017.4999999999995,100.11826185,2917.3817381499994,2,1,15638.4,15403.4,15100.0,15400.0,15850.0,16150.0,11.2,74.55,2.1,1.25,0.1,0.25,0.1,0.1,300.0,235.8,11790.0,15335.8,15914.2,0.029173817381499993,0.24744544004664965,take_profit_eod_mark,54.64999999999999,2732.4999999999995,2022-06-23,True,2022,2015-01-01,2021-12-31,0.29556334269382495,983261.2568886998,0.0
2022-06-24,4,TRADE,EXECUTED,0.0125,300,0.4,1.0,10.0,2022-06-30,2022-06-27,2022-06-28,50,84.55,82.55,7207.499999999999,104.50878985,7102.9912101499995,6,3,15712.3,15835.55,15200.0,15500.0,15950.0,16250.0,8.2,30.45,74.25,11.95,3.85,18.15,54.55,5.25,300.0,215.45,10772.5,15415.45,16034.55,0.07102991210149999,0.6593633056532838,take_profit_eod_mark,107.0,5350.0,2022-06-28,True,2022,2015-01-01,2021-12-31,0.29556334269382495,990364.2480988498,0.0
2022-06-30,3,TRADE,EXECUTED,0.0125,300,0.4,1.0,10.0,2022-07-07,2022-07-01,2022-07-04,50,99.10000000000001,97.10000000000001,8382.5,107.70623795,8274.79376205,7,6,15786.35,15754.25,15250.0,15550.0,16000.0,16300.0,27.75,80.8,55.35,9.3,8.1,34.8,51.15,5.3,300.0,200.89999999999998,10044.999999999998,15450.9,16099.1,0.08274793762049999,0.8237724004031858,take_profit_eod_mark,113.85000000000001,5692.5,2022-07-04,True,2022,2015-01-01,2021-12-31,0.29556334269382495,998639.0418608998,0.0
2022-07-05,1,TRADE,EXECUTED,0.0125,300,0.4,1.0,10.0,2022-07-07,2022-07-06,2022-07-07,50,67.85000000000001,65.85000000000001,9757.500000000002,102.53642425,9654.963575750002,2,1,15776.05,15990.45,15250.0,15550.0,16000.0,16300.0,1.85,5.65,66.55,2.5,0.1,0.1,131.4,0.1,300.0,232.14999999999998,11607.499999999998,15482.15,16067.85,0.09654963575750002,0.8317866530906745,take_profit_eod_mark,112.1,5605.0,2022-07-07,True,2022,2015-01-01,2021-12-31,0.29556334269382495,1008294.0054366498,0.0
2022-07-08,4,TRADE,EXECUTED,0.0125,300,0.4,1.0,10.0,2022-07-14,2022-07-11,2022-07-12,50,56.95,54.95,6062.500000000001,102.06692855,5960.433071450001,6,3,16225.2,16203.5,15700.0,16000.0,16450.0,16750.0,8.85,43.65,24.25,2.1,10.55,75.3,4.9,1.35,300.0,243.05,12152.5,15943.05,16506.95,0.05960433071450001,0.4904697034725366,take_profit_eod_mark,80.5,4025.0,2022-07-12,True,2022,2015-01-01,2021-12-31,0.29556334269382495,1014254.4385080998,0.0
2022-07-14,3,TRADE,EXECUTED,0.0125,300,0.4,1.0,10.0,2022-07-21,2022-07-15,2022-07-18,50,85.44999999999999,83.44999999999999,11724.999999999998,108.4917174,11616.508282599998,7,6,15932.55,16068.3,15400.0,15700.0,16150.0,16450.0,6.4,24.35,78.35,10.85,1.9,4.65,181.2,30.9,300.0,214.55,10727.5,15614.55,16235.45,0.11616508282599998,1.0828718977021672,take_profit_eod_mark,156.2,7809.999999999999,2022-07-18,True,2022,2015-01-01,2021-12-31,0.29556334269382495,1025870.9467906997,0.0
2022-07-19,1,TRADE,EXECUTED,0.0125,300,0.4,1.0,10.0,2022-07-21,2022-07-20,2022-07-21,50,22.849999999999998,20.849999999999998,1100.0,96.317954,1003.682046,2,1,16346.95,16519.6,15800.0,16100.0,16600.0,16900.0,1.6,3.15,22.1,0.8,0.05,0.05,3.2,0.05,300.0,277.15,13857.499999999998,16077.15,16622.85,0.01003682046,0.07242879639184559,take_profit_eod_mark,17.249999999999996,862.4999999999998,2022-07-21,True,2022,2015-01-01,2021-12-31,0.29556334269382495,1026874.6288366998,0.0
2022-07-22,4,TRADE,EXECUTED,0.0125,300,0.4,1.0,10.0,2022-07-28,2022-07-25,2022-07-26,50,55.650000000000006,53.650000000000006,6505.0,102.3909101,6402.6090899,6,3,16722.6,16632.1,16200.0,16500.0,16950.0,17250.0,9.25,53.1,13.55,1.75,12.75,90.05,2.3,1.15,300.0,244.35,12217.5,16444.35,17005.65,0.06402609089900001,0.5240523093840802,take_profit_eod_mark,86.80000000000001,4340.000000000001,2022-07-26,True,2022,2015-01-01,2021-12-31,0.29556334269382495,1033277.2379265998,0.0
2022-07-28,3,TRADE,EXECUTED,0.0125,300,0.4,1.0,10.0,2022-08-04,2022-07-29,2022-08-01,50,117.0,115.0,14650.0,115.72078619999999,14534.2792138,7,6,16923.65,17201.85,16400.0,16700.0,17150.0,17450.0,6.0,17.15,134.1,28.25,3.5,7.0,236.15,59.65,300.0,183.0,9150.0,16583.0,17267.0,0.145342792138,1.588445815715847,take_profit_eod_mark,176.6,8830.0,2022-08-01,True,2022,2015-01-01,2021-12-31,0.29556334269382495,1047811.5171403998,0.0
2022-08-04,3,TRADE,EXECUTED,0.0125,300,0.4,1.0,10.0,2022-08-11,2022-08-05,2022-08-08,50,74.7,72.7,6709.999999999999,104.27002939999998,6605.729970599999,7,6,17387.85,17416.15,16850.0,17150.0,17650.0,17950.0,18.1,57.8,41.45,6.45,6.15,18.95,54.2,3.5,300.0,225.3,11265.0,17075.3,17724.7,0.066057299706,0.5863941385352862,take_profit_eod_mark,80.25,4012.5,2022-08-08,True,2022,2015-01-01,2021-12-31,0.29556334269382495,1054417.2471109997,0.0
2022-08-11,3,TRADE,EXECUTED,0.0125,300,0.4,1.0,10.0,2022-08-18,2022-08-12,2022-08-16,50,43.650000000000006,41.650000000000006,3567.5000000000005,99.69109885,3467.8089011500006,7,6,17684.95,17713.05,17150.0,17450.0,17950.0,18250.0,8.2,33.35,21.5,3.0,2.75,6.6,30.05,2.2,300.0,256.35,12817.500000000002,17406.35,17993.65,0.034678089011500005,0.2705526741681295,take_profit_eod_mark,58.300000000000004,2915.0,2022-08-16,True,2022,2015-01-01,2021-12-31,0.29556334269382495,1057885.05601215,0.0
2022-08-18,3,TRADE,EXECUTED,0.0125,300,0.4,1.0,10.0,2022-08-25,2022-08-19,2022-08-22,50,92.8,90.8,14117.499999999998,117.87861154999999,13999.621388449998,7,6,17980.35,17759.5,17450.0,17750.0,18250.0,18550.0,37.45,122.45,11.05,3.25,92.25,284.7,3.95,2.85,300.0,207.2,10360.0,17657.2,18342.8,0.13999621388449998,1.3513148058349418,take_profit_eod_mark,138.04999999999998,6902.499999999999,2022-08-22,True,2022,2015-01-01,2021-12-31,0.29556334269382495,1071884.6774005997,0.0
2022-08-25,3,TRADE,EXECUTED,0.0125,300,0.4,1.0,10.0,2022-09-01,2022-08-26,2022-08-29,50,76.49999999999999,74.49999999999999,8007.499999999999,106.83847195000001,7900.661528049999,7,6,17531.5,17653.75,17000.0,17300.0,17800.0,18100.0,13.4,47.45,51.15,8.7,30.4,113.85,6.4,2.2,300.0,223.5,11175.0,17223.5,17876.5,0.07900661528049999,0.7069943201834451,take_profit_eod_mark,83.19999999999997,4159.999999999999,2022-08-29,True,2022,2015-01-01,2021-12-31,0.29556334269382495,1079785.3389286497,0.0
2022-09-01,3,TRADE,EXECUTED,0.0125,300,0.4,1.0,10.0,2022-09-08,2022-09-02,2022-09-05,50,90.24999999999999,88.24999999999999,7964.999999999999,107.0032957,7857.996704299999,7,6,17592.4,17562.75,17050.0,17350.0,17850.0,18150.0,26.65,83.2,41.4,7.7,9.5,34.45,53.75,5.65,300.0,209.75,10487.5,17259.75,17940.25,0.07857996704299999,0.7492726297306316,take_profit_eod_mark,112.99999999999997,5649.999999999998,2022-09-05,True,2022,2015-01-01,2021-12-31,0.29556334269382495,1087643.3356329498,0.0
2022-09-06,1,TRADE,EXECUTED,0.0125,300,0.4,1.0,10.0,2022-09-08,2022-09-07,2022-09-08,50,22.45,20.45,927.5,96.35666404999998,831.14333595,2,1,17682.95,17651.05,17150.0,17450.0,17950.0,18250.0,3.0,22.75,3.5,0.8,0.1,0.15,0.1,0.05,300.0,277.55,13877.5,17427.55,17972.45,0.008311433359500001,0.05989143116195281,take_profit_eod_mark,15.600000000000001,780.0000000000001,2022-09-08,True,2022,2015-01-01,2021-12-31,0.29556334269382495,1088474.4789688997,0.0
2022-09-09,4,TRADE,EXECUTED,0.0125,300,0.4,1.0,10.0,2022-09-15,2022-09-12,2022-09-13,50,64.65,62.650000000000006,7237.5,102.63243115000002,7134.86756885,6,3,17866.45,17964.35,17300.0,17600.0,18100.0,18400.0,6.45,24.5,50.95,4.35,3.25,8.15,84.45,5.25,300.0,235.35,11767.5,17535.35,18164.65,0.0713486756885,0.6063197424134268,take_profit_eod_mark,115.25,5762.5,2022-09-13,True,2022,2015-01-01,2021-12-31,0.29556334269382495,1095609.3465377497,0.0
2022-09-15,3,TRADE,EXECUTED,0.0125,300,0.4,1.0,10.0,2022-09-22,2022-09-16,2022-09-19,50,139.55,137.55,12342.500000000002,120.41218635000001,12222.087813650001,7,6,17891.8,17566.15,17350.0,17650.0,18150.0,18450.0,86.85,216.05,14.75,4.4,53.9,159.15,8.05,2.0,300.0,160.45,8022.499999999999,17510.45,18289.55,0.12222087813650001,1.5234761998940483,take_profit_eod_mark,145.65000000000003,7282.500000000002,2022-09-19,True,2022,2015-01-01,2021-12-31,0.29556334269382495,1107831.4343514,0.0
2022-09-20,1,TRADE,EXECUTED,0.0125,300,0.4,1.0,10.0,2022-09-22,2022-09-21,2022-09-22,50,69.5,67.5,3332.5000000000005,100.99840215,3231.5015978500005,2,1,17825.65,17731.45,17300.0,17600.0,18050.0,18350.0,16.25,73.5,13.65,1.4,0.15,1.25,0.1,0.05,300.0,230.5,11525.0,17530.5,18119.5,0.032315015978500006,0.28039059417353585,take_profit_eod_mark,47.0,2350.0,2022-09-22,True,2022,2015-01-01,2021-12-31,0.29556334269382495,1111062.93594925,0.0
2022-09-23,4,TRADE,EXECUTED,0.0125,300,0.4,1.0,10.0,2022-09-29,2022-09-26,2022-09-27,50,129.85000000000002,127.85000000000002,12567.500000000002,116.68269114999998,12450.817308850003,6,3,17335.85,17028.75,16800.0,17100.0,17600.0,17900.0,62.55,184.6,12.8,5.0,39.85,162.45,6.5,3.6,300.0,170.14999999999998,8507.499999999998,16970.15,17729.85,0.12450817308850003,1.4635107033617403,take_profit_eod_mark,140.65,7032.5,2022-09-27,True,2022,2015-01-01,2021-12-31,0.29556334269382495,1123513.7532580998,0.0
2022-09-29,3,TRADE,EXECUTED,0.0125,300,0.4,1.0,10.0,2022-10-06,2022-09-30,2022-10-03,50,144.15,142.15,11145.0,113.4318684,11031.5681316,7,6,16814.0,17103.2,16300.0,16600.0,17050.0,17350.0,11.0,31.05,170.75,46.65,8.0,38.85,61.6,9.7,300.0,155.85,7792.5,16455.85,17194.15,0.11031568131599999,1.4156648227911452,take_profit_eod_mark,157.15,7857.5,2022-10-03,True,2022,2015-01-01,2021-12-31,0.29556334269382495,1134545.3213896998,0.0
2022-10-06,3,TRADE,EXECUTED,0.0125,300,0.4,1.0,10.0,2022-10-13,2022-10-07,2022-10-10,50,84.55000000000001,82.55000000000001,7670.0,105.89428170000002,7564.1057183,7,6,17325.45,17328.85,16800.0,17100.0,17550.0,17850.0,17.5,62.7,45.2,5.85,16.6,71.95,19.5,2.0,300.0,215.45,10772.5,17015.45,17634.55,0.075641057183,0.7021680871014156,take_profit_eod_mark,95.45,4772.5,2022-10-10,True,2022,2015-01-01,2021-12-31,0.29556334269382495,1142109.427108,0.0
2022-10-11,1,TRADE,EXECUTED,0.0125,300,0.4,1.0,10.0,2022-10-13,2022-10-12,2022-10-13,50,51.849999999999994,49.849999999999994,2392.4999999999995,98.37753695,2294.1224630499996,2,1,16978.2,17114.8,16450.0,16750.0,17200.0,17500.0,1.2,5.75,49.25,1.95,0.1,0.1,0.1,0.1,300.0,248.15,12407.5,16698.15,17251.85,0.022941224630499996,0.1848980425589361,take_profit_eod_mark,45.599999999999994,2279.9999999999995,2022-10-13,True,2022,2015-01-01,2021-12-31,0.29556334269382495,1144403.5495710499,0.0
2022-10-14,4,TRADE,EXECUTED,0.0125,300,0.4,1.0,10.0,2022-10-20,2022-10-17,2022-10-18,50,71.60000000000001,69.60000000000001,8752.5,104.07915345,8648.42084655,6,3,17195.5,17300.3,16650.0,16950.0,17450.0,17750.0,7.2,28.25,55.4,4.85,2.2,5.5,113.9,9.75,300.0,228.39999999999998,11419.999999999998,16878.4,17521.6,0.08648420846549999,0.7573048026751314,take_profit_eod_mark,132.85000000000002,6642.500000000001,2022-10-18,True,2022,2015-01-01,2021-12-31,0.29556334269382495,1153051.9704176,0.0
2022-10-20,3,TRADE,EXECUTED,0.0125,300,0.4,1.0,10.0,2022-10-27,2022-10-21,2022-10-24,50,47.05,45.05,5034.999999999999,100.74477389999998,4934.255226099999,7,6,17540.7,17564.45,17000.0,17300.0,17800.0,18100.0,8.65,32.4,26.4,3.1,3.5,7.7,56.9,3.45,300.0,252.95,12647.5,17252.95,17847.05,0.04934255226099999,0.3901368038031231,take_profit_eod_mark,83.75,4187.5,2022-10-24,True,2022,2015-01-01,2021-12-31,0.29556334269382495,1157986.2256437,0.0
2022-10-27,3,TRADE,EXECUTED,0.0125,300,0.4,1.0,10.0,2022-11-03,2022-10-28,2022-10-31,50,80.49999999999999,78.49999999999999,9992.499999999998,106.08368465000002,9886.416315349998,7,6,17721.7,17830.2,17200.0,17500.0,17950.0,18250.0,8.4,37.65,57.2,5.95,2.75,8.2,135.8,17.9,300.0,219.5,10975.0,17419.5,18030.5,0.09886416315349998,0.9008124205330293,take_profit_eod_mark,133.89999999999998,6694.999999999999,2022-10-31,True,2022,2015-01-01,2021-12-31,0.29556334269382495,1167872.64195905,0.0
2022-11-01,1,TRADE,EXECUTED,0.0125,300,0.4,1.0,10.0,2022-11-03,2022-11-02,2022-11-03,50,31.099999999999998,29.099999999999998,1364.9999999999998,97.0309145,1267.9690855,2,1,18211.2,18146.75,17650.0,17950.0,18450.0,18750.0,3.6,33.1,2.4,0.8,0.1,0.3,0.1,0.1,300.0,268.9,13444.999999999998,17918.9,18481.1,0.012679690854999998,0.09430785314243213,take_profit_eod_mark,23.249999999999996,1162.4999999999998,2022-11-03,True,2022,2015-01-01,2021-12-31,0.29556334269382495,1169140.61104455,0.0
2022-11-04,4,TRADE,EXECUTED,0.0125,300,0.4,1.0,10.0,2022-11-10,2022-11-07,2022-11-09,50,21.599999999999998,19.599999999999998,1229.9999999999998,96.6495772,1133.3504227999997,6,3,18194.0,18264.15,17650.0,17950.0,18450.0,18750.0,2.9,13.95,11.85,1.3,0.9,6.35,2.55,1.0,300.0,278.4,13919.999999999998,17928.4,18471.6,0.011333504227999997,0.08141885221264367,take_profit_eod_mark,19.65,982.4999999999999,2022-11-09,True,2022,2015-01-01,2021-12-31,0.29556334269382495,1170273.9614673501,0.0
2022-11-10,3,TRADE,EXECUTED,0.0125,300,0.4,1.0,10.0,2022-11-17,2022-11-11,2022-11-14,50,108.89999999999999,106.89999999999999,9222.5,106.58943345,9115.91056655,7,6,18092.65,18424.0,17550.0,17850.0,18350.0,18650.0,3.6,8.45,121.1,17.05,1.6,4.55,83.65,7.05,300.0,191.10000000000002,9555.000000000002,17741.1,18458.9,0.09115910566549999,0.9540461084824696,take_profit_eod_mark,162.5,8125.0,2022-11-14,True,2022,2015-01-01,2021-12-31,0.29556334269382495,1179389.8720339,0.0
2022-11-17,3,TRADE,EXECUTED,0.0125,300,0.4,1.0,10.0,2022-11-24,2022-11-18,2022-11-21,50,32.74999999999999,30.749999999999993,3644.9999999999995,99.07607939999998,3545.9239205999997,7,6,18378.4,18355.9,17800.0,18100.0,18650.0,18950.0,5.45,28.15,12.65,2.6,4.85,47.35,3.6,1.95,300.0,267.25,13362.5,18067.25,18682.75,0.035459239206,0.2653638107090739,take_profit_eod_mark,51.849999999999994,2592.4999999999995,2022-11-21,True,2022,2015-01-01,2021-12-31,0.29556334269382495,1182935.7959545,0.0
2022-11-24,3,TRADE,EXECUTED,0.0125,300,0.4,1.0,10.0,2022-12-01,2022-11-25,2022-11-28,50,34.9,32.9,3182.5000000000005,98.91452444999999,3083.5854755500004,7,6,18460.2,18646.1,17900.0,18200.0,18700.0,19000.0,4.95,15.35,27.85,3.35,3.65,9.15,29.5,2.25,300.0,265.1,13255.000000000002,18165.1,18734.9,0.030835854755500006,0.23263564508110146,take_profit_eod_mark,39.3,1964.9999999999998,2022-11-28,True,2022,2015-01-01,2021-12-31,0.29556334269382495,1186019.3814300501,0.0
2022-12-01,3,TRADE,EXECUTED,0.0125,300,0.4,1.0,10.0,2022-12-08,2022-12-02,2022-12-05,50,79.65,77.65,7290.000000000001,104.40999450000001,7185.590005500001,7,6,18948.3,18812.55,18400.0,18700.0,19200.0,19500.0,16.65,92.3,5.85,1.85,10.5,77.75,4.25,1.35,300.0,220.35,11017.5,18620.35,19279.65,0.071855900055,0.6521978675289314,take_profit_eod_mark,116.20000000000002,5810.000000000001,2022-12-05,True,2022,2015-01-01,2021-12-31,0.29556334269382495,1193204.9714355501,0.0
2022-12-06,1,TRADE,EXECUTED,0.0125,300,0.4,1.0,10.0,2022-12-08,2022-12-07,2022-12-08,50,25.1,23.1,1070.0,96.4648585,973.5351415,2,1,18771.35,18670.25,18200.0,18500.0,19050.0,19350.0,1.75,26.05,1.95,1.15,0.1,0.3,0.15,0.05,300.0,274.9,13744.999999999998,18474.9,19075.1,0.009735351415,0.07082831149508913,take_profit_eod_mark,19.150000000000002,957.5000000000001,2022-12-08,True,2022,2015-01-01,2021-12-31,0.29556334269382495,1194178.50657705,0.0
2022-12-09,4,TRADE,EXECUTED,0.0125,300,0.4,1.0,10.0,2022-12-15,2022-12-12,2022-12-13,50,25.25,23.25,1992.5,97.61594175,1894.88405825,6,3,18583.65,18605.2,18050.0,18350.0,18850.0,19150.0,4.1,23.8,7.65,2.1,3.4,13.65,9.7,1.35,300.0,274.75,13737.5,18324.75,18875.25,0.0189488405825,0.137935145277525,take_profit_eod_mark,32.05,1602.4999999999998,2022-12-13,True,2022,2015-01-01,2021-12-31,0.29556334269382495,1196073.3906353002,0.0
2022-12-15,3,TRADE,EXECUTED,0.0125,300,0.4,1.0,10.0,2022-12-22,2022-12-16,2022-12-19,50,60.49999999999999,58.49999999999999,3927.499999999999,101.37905135,3826.1209486499993,7,6,18467.0,18328.65,17900.0,18200.0,18700.0,19000.0,13.2,67.2,9.85,3.35,5.05,18.4,10.9,2.2,300.0,239.5,11975.0,18139.5,18760.5,0.03826120948649999,0.3195090562546972,take_profit_eod_mark,65.64999999999999,3282.4999999999995,2022-12-19,True,2022,2015-01-01,2021-12-31,0.29556334269382495,1199899.5115839501,0.0
2022-12-20,1,TRADE,EXECUTED,0.0125,300,0.4,1.0,10.0,2022-12-22,2022-12-21,2022-12-22,50,31.9,29.9,2465.0,97.86029599999999,2367.139704,2,1,18423.95,18275.9,17850.0,18150.0,18700.0,19000.0,5.0,35.75,3.8,2.65,0.1,21.45,0.15,0.1,300.0,268.1,13405.000000000002,18118.1,18731.9,0.02367139704,0.17658632629615814,take_profit_eod_mark,27.299999999999997,1364.9999999999998,2022-12-22,True,2022,2015-01-01,2021-12-31,0.29556334269382495,1202266.65128795,0.0
2022-12-23,4,TRADE,EXECUTED,0.0125,300,0.4,1.0,10.0,2022-12-29,2022-12-26,2022-12-27,50,71.75,69.75,7875.0,103.59445070000001,7771.4055493,6,3,17863.9,18027.3,17300.0,17600.0,18100.0,18400.0,4.9,14.9,70.5,8.75,2.8,5.65,93.35,6.45,300.0,228.25,11412.5,17528.25,18171.75,0.07771405549299999,0.680955579347207,take_profit_eod_mark,92.85,4642.5,2022-12-27,True,2022,2015-01-01,2021-12-31,0.29556334269382495,1210038.05683725,0.0
2023-01-03,1,TRADE,EXECUTED,0.0125,300,0.4,1.0,10.0,2023-01-05,2023-01-04,2023-01-05,50,54.400000000000006,52.400000000000006,5530.0,99.96916110000001,5430.0308389,2,1,18317.3,18103.05,17750.0,18050.0,18550.0,18850.0,2.55,56.2,2.1,1.35,0.15,60.35,0.1,0.1,300.0,245.6,12280.0,17995.6,18604.4,0.054300308389000004,0.4421849217345277,take_profit_eod_mark,66.0,3300.0,2023-01-05,True,2023,2015-01-01,2022-12-30,0.30511343508100813,1215468.08767615,0.0
2023-01-06,4,TRADE,EXECUTED,0.0125,300,0.4,1.0,10.0,2023-01-12,2023-01-09,2023-01-10,50,42.95000000000001,40.95000000000001,2975.000000000001,98.9572576,2876.042742400001,6,3,17943.2,18173.2,17400.0,17700.0,18200.0,18500.0,2.3,6.1,42.7,3.55,2.45,13.35,12.8,3.15,300.0,257.05,12852.5,17657.05,18242.95,0.02876042742400001,0.2237730202217468,take_profit_eod_mark,45.80000000000001,2290.0000000000005,2023-01-10,True,2023,2015-01-01,2022-12-30,0.30511343508100813,1218344.13041855,0.0
2023-01-12,3,TRADE,EXECUTED,0.0125,300,0.4,1.0,10.0,2023-01-19,2023-01-13,2023-01-16,50,51.6,49.6,3960.0,100.1255752,3859.8744248,7,6,17918.65,18025.25,17350.0,17650.0,18150.0,18450.0,5.4,21.5,39.35,3.85,2.6,17.7,19.45,2.95,300.0,248.4,12420.0,17598.4,18201.6,0.038598744248,0.310778939194847,take_profit_eod_mark,65.45,3272.5,2023-01-16,True,2023,2015-01-01,2022-12-30,0.30511343508100813,1222204.00484335,0.0
2023-01-19,3,TRADE,EXECUTED,0.0125,300,0.4,1.0,10.0,2023-01-25,2023-01-20,2023-01-23,50,30.249999999999996,28.249999999999996,1729.9999999999998,97.6442806,1632.3557193999998,6,5,18113.15,18055.8,17550.0,17850.0,18350.0,18650.0,3.85,26.25,10.55,2.7,1.85,5.15,6.55,1.5,300.0,269.75,13487.5,17819.75,18380.25,0.016323557194,0.12102730078962,take_profit_eod_mark,29.999999999999996,1499.9999999999998,2023-01-23,True,2023,2015-01-01,2022-12-30,0.30511343508100813,1223836.3605627501,0.0
2023-01-27,4,TRADE,EXECUTED,0.0125,300,0.4,1.0,10.0,2023-02-02,2023-01-30,2023-01-31,50,91.25,89.25,8535.0,109.33988249999999,8425.6601175,6,3,17687.15,17741.75,17150.0,17450.0,17950.0,18250.0,25.9,76.65,55.15,14.65,15.75,52.8,61.5,15.1,300.0,208.75,10437.5,17358.75,18041.25,0.084256601175,0.8072488735329341,take_profit_eod_mark,106.0,5300.0,2023-01-31,True,2023,2015-01-01,2022-12-30,0.30511343508100813,1232262.0206802501,0.0
2023-02-02,3,TRADE,EXECUTED,0.0125,300,0.4,1.0,10.0,2023-02-09,2023-02-03,2023-02-06,50,80.55000000000001,78.55000000000001,6040.000000000001,103.39201639999999,5936.607983600001,7,6,17685.25,17902.15,17150.0,17450.0,17950.0,18250.0,8.85,24.5,73.15,8.25,4.2,18.7,33.35,3.6,300.0,219.45,10972.5,17369.45,18030.55,0.05936607983600001,0.5410442454864435,take_profit_eod_mark,99.15,4957.5,2023-02-06,True,2023,2015-01-01,2022-12-30,0.30511343508100813,1238198.6286638502,0.0
2023-02-09,3,TRADE,EXECUTED,0.0125,300,0.4,1.0,10.0,2023-02-16,2023-02-10,2023-02-13,50,36.099999999999994,34.099999999999994,3950.0,99.44371779999997,3850.5562822,7,6,17945.85,17877.1,17400.0,17700.0,18200.0,18500.0,6.65,37.4,6.8,1.45,5.8,50.95,3.45,1.7,300.0,263.9,13194.999999999998,17663.9,18236.1,0.038505562822,0.29181934688897315,take_profit_eod_mark,48.65,2432.5,2023-02-13,True,2023,2015-01-01,2022-12-30,0.30511343508100813,1242049.1849460502,0.0
2023-02-16,3,TRADE,EXECUTED,0.0125,300,0.4,1.0,10.0,2023-02-23,2023-02-17,2023-02-20,50,39.599999999999994,37.599999999999994,4432.5,100.38529265000001,4332.11470735,7,6,18062.85,17951.0,17500.0,17800.0,18300.0,18600.0,8.4,42.05,8.4,2.45,7.55,58.3,5.5,3.2,300.0,260.4,13019.999999999998,17760.4,18339.6,0.043321147073499995,0.33272770409754227,take_profit_eod_mark,47.49999999999999,2374.9999999999995,2023-02-20,True,2023,2015-01-01,2022-12-30,0.30511343508100813,1246381.2996534002,0.0
2023-02-21,1,TRADE,EXECUTED,0.0125,300,0.4,1.0,10.0,2023-02-23,2023-02-22,2023-02-23,50,70.04999999999998,68.04999999999998,7454.999999999998,101.8155276,7353.184472399998,2,1,17840.1,17566.9,17300.0,17600.0,18100.0,18400.0,4.4,73.6,2.8,1.95,0.2,83.25,0.1,0.1,300.0,229.95000000000002,11497.5,17529.95,18170.05,0.07353184472399998,0.6395463772472275,take_profit_eod_mark,79.44999999999999,3972.4999999999995,2023-02-23,True,2023,2015-01-01,2022-12-30,0.30511343508100813,1253734.4841258002,0.0
2023-02-24,4,TRADE,EXECUTED,0.0125,300,0.4,1.0,10.0,2023-03-02,2023-02-27,2023-02-28,50,38.8,36.8,4490.0,99.7634201,4390.2365799,6,3,17559.25,17497.95,17000.0,17300.0,17800.0,18100.0,6.15,41.55,5.75,2.35,4.8,59.25,2.3,1.75,300.0,261.2,13060.0,17261.2,17838.8,0.043902365799,0.3361590030551302,take_profit_eod_mark,53.05,2652.5,2023-02-28,True,2023,2015-01-01,2022-12-30,0.30511343508100813,1258124.7207057,0.0
2023-03-02,3,TRADE,EXECUTED,0.0125,300,0.4,1.0,10.0,2023-03-09,2023-03-03,2023-03-06,50,58.199999999999996,56.199999999999996,7405.0,101.79468519999999,7303.2053148,7,6,17399.4,17671.55,16850.0,17150.0,17650.0,17950.0,3.15,6.55,58.55,3.75,1.25,1.95,97.9,4.7,300.0,241.8,12090.0,17091.8,17708.2,0.073032053148,0.6040699185111663,take_profit_eod_mark,105.54999999999998,5277.499999999999,2023-03-06,True,2023,2015-01-01,2022-12-30,0.30511343508100813,1265427.9260205,0.0
2023-03-09,3,TRADE,EXECUTED,0.0125,300,0.4,1.0,10.0,2023-03-16,2023-03-10,2023-03-13,50,75.9,73.9,12794.999999999998,114.3483572,12680.651642799998,7,6,17645.1,17452.55,17100.0,17400.0,17900.0,18200.0,19.35,92.5,4.65,1.9,88.85,271.25,4.45,2.85,300.0,224.1,11205.0,17324.1,17975.9,0.12680651642799998,1.1316958181883086,take_profit_eod_mark,2.549999999999997,127.49999999999986,2023-03-13,True,2023,2015-01-01,2022-12-30,0.30511343508100813,1278108.5776633,0.0
2023-03-14,1,TRADE,EXECUTED,0.0125,300,0.4,1.0,10.0,2023-03-16,2023-03-15,2023-03-16,50,31.999999999999996,29.999999999999996,1422.4999999999998,97.14656385,1325.3534361499997,2,1,17125.75,17037.35,16600.0,16900.0,17350.0,17650.0,2.9,33.3,3.65,2.05,0.1,0.5,0.1,0.05,300.0,268.0,13400.0,16868.0,17382.0,0.013253534361499996,0.0989069728470149,take_profit_eod_mark,22.249999999999996,1112.4999999999998,2023-03-16,True,2023,2015-01-01,2022-12-30,0.30511343508100813,1279433.93109945,0.0
2023-03-17,4,TRADE,EXECUTED,0.0125,300,0.4,1.0,10.0,2023-03-23,2023-03-20,2023-03-21,50,76.8,74.8,5225.0,103.25697389999999,5121.7430261,6,3,17178.15,17028.9,16650.0,16950.0,17400.0,17700.0,20.0,91.45,7.3,1.95,5.9,31.6,7.45,1.45,300.0,223.2,11160.0,16873.2,17476.8,0.051217430261,0.45893754714157703,take_profit_eod_mark,84.14999999999999,4207.5,2023-03-21,True,2023,2015-01-01,2022-12-30,0.30511343508100813,1284555.67412555,0.0
2023-03-23,3,TRADE,EXECUTED,0.0125,300,0.4,1.0,10.0,2023-03-29,2023-03-24,2023-03-27,50,59.35,57.35,4112.5,101.49372175,4011.00627825,6,5,17087.5,16955.05,16550.0,16850.0,17350.0,17650.0,16.2,69.15,8.8,2.4,4.75,28.7,4.35,1.4,300.0,240.65,12032.5,16790.65,17409.35,0.0401100627825,0.3333477064824434,take_profit_eod_mark,57.900000000000006,2895.0000000000005,2023-03-27,True,2023,2015-01-01,2022-12-30,0.30511343508100813,1288566.6804038,0.0
2023-03-31,4,TRADE,EXECUTED,0.0125,300,0.4,1.0,10.0,2023-04-06,2023-04-03,2023-04-05,50,14.399999999999997,12.399999999999997,762.4999999999998,96.07413945,666.4258605499998,6,3,17442.65,17474.0,16900.0,17200.0,17700.0,18000.0,2.9,15.7,2.4,0.8,1.75,3.2,3.85,0.45,300.0,285.6,14280.000000000002,17185.6,17714.4,0.006664258605499998,0.0466684776295518,take_profit_eod_mark,11.249999999999996,562.4999999999998,2023-04-05,True,2023,2015-01-01,2022-12-30,0.30511343508100813,1289233.10626435,0.0
2023-04-13,3,TRADE,EXECUTED,0.0125,300,0.4,1.0,10.0,2023-04-20,2023-04-17,2023-04-18,50,37.25,35.25,3697.4999999999995,98.93668505,3598.5633149499995,7,3,17879.65,17760.1,17350.0,17650.0,18150.0,18450.0,5.55,42.05,2.35,1.6,2.4,42.8,1.5,1.2,300.0,262.75,13137.5,17612.75,18187.25,0.03598563314949999,0.27391538077640337,take_profit_eod_mark,55.1,2755.0,2023-04-18,True,2023,2015-01-01,2022-12-30,0.30511343508100813,1292831.6695793,0.0
2023-04-20,3,TRADE,EXECUTED,0.0125,300,0.4,1.0,10.0,2023-04-27,2023-04-21,2023-04-24,50,16.7,14.7,1362.5,96.75882685,1265.74117315,7,6,17655.8,17657.3,17100.0,17400.0,17900.0,18200.0,3.45,14.2,7.75,1.8,2.6,5.4,13.1,1.35,300.0,283.3,14165.0,17383.3,17916.7,0.012657411731499998,0.08935694833392163,take_profit_eod_mark,17.849999999999998,892.4999999999999,2023-04-24,True,2023,2015-01-01,2022-12-30,0.30511343508100813,1294097.41075245,0.0
2023-04-27,3,TRADE,EXECUTED,0.0125,300,0.4,1.0,10.0,2023-05-04,2023-04-28,2023-05-02,50,30.649999999999995,28.649999999999995,4509.999999999999,98.7637699,4411.236230099999,7,6,17908.1,18111.15,17350.0,17650.0,18150.0,18450.0,2.95,5.95,29.45,1.8,1.5,2.5,64.75,2.2,300.0,269.35,13467.500000000002,17619.35,18180.65,0.04411236230099999,0.32754677780582875,take_profit_eod_mark,60.749999999999986,3037.499999999999,2023-05-02,True,2023,2015-01-01,2022-12-30,0.30511343508100813,1298508.6469825502,0.0
2023-05-04,3,TRADE,EXECUTED,0.0125,300,0.4,1.0,10.0,2023-05-11,2023-05-05,2023-05-08,50,59.400000000000006,57.400000000000006,3467.5000000000005,100.57316234999999,3366.9268376500004,7,6,18294.65,18129.7,17750.0,18050.0,18550.0,18850.0,10.6,68.45,3.95,2.4,3.8,14.25,4.6,1.1,300.0,240.6,12030.0,17990.6,18609.4,0.03366926837650001,0.27987754261429765,take_profit_eod_mark,58.2,2910.0,2023-05-08,True,2023,2015-01-01,2022-12-30,0.30511343508100813,1301875.5738202,0.0
2023-05-11,3,TRADE,EXECUTED,0.0125,300,0.4,1.0,10.0,2023-05-18,2023-05-12,2023-05-15,50,27.149999999999995,25.149999999999995,1947.4999999999998,97.92504455,1849.5749554499998,7,6,18353.4,18333.4,17800.0,18100.0,18600.0,18900.0,6.3,26.5,8.3,1.35,4.7,11.9,9.75,1.15,300.0,272.85,13642.500000000002,18072.85,18627.15,0.018495749554499997,0.13557448821330398,take_profit_eod_mark,29.449999999999996,1472.4999999999998,2023-05-15,True,2023,2015-01-01,2022-12-30,0.30511343508100813,1303725.14877565,0.0
2023-05-18,3,TRADE,EXECUTED,0.0125,300,0.4,1.0,10.0,2023-05-25,2023-05-19,2023-05-22,50,17.799999999999997,15.799999999999997,1882.5,97.09425535,1785.40574465,7,6,18175.45,18225.4,17600.0,17900.0,18450.0,18750.0,3.35,11.1,12.05,2.0,3.0,5.9,22.35,1.4,300.0,282.2,14110.0,17882.2,18467.8,0.0178540574465,0.12653477991849751,take_profit_eod_mark,21.15,1057.5,2023-05-22,True,2023,2015-01-01,2022-12-30,0.30511343508100813,1305510.5545203,0.0
2023-05-26,4,TRADE,EXECUTED,0.0125,300,0.4,1.0,10.0,2023-06-01,2023-05-29,2023-05-30,50,12.600000000000003,10.600000000000003,692.5000000000001,96.26237625000002,596.2376237500001,6,3,18573.3,18673.7,18000.0,18300.0,18850.0,19150.0,4.45,11.8,6.65,1.4,2.4,4.8,3.8,0.95,300.0,287.4,14369.999999999998,18287.4,18862.6,0.005962376237500002,0.04149183185455812,take_profit_eod_mark,10.000000000000004,500.00000000000017,2023-05-30,True,2023,2015-01-01,2022-12-30,0.30511343508100813,1306106.79214405,0.0
2023-06-01,3,TRADE,EXECUTED,0.0125,300,0.4,1.0,10.0,2023-06-08,2023-06-02,2023-06-05,50,16.65,14.649999999999999,1050.0,96.5850743,953.4149257,7,6,18570.0,18635.95,18000.0,18300.0,18850.0,19150.0,3.5,14.7,7.25,1.8,2.1,5.8,6.1,1.45,300.0,283.35,14167.500000000002,18283.35,18866.65,0.009534149257,0.06729591852479265,take_profit_eod_mark,17.049999999999997,852.4999999999999,2023-06-05,True,2023,2015-01-01,2022-12-30,0.30511343508100813,1307060.20706975,0.0
2023-06-08,3,TRADE,EXECUTED,0.0125,300,0.4,1.0,10.0,2023-06-15,2023-06-09,2023-06-12,50,31.249999999999993,29.249999999999993,2114.9999999999995,97.98458330000001,2017.0154166999996,7,6,18709.95,18631.55,18150.0,18450.0,18950.0,19250.0,4.6,32.55,5.4,2.1,2.85,16.45,3.1,1.65,300.0,268.75,13437.5,18418.75,18981.25,0.020170154166999996,0.15010347287069764,take_profit_eod_mark,36.89999999999999,1844.9999999999995,2023-06-12,True,2023,2015-01-01,2022-12-30,0.30511343508100813,1309077.2224864499,0.0
2023-06-15,3,TRADE,EXECUTED,0.0125,300,0.4,1.0,10.0,2023-06-22,2023-06-16,2023-06-19,50,27.75,25.75,1797.4999999999998,97.56695045000001,1699.9330495499999,7,6,18745.45,18899.15,18200.0,18500.0,19000.0,19300.0,3.85,9.15,24.55,2.1,2.2,6.35,9.95,1.9,300.0,272.25,13612.5,18472.25,19027.75,0.0169993304955,0.12488029748760329,take_profit_eod_mark,31.450000000000003,1572.5000000000002,2023-06-19,True,2023,2015-01-01,2022-12-30,0.30511343508100813,1310777.155536,0.0
2023-06-22,3,TRADE,EXECUTED,0.0125,300,0.4,1.0,10.0,2023-06-29,2023-06-23,2023-06-26,50,24.500000000000004,22.500000000000004,1787.5,97.33984104999999,1690.16015895,7,6,18830.05,18705.9,18250.0,18550.0,19100.0,19400.0,3.75,26.6,3.55,1.9,2.3,16.65,2.3,1.4,300.0,275.5,13775.0,18525.5,19124.5,0.0169016015895,0.12269765219237751,take_profit_eod_mark,26.85,1342.5,2023-06-26,True,2023,2015-01-01,2022-12-30,0.30511343508100813,1312467.3156949498,0.0
2023-06-30,4,TRADE,EXECUTED,0.0125,300,0.4,1.0,10.0,2023-07-06,2023-07-03,2023-07-04,50,14.500000000000002,12.500000000000002,1097.5000000000002,96.93861245,1000.5613875500003,6,3,19261.25,19404.95,18700.0,19000.0,19550.0,19850.0,7.4,14.45,9.05,1.6,3.4,6.2,9.8,1.15,300.0,285.5,14275.0,18985.5,19564.5,0.010005613875500002,0.07009186602802103,take_profit_eod_mark,11.05,552.5,2023-07-04,True,2023,2015-01-01,2022-12-30,0.30511343508100813,1313467.8770825,0.0
2023-07-06,3,TRADE,EXECUTED,0.0125,300,0.4,1.0,10.0,2023-07-13,2023-07-07,2023-07-10,50,45.699999999999996,43.699999999999996,3467.4999999999995,99.65318785,3367.8468121499996,7,6,19536.1,19398.5,18950.0,19250.0,19800.0,20100.0,6.85,49.6,5.65,2.7,4.1,30.35,2.9,1.5,300.0,254.3,12715.0,19204.3,19845.7,0.033678468121499994,0.2648719474754227,take_profit_eod_mark,33.64999999999999,1682.4999999999995,2023-07-10,True,2023,2015-01-01,2022-12-30,0.30511343508100813,1316835.72389465,0.0
2023-07-13,3,TRADE,EXECUTED,0.0125,300,0.4,1.0,10.0,2023-07-20,2023-07-14,2023-07-17,50,22.1,20.1,3602.5000000000005,98.59642754999999,3503.9035724500004,7,6,19474.8,19598.85,18900.0,19200.0,19750.0,20050.0,4.95,10.65,18.45,2.05,5.3,8.95,53.45,3.15,300.0,277.9,13894.999999999998,19177.9,19772.1,0.035039035724500005,0.2521701023713567,take_profit_eod_mark,32.800000000000004,1640.0000000000002,2023-07-17,True,2023,2015-01-01,2022-12-30,0.30511343508100813,1320339.6274670998,0.0
2023-07-20,3,TRADE,EXECUTED,0.0125,300,0.4,1.0,10.0,2023-07-27,2023-07-21,2023-07-24,50,66.8,64.8,7237.5,103.99109915,7133.50890085,7,6,19970.2,19776.4,19400.0,19700.0,20250.0,20550.0,15.4,77.6,7.65,3.05,12.15,92.75,3.55,2.2,300.0,233.2,11660.0,19633.2,20316.8,0.0713350890085,0.6117932161963979,take_profit_eod_mark,98.0,4900.0,2023-07-24,True,2023,2015-01-01,2022-12-30,0.30511343508100813,1327473.13636795,0.0
2023-07-27,3,TRADE,EXECUTED,0.0125,300,0.4,1.0,10.0,2023-08-03,2023-07-28,2023-07-31,50,31.6,29.6,2672.5,98.52794265000001,2573.97205735,7,6,19646.9,19751.8,19100.0,19400.0,19900.0,20200.0,4.05,18.1,22.2,4.65,3.0,6.55,24.8,2.5,300.0,268.4,13419.999999999998,19368.4,19931.6,0.025739720573499998,0.19180119652384503,take_profit_eod_mark,39.45,1972.5000000000002,2023-07-31,True,2023,2015-01-01,2022-12-30,0.30511343508100813,1330047.1084252999,0.0
2023-08-01,1,TRADE,EXECUTED,0.0125,300,0.4,1.0,10.0,2023-08-03,2023-08-02,2023-08-03,50,70.45,68.45,12275.0,103.80862280000001,12171.1913772,2,1,19812.55,19596.55,19250.0,19550.0,20100.0,20400.0,3.5,73.6,1.45,1.1,0.2,179.2,0.1,0.05,300.0,229.55,11477.5,19479.55,20170.45,0.12171191377200001,1.0604392400087128,take_profit_eod_mark,116.55,5827.5,2023-08-03,True,2023,2015-01-01,2022-12-30,0.30511343508100813,1342218.2998024998,0.0
2023-08-04,4,TRADE,EXECUTED,0.0125,300,0.4,1.0,10.0,2023-08-10,2023-08-07,2023-08-08,50,12.0,10.0,732.4999999999999,96.13954185,636.3604581499999,6,3,19576.25,19661.05,19000.0,19300.0,19850.0,20150.0,3.55,9.75,7.05,1.25,1.95,6.8,3.05,1.25,300.0,288.0,14400.0,19288.0,19862.0,0.0063636045814999985,0.04419169848263888,take_profit_eod_mark,11.8,590.0,2023-08-08,True,2023,2015-01-01,2022-12-30,0.30511343508100813,1342854.6602606499,0.0
2023-08-10,3,TRADE,EXECUTED,0.0125,300,0.4,1.0,10.0,2023-08-17,2023-08-11,2023-08-14,50,37.050000000000004,35.050000000000004,3082.5000000000005,98.73279464999999,2983.7672053500005,7,6,19596.8,19504.35,19050.0,19350.0,19850.0,20150.0,5.35,38.45,5.6,1.65,3.75,31.35,1.85,0.85,300.0,262.95,13147.5,19312.95,19887.05,0.029837672053500006,0.22694559462635486,take_profit_eod_mark,41.00000000000001,2050.0000000000005,2023-08-14,True,2023,2015-01-01,2022-12-30,0.30511343508100813,1345838.427466,0.0
2023-08-17,3,TRADE,EXECUTED,0.0125,300,0.4,1.0,10.0,2023-08-24,2023-08-18,2023-08-21,50,30.9,28.9,1954.9999999999998,97.95229030000002,1857.0477096999998,7,6,19393.9,19331.5,18850.0,19150.0,19650.0,19950.0,5.5,32.85,5.3,1.75,3.0,12.3,4.45,1.55,300.0,269.1,13455.000000000002,19119.1,19680.9,0.018570477096999997,0.1380191534522482,take_profit_eod_mark,32.5,1625.0,2023-08-21,True,2023,2015-01-01,2022-12-30,0.30511343508100813,1347695.4751757,0.0
2023-08-24,3,TRADE,EXECUTED,0.0125,300,0.4,1.0,10.0,2023-08-31,2023-08-25,2023-08-28,50,47.7,45.7,3137.5,99.66865105000001,3037.83134895,7,6,19395.6,19250.3,18850.0,19150.0,19650.0,19950.0,8.4,51.6,6.8,2.3,3.65,20.05,4.15,1.5,300.0,252.3,12615.0,19102.3,19697.7,0.0303783134895,0.2408110462901308,take_profit_eod_mark,49.650000000000006,2482.5000000000005,2023-08-28,True,2023,2015-01-01,2022-12-30,0.30511343508100813,1350733.30652465,0.0
2023-08-31,3,TRADE,EXECUTED,0.0125,300,0.4,1.0,10.0,2023-09-07,2023-09-01,2023-09-04,50,57.65,55.65,6892.5,101.51713845,6790.98286155,7,6,19252.0,19512.1,18700.0,19000.0,19500.0,19800.0,3.45,7.7,56.55,3.15,2.7,4.35,85.85,3.3,300.0,242.35,12117.5,18942.35,19557.65,0.0679098286155,0.5604277170662265,take_profit_eod_mark,92.75,4637.5,2023-09-04,True,2023,2015-01-01,2022-12-30,0.30511343508100813,1357524.2893862,0.0
2023-09-07,3,TRADE,EXECUTED,0.0125,300,0.4,1.0,10.0,2023-09-14,2023-09-08,2023-09-11,50,23.25,21.25,3465.0,98.5864819,3366.4135181,7,6,19768.7,19872.45,19200.0,19500.0,20050.0,20350.0,4.8,13.3,16.95,2.2,4.2,7.25,51.2,4.2,300.0,276.75,13837.5,19476.75,20073.25,0.033664135181000004,0.2432819163938573,take_profit_eod_mark,29.200000000000003,1460.0000000000002,2023-09-11,True,2023,2015-01-01,2022-12-30,0.30511343508100813,1360890.7029043,0.0
2023-09-14,3,TRADE,EXECUTED,0.0125,300,0.4,1.0,10.0,2023-09-21,2023-09-15,2023-09-18,50,21.450000000000003,19.450000000000003,1345.0,97.2601827,1247.7398173,7,6,20172.0,20249.6,19600.0,19900.0,20450.0,20750.0,5.9,15.15,13.95,1.75,3.0,9.85,4.15,1.55,300.0,278.55,13927.5,19878.55,20471.45,0.012477398172999999,0.08958821161730389,take_profit_eod_mark,19.450000000000003,972.5000000000001,2023-09-18,True,2023,2015-01-01,2022-12-30,0.30511343508100813,1362138.4427216002,0.0
2023-09-21,3,TRADE,EXECUTED,0.0125,300,0.4,1.0,10.0,2023-09-28,2023-09-22,2023-09-25,50,27.0,25.0,2029.9999999999998,97.9079554,1932.0920445999998,7,6,19778.7,19708.25,19200.0,19500.0,20050.0,20350.0,6.2,27.7,8.05,2.55,2.85,17.95,3.9,1.4,300.0,273.0,13650.0,19473.0,20077.0,0.019320920446,0.1415452047326007,take_profit_eod_mark,29.15,1457.5,2023-09-25,True,2023,2015-01-01,2022-12-30,0.30511343508100813,1364070.5347662002,0.0
2023-09-28,3,TRADE,EXECUTED,0.0125,300,0.4,1.0,10.0,2023-10-05,2023-09-29,2023-10-03,50,29.75,27.75,1687.5,97.46177595,1590.03822405,7,6,19522.95,19709.0,18950.0,19250.0,19800.0,20100.0,2.5,7.15,27.7,2.6,1.7,5.6,5.7,1.6,300.0,270.25,13512.5,19220.25,19829.75,0.0159003822405,0.11767165395374654,take_profit_eod_mark,29.0,1450.0,2023-10-03,True,2023,2015-01-01,2022-12-30,0.30511343508100813,1365660.5729902503,0.0
2023-10-05,3,TRADE,EXECUTED,0.0125,300,0.4,1.0,10.0,2023-10-12,2023-10-06,2023-10-09,50,24.499999999999996,22.499999999999996,2167.4999999999995,97.81525885,2069.6847411499994,7,6,19568.0,19678.5,19000.0,19300.0,19850.0,20150.0,3.55,10.1,19.45,1.5,6.3,25.55,4.9,1.3,300.0,275.5,13775.0,19275.5,19874.5,0.020696847411499995,0.15024934599999995,take_profit_eod_mark,25.049999999999994,1252.4999999999998,2023-10-09,True,2023,2015-01-01,2022-12-30,0.30511343508100813,1367730.2577314002,0.0
2023-10-12,3,TRADE,EXECUTED,0.0125,300,0.4,1.0,10.0,2023-10-19,2023-10-13,2023-10-16,50,30.35,28.35,2402.5,98.46353655000001,2304.03646345,7,6,19843.5,19742.05,19250.0,19550.0,20100.0,20400.0,8.15,33.6,6.15,1.25,4.95,23.75,4.0,1.1,300.0,269.65,13482.499999999998,19519.65,20130.35,0.023040364634500002,0.17089089289449289,take_profit_eod_mark,36.65,1832.5,2023-10-16,True,2023,2015-01-01,2022-12-30,0.30511343508100813,1370034.2941948501,0.0
2023-10-19,3,TRADE,EXECUTED,0.0125,300,0.4,1.0,10.0,2023-10-26,2023-10-20,2023-10-23,50,33.6,31.6,6925.0,101.96798479999998,6823.0320152,7,6,19618.75,19527.85,19050.0,19350.0,19900.0,20200.0,6.35,34.7,6.9,1.65,20.0,127.95,2.8,1.85,300.0,266.4,13319.999999999998,19316.4,19933.6,0.068230320152,0.5122396407807809,take_profit_eod_mark,20.200000000000003,1010.0000000000001,2023-10-23,True,2023,2015-01-01,2022-12-30,0.30511343508100813,1376857.3262100501,0.0
2023-10-26,3,TRADE,EXECUTED,0.0125,300,0.4,1.0,10.0,2023-11-02,2023-10-27,2023-10-30,50,85.75000000000001,83.75000000000001,9840.0,106.1172575,9733.8827425,7,6,18856.7,19131.35,18300.0,18600.0,19100.0,19400.0,5.5,12.9,90.2,11.85,3.4,6.35,124.7,12.6,300.0,214.25,10712.5,18514.25,19185.75,0.097338827425,0.9086471638273046,take_profit_eod_mark,105.95000000000002,5297.500000000001,2023-10-30,True,2023,2015-01-01,2022-12-30,0.30511343508100813,1386591.20895255,0.0
2023-10-31,1,TRADE,EXECUTED,0.0125,300,0.4,1.0,10.0,2023-11-02,2023-11-01,2023-11-02,50,27.349999999999998,25.349999999999998,1172.5,96.54517754999999,1075.95482245,2,1,19158.2,19060.25,18600.0,18900.0,19400.0,19700.0,1.35,28.1,1.4,0.8,0.05,0.1,0.1,0.05,300.0,272.65,13632.499999999998,18872.65,19427.35,0.0107595482245,0.07892571593251421,take_profit_eod_mark,22.049999999999997,1102.4999999999998,2023-11-02,True,2023,2015-01-01,2022-12-30,0.30511343508100813,1387667.163775,0.0
2023-11-03,4,TRADE,EXECUTED,0.0125,300,0.4,1.0,10.0,2023-11-09,2023-11-06,2023-11-07,50,23.95,21.95,1785.0000000000002,97.1215737,1687.8784263000002,6,3,19303.6,19486.5,18750.0,19050.0,19550.0,19850.0,2.7,5.95,22.3,1.6,1.7,3.8,14.95,1.3,300.0,276.05,13802.5,19026.05,19573.95,0.016878784263,0.12228787729034597,take_profit_eod_mark,26.549999999999997,1327.4999999999998,2023-11-07,True,2023,2015-01-01,2022-12-30,0.30511343508100813,1389355.0422013,0.0
2023-11-09,3,TRADE,EXECUTED,0.0125,300,0.4,1.0,10.0,2023-11-16,2023-11-10,2023-11-13,50,17.849999999999994,15.849999999999994,1049.9999999999995,96.4527924,953.5472075999995,7,6,19484.6,19482.65,18900.0,19200.0,19750.0,20050.0,3.1,16.2,6.1,1.35,1.4,6.3,3.2,0.95,300.0,282.15,14107.499999999998,19182.15,19767.85,0.009535472075999996,0.06759150860180753,take_profit_eod_mark,15.149999999999995,757.4999999999998,2023-11-13,True,2023,2015-01-01,2022-12-30,0.30511343508100813,1390308.5894089,0.0
2023-11-16,3,TRADE,EXECUTED,0.0125,300,0.4,1.0,10.0,2023-11-23,2023-11-17,2023-11-20,50,27.3,25.3,2315.0,98.1234311,2216.8765689,7,6,19829.7,19806.5,19250.0,19550.0,20100.0,20400.0,5.95,25.0,10.75,2.5,3.5,23.85,4.5,1.85,300.0,272.7,13635.0,19522.7,20127.3,0.022168765689000003,0.16258720710671068,take_profit_eod_mark,35.95,1797.5000000000002,2023-11-20,True,2023,2015-01-01,2022-12-30,0.30511343508100813,1392525.4659777998,0.0
2023-11-23,3,TRADE,EXECUTED,0.0125,300,0.4,1.0,10.0,2023-11-30,2023-11-24,2023-11-28,50,15.15,13.15,825.0,96.24048549999999,728.7595145,7,6,19868.75,19826.95,19300.0,19600.0,20150.0,20450.0,3.45,16.0,3.75,1.15,1.8,4.4,3.35,0.6,300.0,284.85,14242.500000000002,19584.85,20165.15,0.007287595145,0.05116794906090925,take_profit_eod_mark,12.3,615.0,2023-11-28,True,2023,2015-01-01,2022-12-30,0.30511343508100813,1393254.2254922998,0.0
2023-11-30,3,TRADE,EXECUTED,0.0125,300,0.4,1.0,10.0,2023-12-07,2023-12-01,2023-12-04,50,75.55000000000001,73.55000000000001,14705.000000000004,116.43880490000001,14588.561195100003,7,6,20129.4,20375.15,19550.0,19850.0,20400.0,20700.0,8.5,21.15,72.5,9.6,4.2,6.35,324.6,104.2,300.0,224.45,11222.5,19774.45,20475.55,0.14588561195100003,1.299938622864781,take_profit_eod_mark,119.00000000000001,5950.000000000001,2023-12-04,True,2023,2015-01-01,2022-12-30,0.30511343508100813,1407842.7866873997,0.0
2023-12-07,3,TRADE,EXECUTED,0.0125,300,0.4,1.0,10.0,2023-12-14,2023-12-08,2023-12-11,50,35.300000000000004,33.300000000000004,2747.5,99.12166995000001,2648.37833005,7,6,21030.8,21075.0,20450.0,20750.0,21300.0,21600.0,7.05,24.65,22.0,4.3,4.55,16.65,13.95,2.4,300.0,264.7,13235.0,20714.7,21335.3,0.0264837833005,0.20010414280695127,take_profit_eod_mark,43.50000000000001,2175.0000000000005,2023-12-11,True,2023,2015-01-01,2022-12-30,0.30511343508100813,1410491.1650174498,0.0
2023-12-14,3,TRADE,EXECUTED,0.0125,300,0.4,1.0,10.0,2023-12-21,2023-12-15,2023-12-18,50,75.85,73.85,5555.0,103.9335699,5451.0664301,7,6,21327.65,21557.1,20750.0,21050.0,21600.0,21900.0,10.05,22.5,77.3,13.9,4.7,14.85,35.95,6.85,300.0,224.15,11207.5,20974.15,21675.85,0.054510664300999996,0.4863766611733214,take_profit_eod_mark,79.19999999999999,3959.9999999999995,2023-12-18,True,2023,2015-01-01,2022-12-30,0.30511343508100813,1415942.2314475498,0.0
2023-12-19,1,TRADE,EXECUTED,0.0125,300,0.4,1.0,10.0,2023-12-21,2023-12-20,2023-12-21,50,100.10000000000001,98.10000000000001,5072.5,103.60381784999998,4968.89618215,2,1,21527.75,21217.05,20950.0,21250.0,21800.0,22100.0,19.55,119.1,2.4,1.85,0.15,5.45,0.1,0.05,300.0,199.89999999999998,9994.999999999998,21149.9,21900.1,0.0496889618215,0.4971381873086544,take_profit_eod_mark,36.70000000000001,1835.0000000000005,2023-12-21,True,2023,2015-01-01,2022-12-30,0.30511343508100813,1420911.1276297,0.0
2023-12-22,4,TRADE,EXECUTED,0.0125,300,0.4,1.0,10.0,2023-12-28,2023-12-26,2023-12-27,50,21.95,19.95,3487.5,98.19892115,3389.30107885,6,2,21402.35,21472.3,20800.0,21100.0,21700.0,22000.0,5.05,14.0,14.8,1.8,2.95,4.4,52.35,2.0,300.0,278.05,13902.5,21078.05,21721.95,0.0338930107885,0.24379076272972489,take_profit_eod_mark,27.999999999999996,1399.9999999999998,2023-12-27,True,2023,2015-01-01,2022-12-30,0.30511343508100813,1424300.4287085498,0.0
2024-01-01,0,TRADE,EXECUTED,0.0125,300,0.4,1.0,10.0,2024-01-04,2024-01-02,2024-01-03,50,52.15,50.15,7815.000000000001,102.3477377,7712.652262300001,3,2,21888.9,21756.75,21300.0,21600.0,22200.0,22500.0,10.1,61.15,3.35,2.25,6.85,114.8,1.0,0.8,300.0,247.85,12392.5,21547.85,22252.15,0.07712652262300002,0.6223645158200525,take_profit_eod_mark,88.0,4400.0,2024-01-03,True,2024,2015-01-01,2023-12-29,0.28175522096169825,1432013.0809708498,0.0
2024-01-04,3,TRADE,EXECUTED,0.0125,300,0.4,1.0,10.0,2024-01-11,2024-01-05,2024-01-08,50,34.7,32.7,5312.500000000001,100.97058974999999,5211.529410250001,7,6,21785.95,21793.85,21200.0,21500.0,22100.0,22400.0,8.0,34.0,10.75,2.05,14.1,87.55,4.2,2.1,300.0,265.3,13265.0,21465.3,22134.7,0.05211529410250001,0.3928782065774596,take_profit_eod_mark,41.85,2092.5,2024-01-08,True,2024,2015-01-01,2023-12-29,0.28175522096169825,1437224.6103810999,0.0
2024-01-11,3,TRADE,EXECUTED,0.0125,300,0.4,1.0,10.0,2024-01-18,2024-01-12,2024-01-15,50,106.30000000000003,104.30000000000003,13795.000000000002,113.5723152,13681.427684800003,7,6,21678.45,21947.0,21100.0,21400.0,21950.0,22250.0,7.45,19.0,116.8,22.05,4.7,8.6,219.45,49.75,300.0,193.7,9685.0,21293.7,22056.3,0.13681427684800002,1.4126409586783688,take_profit_eod_mark,179.70000000000005,8985.000000000002,2024-01-15,True,2024,2015-01-01,2023-12-29,0.28175522096169825,1450906.0380658999,0.0
2024-01-16,1,TRADE,EXECUTED,0.0125,300,0.4,1.0,10.0,2024-01-18,2024-01-17,2024-01-18,50,163.35000000000002,161.35000000000002,22497.500000000004,116.07451154999998,22381.425488450004,2,1,22029.5,21589.55,21450.0,21750.0,22350.0,22650.0,36.3,199.25,1.85,1.45,1.7,292.3,0.05,0.05,300.0,136.64999999999998,6832.499999999999,21586.65,22513.35,0.22381425488450005,3.2757300385583616,take_profit_eod_mark,213.25000000000003,10662.500000000002,2024-01-18,True,2024,2015-01-01,2023-12-29,0.28175522096169825,1473287.46355435,0.0
2024-01-19,4,TRADE,EXECUTED,0.0125,300,0.4,1.0,10.0,2024-01-25,2024-01-23,2024-01-24,50,177.15000000000003,175.15000000000003,10662.500000000002,116.25363465000001,10546.246365350002,6,2,21672.15,21194.25,21100.0,21400.0,21950.0,22250.0,78.0,252.8,6.1,3.75,8.35,47.65,1.5,0.7,300.0,122.84999999999997,6142.499999999998,21222.85,22127.15,0.10546246365350001,1.716930625209606,take_profit_eod_mark,101.35000000000002,5067.500000000001,2024-01-24,True,2024,2015-01-01,2023-12-29,0.28175522096169825,1483833.7099197,0.0
2024-01-25,3,TRADE,EXECUTED,0.0125,300,0.4,1.0,10.0,2024-02-01,2024-01-29,2024-01-30,50,173.3,171.3,13847.5,123.82327644999998,13723.67672355,7,3,21325.45,21855.25,20750.0,21050.0,21600.0,21900.0,8.1,18.1,276.0,112.7,5.3,22.3,123.6,32.95,300.0,126.69999999999999,6334.999999999999,20876.7,21773.3,0.1372367672355,2.166326238918706,take_profit_eod_mark,137.55,6877.500000000001,2024-01-30,True,2024,2015-01-01,2023-12-29,0.28175522096169825,1497557.38664325,0.0
2024-02-01,3,TRADE,EXECUTED,0.0125,300,0.4,1.0,10.0,2024-02-08,2024-02-02,2024-02-05,50,84.15,82.15,7369.999999999999,106.83806009999999,7263.161939899999,7,6,21751.45,21951.4,21150.0,21450.0,22050.0,22350.0,10.85,33.05,83.55,21.6,10.9,45.3,43.25,10.4,300.0,215.85,10792.5,21365.85,22134.15,0.072631619399,0.6729823432846883,take_profit_eod_mark,80.4,4020.0000000000005,2024-02-05,True,2024,2015-01-01,2023-12-29,0.28175522096169825,1504820.54858315,0.0
2024-02-08,3,TRADE,EXECUTED,0.0125,300,0.4,1.0,10.0,2024-02-15,2024-02-09,2024-02-12,50,72.4,70.4,7175.0,106.0932979,7068.9067021,7,6,21814.6,21842.6,21200.0,21500.0,22100.0,22400.0,17.55,55.25,43.0,8.3,23.5,87.25,14.8,3.45,300.0,227.6,11380.0,21427.6,22172.4,0.070689067021,0.6211693059841827,take_profit_eod_mark,72.70000000000002,3635.000000000001,2024-02-12,True,2024,2015-01-01,2023-12-29,0.28175522096169825,1511889.45528525,0.0
2024-02-13,1,TRADE,EXECUTED,0.0125,300,0.4,1.0,10.0,2024-02-15,2024-02-14,2024-02-15,50,16.3,14.3,620.0,95.9032201,524.0967799,2,1,21823.75,21916.85,21250.0,21550.0,22100.0,22400.0,2.8,10.7,9.15,0.75,0.1,0.1,0.2,0.1,300.0,283.7,14185.0,21533.7,22116.3,0.005240967799,0.0369472527247092,take_profit_eod_mark,10.25,512.5,2024-02-15,True,2024,2015-01-01,2023-12-29,0.28175522096169825,1512413.5520651499,0.0
2024-02-16,4,TRADE,EXECUTED,0.0125,300,0.4,1.0,10.0,2024-02-22,2024-02-19,2024-02-20,50,56.15,54.15,4610.0,101.28074729999999,4508.7192527,6,3,22097.8,22171.4,21500.0,21800.0,22400.0,22700.0,11.0,38.8,31.95,3.6,5.35,18.6,28.6,1.8,300.0,243.85,12192.5,21743.85,22456.15,0.045087192527,0.3697944845355751,take_profit_eod_mark,67.55,3377.5,2024-02-20,True,2024,2015-01-01,2023-12-29,0.28175522096169825,1516922.2713178499,0.0
2024-02-22,3,TRADE,EXECUTED,0.0125,300,0.4,1.0,10.0,2024-02-29,2024-02-23,2024-02-26,50,65.6,63.599999999999994,6037.5,104.01314194999999,5933.48685805,7,6,22243.25,22228.85,21650.0,21950.0,22550.0,22850.0,16.7,54.5,33.75,5.95,14.0,60.4,15.5,2.75,300.0,234.4,11720.0,21884.4,22615.6,0.059334868580499994,0.5062702097312286,take_profit_eod_mark,90.94999999999999,4547.499999999999,2024-02-26,True,2024,2015-01-01,2023-12-29,0.28175522096169825,1522855.7581759,0.0
2024-02-27,1,TRADE,EXECUTED,0.0125,300,0.4,1.0,10.0,2024-02-29,2024-02-28,2024-02-29,50,71.65,69.65,3587.5,100.45401544999999,3487.04598455,2,1,22203.05,21921.35,21600.0,21900.0,22500.0,22800.0,7.75,78.2,2.9,1.7,0.15,4.2,0.1,0.05,300.0,228.35,11417.5,21828.35,22571.65,0.0348704598455,0.3054123919027808,take_profit_eod_mark,54.300000000000004,2715.0,2024-02-29,True,2024,2015-01-01,2023-12-29,0.28175522096169825,1526342.80416045,0.0
2024-03-01,4,TRADE,EXECUTED,0.0125,300,0.4,1.0,10.0,2024-03-07,2024-03-04,2024-03-05,50,44.65,42.65,3432.5000000000005,100.22785074999999,3332.2721492500004,6,3,22443.2,22497.95,21850.0,22150.0,22750.0,23050.0,13.15,46.9,12.9,2.0,5.95,31.4,3.5,0.95,300.0,255.35,12767.5,22105.35,22794.65,0.033322721492500006,0.26099644795378896,take_profit_eod_mark,52.449999999999996,2622.5,2024-03-05,True,2024,2015-01-01,2023-12-29,0.28175522096169825,1529675.0763096998,0.0
2024-03-07,3,TRADE,EXECUTED,0.0125,300,0.4,1.0,10.0,2024-03-14,2024-03-11,2024-03-12,50,61.849999999999994,59.849999999999994,5127.499999999999,102.11227344999999,5025.387726549999,7,3,22552.35,22421.35,21950.0,22250.0,22850.0,23150.0,14.7,72.75,5.5,1.7,7.95,51.0,2.55,0.9,300.0,238.15,11907.5,22188.15,22911.85,0.050253877265499985,0.4220355008650009,take_profit_eod_mark,71.05,3552.5,2024-03-12,True,2024,2015-01-01,2023-12-29,0.28175522096169825,1534700.4640362498,0.0
2024-03-14,3,TRADE,EXECUTED,0.0125,300,0.4,1.0,10.0,2024-03-21,2024-03-15,2024-03-18,50,76.60000000000001,74.60000000000001,6720.0,105.5420339,6614.4579661,7,6,22264.55,22133.2,21650.0,21950.0,22550.0,22850.0,26.05,92.15,13.05,2.55,17.05,74.1,5.95,1.2,300.0,223.39999999999998,11169.999999999998,21873.4,22626.6,0.066144579661,0.5921627543509401,take_profit_eod_mark,75.4,3770.0000000000005,2024-03-18,True,2024,2015-01-01,2023-12-29,0.28175522096169825,1541314.9220023497,0.0
2024-03-21,3,TRADE,EXECUTED,0.0125,300,0.4,1.0,10.0,2024-03-28,2024-03-22,2024-03-26,50,44.64999999999999,42.64999999999999,3144.9999999999995,99.4683066,3045.5316933999993,7,6,22102.5,22165.45,21500.0,21800.0,22400.0,22700.0,7.95,26.6,28.2,2.2,4.05,21.1,6.25,1.05,300.0,255.35000000000002,12767.500000000002,21755.35,22444.65,0.03045531693399999,0.2385378259956921,take_profit_eod_mark,50.64999999999999,2532.4999999999995,2024-03-26,True,2024,2015-01-01,2023-12-29,0.28175522096169825,1544360.4536957496,0.0
2024-03-28,3,TRADE,EXECUTED,0.0125,300,0.4,1.0,10.0,2024-04-04,2024-04-01,2024-04-02,50,44.65,42.65,3222.5,99.09853724999999,3123.40146275,7,3,22342.3,22602.6,21750.0,22050.0,22650.0,22950.0,2.7,10.15,41.7,4.5,1.5,5.65,21.85,2.2,300.0,255.35,12767.5,22005.35,22694.65,0.0312340146275,0.24463688762482866,take_profit_eod_mark,51.65,2582.5,2024-04-02,True,2024,2015-01-01,2023-12-29,0.28175522096169825,1547483.8551584997,0.0
2024-04-04,3,TRADE,EXECUTED,0.0125,300,0.4,1.0,10.0,2024-04-10,2024-04-05,2024-04-08,50,40.5,38.5,2897.5,99.31041175,2798.18958825,6,5,22612.25,22595.5,22000.0,22300.0,22900.0,23200.0,10.2,41.65,10.55,1.5,4.15,12.8,13.85,1.05,300.0,259.5,12975.0,22259.5,22940.5,0.0279818958825,0.21566008387283236,take_profit_eod_mark,43.400000000000006,2170.0000000000005,2024-04-08,True,2024,2015-01-01,2023-12-29,0.28175522096169825,1550282.0447467496,0.0
2024-04-12,4,TRADE,EXECUTED,0.0125,300,0.4,1.0,10.0,2024-04-18,2024-04-15,2024-04-16,50,75.25,73.25,10307.5,108.12002805,10199.37997195,6,3,22601.45,22357.3,22000.0,22300.0,22900.0,23200.0,24.1,97.8,3.45,1.9,31.65,166.25,0.8,0.5,300.0,224.75,11237.5,22224.75,22975.25,0.1019937997195,0.9076200197508343,take_profit_eod_mark,144.0,7200.0,2024-04-16,True,2024,2015-01-01,2023-12-29,0.28175522096169825,1560481.4247186997,0.0
2024-04-18,3,TRADE,EXECUTED,0.0125,300,0.4,1.0,10.0,2024-04-25,2024-04-19,2024-04-22,50,80.89999999999999,78.89999999999999,9230.000000000002,107.91544909999999,9122.084550900001,7,6,22055.2,22128.7,21450.0,21750.0,22350.0,22650.0,26.75,56.2,60.9,9.45,5.85,11.65,118.0,16.1,300.0,219.10000000000002,10955.000000000002,21669.1,22430.9,0.091220845509,0.8326868599634869,take_profit_eod_mark,113.59999999999998,5679.999999999999,2024-04-22,True,2024,2015-01-01,2023-12-29,0.28175522096169825,1569603.5092695996,0.0
2024-04-25,3,TRADE,EXECUTED,0.0125,300,0.4,1.0,10.0,2024-05-02,2024-04-26,2024-04-29,25,61.54999999999999,59.54999999999999,2071.25,98.364607875,1972.885392125,7,6,22653.95,22556.0,22050.0,22350.0,22950.0,23250.0,20.7,74.8,9.85,2.4,7.95,24.6,10.05,1.4,300.0,238.45000000000002,5961.25,22288.45,23011.55,0.01972885392125,0.33095162795135247,take_profit_eod_mark,64.39999999999999,1609.9999999999998,2024-04-29,True,2024,2015-01-01,2023-12-29,0.28175522096169825,1571576.3946617246,0.0
2024-05-02,3,TRADE,EXECUTED,0.0125,300,0.4,1.0,10.0,2024-05-09,2024-05-03,2024-05-06,25,87.4,85.4,4352.5,101.50538169999999,4250.9946183,7,6,22773.95,22575.2,22150.0,22450.0,23100.0,23400.0,31.05,112.0,9.65,3.2,28.75,117.1,4.1,1.75,300.0,212.6,5315.0,22362.6,23187.4,0.042509946183000004,0.799810840696143,take_profit_eod_mark,102.20000000000002,2555.0000000000005,2024-05-06,True,2024,2015-01-01,2023-12-29,0.28175522096169825,1575827.3892800247,0.0
2024-05-07,1,TRADE,EXECUTED,0.0125,300,0.4,1.0,10.0,2024-05-09,2024-05-08,2024-05-09,25,14.700000000000003,12.700000000000003,3558.7500000000005,96.479182475,3462.2708175250004,2,1,22381.8,22393.85,21800.0,22100.0,22700.0,23000.0,1.2,14.15,2.45,0.7,0.1,131.75,0.1,0.1,300.0,285.3,7132.5,22085.3,22714.7,0.034622708175250004,0.48542177602874176,take_profit_eod_mark,18.400000000000006,460.0000000000001,2024-05-09,True,2024,2015-01-01,2023-12-29,0.28175522096169825,1579289.6600975497,0.0
2024-05-10,4,TRADE,EXECUTED,0.0125,300,0.4,1.0,10.0,2024-05-16,2024-05-13,2024-05-14,25,42.550000000000004,40.550000000000004,1653.7500000000002,97.09818507500002,1556.6518149250003,6,3,22140.6,22201.1,21550.0,21850.0,22450.0,22750.0,10.0,36.65,19.05,3.15,4.25,12.65,20.9,1.7,300.0,257.45,6436.25,21807.45,22492.55,0.015566518149250003,0.2418569531831424,take_profit_eod_mark,46.150000000000006,1153.7500000000002,2024-05-14,True,2024,2015-01-01,2023-12-29,0.28175522096169825,1580846.3119124747,0.0
2024-05-16,3,TRADE,EXECUTED,0.0125,300,0.4,1.0,10.0,2024-05-23,2024-05-17,2024-05-21,25,53.75000000000001,51.75000000000001,2042.5,97.74687965,1944.75312035,7,6,22452.35,22497.7,21850.0,22150.0,22750.0,23050.0,13.35,41.5,29.4,3.8,4.2,14.55,23.75,2.15,300.0,246.25,6156.25,22096.25,22803.75,0.0194475312035,0.31589898401624367,take_profit_eod_mark,64.55000000000001,1613.7500000000002,2024-05-21,True,2024,2015-01-01,2023-12-29,0.28175522096169825,1582791.0650328246,0.0
2024-05-23,3,TRADE,EXECUTED,0.0125,300,0.4,1.0,10.0,2024-05-30,2024-05-24,2024-05-27,25,71.50000000000001,69.50000000000001,3066.25,99.781906675,2966.468093325,7,6,23002.7,23019.6,22400.0,22700.0,23300.0,23600.0,18.6,53.95,46.35,10.2,12.65,44.65,29.95,6.8,300.0,228.5,5712.5,22628.5,23371.5,0.02966468093325,0.5192941957680526,take_profit_eod_mark,77.20000000000002,1930.0000000000005,2024-05-27,True,2024,2015-01-01,2023-12-29,0.28175522096169825,1585757.5331261496,0.0
2024-05-28,1,TRADE,EXECUTED,0.0125,300,0.4,1.0,10.0,2024-05-30,2024-05-29,2024-05-30,25,46.0,44.0,5266.25,98.21964802500001,5168.030351975,2,1,22937.25,22743.8,22350.0,22650.0,23250.0,23550.0,4.85,49.85,2.05,1.05,0.95,169.55,0.1,0.05,300.0,254.0,6350.0,22604.0,23296.0,0.05168030351975,0.8138630475551181,take_profit_eod_mark,85.4,2135.0,2024-05-30,True,2024,2015-01-01,2023-12-29,0.28175522096169825,1590925.5634781246,0.0
2024-05-31,4,TRADE,EXECUTED,0.0125,300,0.4,1.0,10.0,2024-06-06,2024-06-03,2024-06-04,25,184.95,182.95,11230.0,146.0419722,11083.9580278,6,3,22700.7,23407.9,22100.0,22400.0,23000.0,23300.0,49.75,76.2,491.3,332.8,468.95,725.6,66.8,55.2,300.0,115.05000000000001,2876.2500000000005,22215.05,23184.95,0.11083958027799999,3.853614264337244,take_profit_eod_mark,-1095.3999999999999,-27384.999999999996,2024-06-04,True,2024,2015-01-01,2023-12-29,0.28175522096169825,1602009.5215059246,0.0
2024-06-06,3,TRADE,EXECUTED,0.0125,300,0.4,1.0,10.0,2024-06-13,2024-06-07,2024-06-10,25,171.20000000000005,169.20000000000005,7458.750000000001,111.66078967500002,7347.089210325001,7,6,22899.5,23325.15,22300.0,22600.0,23200.0,23500.0,21.9,42.35,267.25,116.5,7.1,20.2,182.45,64.4,300.0,128.79999999999995,3219.999999999999,22428.8,23371.2,0.07347089210325,2.281704723703417,take_profit_eod_mark,172.40000000000006,4310.000000000002,2024-06-10,True,2024,2015-01-01,2023-12-29,0.28175522096169825,1609356.6107162496,0.0
2024-06-11,1,TRADE,EXECUTED,0.0125,300,0.4,1.0,10.0,2024-06-13,2024-06-12,2024-06-13,25,13.35,11.35,235.0,95.002623,139.997377,2,1,23309.8,23355.1,22700.0,23000.0,23650.0,23950.0,1.85,10.3,5.7,0.8,0.1,0.1,0.1,0.05,300.0,286.65,7166.249999999999,22986.65,23663.35,0.00139997377,0.01953565351473923,take_profit_eod_mark,7.699999999999999,192.49999999999997,2024-06-13,True,2024,2015-01-01,2023-12-29,0.28175522096169825,1609496.6080932496,0.0
2024-06-14,4,TRADE,EXECUTED,0.0125,300,0.4,1.0,10.0,2024-06-20,2024-06-18,2024-06-19,25,14.7,12.7,491.24999999999994,95.30714222499999,395.94285777499994,6,2,23466.65,23568.1,22850.0,23150.0,23800.0,24100.0,3.05,8.35,10.65,1.25,0.9,3.9,6.95,1.0,300.0,285.3,7132.5,23135.3,23814.7,0.003959428577749999,0.05551249320364528,take_profit_eod_mark,13.049999999999999,326.25,2024-06-19,True,2024,2015-01-01,2023-12-29,0.28175522096169825,1609892.5509510245,0.0
2024-06-20,3,TRADE,EXECUTED,0.0125,300,0.4,1.0,10.0,2024-06-27,2024-06-21,2024-06-24,25,49.699999999999996,47.699999999999996,2027.4999999999998,97.83248635000001,1929.6675136499998,7,6,23582.5,23487.3,22950.0,23250.0,23900.0,24200.0,12.7,49.0,16.8,3.4,9.35,33.45,13.45,2.15,300.0,250.3,6257.5,23200.3,23949.7,0.019296675136499998,0.3083767500838993,take_profit_eod_mark,57.349999999999994,1433.7499999999998,2024-06-24,True,2024,2015-01-01,2023-12-29,0.28175522096169825,1611822.2184646744,0.0
2024-06-25,1,TRADE,EXECUTED,0.0125,300,0.4,1.0,10.0,2024-06-27,2024-06-26,2024-06-27,25,17.900000000000002,15.900000000000002,432.5,95.19139425,337.30860574999997,2,1,23731.25,23867.95,23100.0,23400.0,24050.0,24350.0,1.4,3.75,16.55,1.0,0.1,0.15,3.45,0.1,300.0,282.1,7052.500000000001,23382.1,24067.9,0.0033730860574999995,0.0478282319390287,take_profit_eod_mark,11.350000000000001,283.75000000000006,2024-06-27,True,2024,2015-01-01,2023-12-29,0.28175522096169825,1612159.5270704245,0.0
2024-06-28,4,TRADE,EXECUTED,0.0125,300,0.4,1.0,10.0,2024-07-04,2024-07-01,2024-07-02,25,40.7,38.7,1528.7500000000002,96.93043452500001,1431.8195654750002,6,3,24132.25,24206.25,23500.0,23800.0,24450.0,24750.0,9.1,30.25,22.2,2.65,4.75,18.75,11.6,1.15,300.0,259.3,6482.5,23759.3,24490.7,0.014318195654750001,0.22087459552256078,take_profit_eod_mark,48.25000000000001,1206.2500000000002,2024-07-02,True,2024,2015-01-01,2023-12-29,0.28175522096169825,1613591.3466358995,0.0
2024-07-04,3,TRADE,EXECUTED,0.0125,300,0.4,1.0,10.0,2024-07-11,2024-07-05,2024-07-08,25,37.449999999999996,35.449999999999996,1462.5,96.77573610000002,1365.7242639,7,6,24359.45,24379.4,23750.0,24050.0,24700.0,25000.0,8.6,34.05,14.1,2.1,4.45,23.4,7.6,1.5,300.0,262.55,6563.75,24012.55,24737.45,0.013657242639,0.20807073150257097,take_profit_eod_mark,47.849999999999994,1196.2499999999998,2024-07-08,True,2024,2015-01-01,2023-12-29,0.28175522096169825,1614957.0708997995,0.0
2024-07-09,1,TRADE,EXECUTED,0.0125,300,0.4,1.0,10.0,2024-07-11,2024-07-10,2024-07-11,25,16.499999999999996,14.499999999999996,314.9999999999999,95.0866695,219.9133304999999,2,1,24485.65,24355.05,23850.0,24150.0,24800.0,25100.0,1.6,17.65,0.9,0.45,0.1,0.15,0.1,0.05,300.0,283.5,7087.5,24133.5,24816.5,0.002199133304999999,0.031028335873015858,take_profit_eod_mark,11.249999999999996,281.2499999999999,2024-07-11,True,2024,2015-01-01,2023-12-29,0.28175522096169825,1615176.9842302995,0.0
2024-07-12,4,TRADE,EXECUTED,0.0125,300,0.4,1.0,10.0,2024-07-18,2024-07-15,2024-07-16,25,23.049999999999997,21.049999999999997,663.7499999999999,95.60018847499998,568.1498115249999,6,3,24521.6,24621.7,23900.0,24200.0,24850.0,25150.0,3.55,12.2,15.6,1.2,1.3,3.35,5.9,0.45,300.0,276.95,6923.75,24176.95,24873.05,0.005681498115249999,0.08205810601552625,take_profit_eod_mark,22.099999999999998,552.5,2024-07-16,True,2024,2015-01-01,2023-12-29,0.28175522096169825,1615745.1340418244,0.0
2024-07-18,3,TRADE,EXECUTED,0.0125,300,0.4,1.0,10.0,2024-07-25,2024-07-19,2024-07-22,25,130.2,128.2,6223.75,110.357241225,6113.392758775,7,6,24809.05,24529.1,24150.0,24450.0,25150.0,25450.0,94.35,197.25,43.35,16.05,90.7,190.25,37.15,13.95,300.0,169.8,4245.0,24319.8,25280.2,0.061133927587750006,1.4401396369316843,take_profit_eod_mark,131.5,3287.5,2024-07-22,True,2024,2015-01-01,2023-12-29,0.28175522096169825,1621858.5268005994,0.0
2024-07-23,1,TRADE,EXECUTED,0.0125,300,0.4,1.0,10.0,2024-07-25,2024-07-24,2024-07-25,25,16.05,14.05,303.75,95.105604225,208.64439577500002,2,1,24463.1,24388.75,23850.0,24150.0,24800.0,25100.0,1.7,15.5,3.35,1.1,0.1,0.15,0.1,0.05,300.0,283.95,7098.75,24133.95,24816.05,0.0020864439577500003,0.029391709212889597,take_profit_eod_mark,2.3000000000000007,57.500000000000014,2024-07-25,True,2024,2015-01-01,2023-12-29,0.28175522096169825,1622067.1711963743,0.0
2024-07-26,4,TRADE,EXECUTED,0.0125,300,0.4,1.0,10.0,2024-08-01,2024-07-29,2024-07-30,25,36.849999999999994,34.849999999999994,1317.5,96.79666685000001,1220.70333315,6,3,24915.45,24910.45,24300.0,24600.0,25250.0,25550.0,9.35,37.25,11.65,2.7,5.4,21.05,5.55,1.35,300.0,263.15,6578.749999999999,24563.15,25286.85,0.0122070333315,0.1855524732129964,take_profit_eod_mark,38.349999999999994,958.7499999999999,2024-07-30,True,2024,2015-01-01,2023-12-29,0.28175522096169825,1623287.8745295242,0.0
2024-08-01,3,TRADE,EXECUTED,0.0125,300,0.4,1.0,10.0,2024-08-08,2024-08-02,2024-08-05,25,109.7,107.7,9061.25,122.103384575,8939.146615425,7,6,25032.25,24711.55,24400.0,24700.0,25350.0,25650.0,59.9,165.55,7.35,3.3,384.55,640.3,4.7,3.7,300.0,190.3,4757.5,24590.3,25459.7,0.08939146615424999,1.8789588261534418,take_profit_eod_mark,-191.00000000000006,-4775.000000000002,2024-08-05,True,2024,2015-01-01,2023-12-29,0.28175522096169825,1632227.0211449491,0.0
2024-08-06,1,TRADE,EXECUTED,0.0125,300,0.4,1.0,10.0,2024-08-08,2024-08-07,2024-08-08,25,53.65,51.65,1245.0,96.6097099,1148.3902901,2,1,24056.9,24366.45,23450.0,23750.0,24400.0,24700.0,2.2,5.3,54.85,4.3,0.1,0.15,0.2,0.1,300.0,246.35,6158.75,23696.35,24453.65,0.011483902901,0.18646483297747107,take_profit_eod_mark,44.65,1116.25,2024-08-08,True,2024,2015-01-01,2023-12-29,0.28175522096169825,1633375.411435049,0.0
2024-08-09,4,TRADE,EXECUTED,0.0125,300,0.4,1.0,10.0,2024-08-14,2024-08-12,2024-08-13,25,31.85000000000001,29.85000000000001,1732.5000000000002,96.89691875,1635.6030812500003,5,2,24401.5,24356.8,23750.0,24050.0,24750.0,25050.0,9.45,35.7,7.35,1.75,6.7,47.4,2.45,1.7,300.0,268.15,6703.749999999999,24018.15,24781.85,0.016356030812500002,0.24398330505314197,take_profit_eod_mark,31.250000000000007,781.2500000000002,2024-08-13,True,2024,2015-01-01,2023-12-29,0.28175522096169825,1635011.0145162991,0.0
2024-08-16,4,TRADE,EXECUTED,0.0125,300,0.4,1.0,10.0,2024-08-22,2024-08-19,2024-08-20,25,26.95,24.95,1010.0000000000001,96.0901476,913.9098524000001,6,3,24585.5,24595.75,23950.0,24250.0,24900.0,25200.0,5.75,23.1,11.4,1.8,2.75,5.75,15.85,1.4,300.0,273.05,6826.25,24223.05,24926.95,0.009139098524000001,0.13388168502472075,take_profit_eod_mark,31.450000000000003,786.2500000000001,2024-08-20,True,2024,2015-01-01,2023-12-29,0.28175522096169825,1635924.924368699,0.0
2024-08-22,3,TRADE,EXECUTED,0.0125,300,0.4,1.0,10.0,2024-08-29,2024-08-23,2024-08-26,25,37.05,35.05,1768.75,97.127392375,1671.622607625,7,6,24840.45,24854.0,24200.0,24500.0,25200.0,25500.0,10.25,29.85,20.95,3.5,4.35,7.85,37.6,3.4,300.0,262.95,6573.75,24462.95,25237.05,0.01671622607625,0.254287523502567,take_profit_eod_mark,43.599999999999994,1089.9999999999998,2024-08-26,True,2024,2015-01-01,2023-12-29,0.28175522096169825,1637596.5469763242,0.0
2024-08-29,3,TRADE,EXECUTED,0.0125,300,0.4,1.0,10.0,2024-09-05,2024-08-30,2024-09-02,25,44.05,42.05,1700.0,97.16439519999999,1602.8356048,7,6,25169.9,25376.9,24550.0,24850.0,25500.0,25800.0,7.95,17.75,38.4,4.15,4.55,12.6,22.55,2.65,300.0,255.95,6398.75,24805.95,25544.05,0.016028356048,0.250491987466302,take_profit_eod_mark,58.699999999999996,1467.5,2024-09-02,True,2024,2015-01-01,2023-12-29,0.28175522096169825,1639199.382581124,0.0
2024-09-03,1,TRADE,EXECUTED,0.0125,300,0.4,1.0,10.0,2024-09-05,2024-09-04,2024-09-05,25,14.799999999999999,12.799999999999999,271.25,95.065501775,176.184498225,2,1,25354.55,25247.8,24700.0,25000.0,25700.0,26000.0,2.25,16.75,0.9,0.6,0.1,0.15,0.1,0.1,300.0,285.2,7130.0,24985.2,25714.8,0.00176184498225,0.024710308306451614,take_profit_eod_mark,9.45,236.24999999999997,2024-09-05,True,2024,2015-01-01,2023-12-29,0.28175522096169825,1639375.5670793492,0.0
2024-09-06,4,TRADE,EXECUTED,0.0125,300,0.4,1.0,10.0,2024-09-12,2024-09-09,2024-09-10,25,26.650000000000002,24.650000000000002,960.0000000000001,96.05137179999998,863.9486282000001,6,3,24906.0,24985.0,24250.0,24550.0,25250.0,25550.0,4.75,16.0,18.45,3.05,1.95,4.0,15.45,1.75,300.0,273.35,6833.750000000001,24523.35,25276.65,0.008639486282000002,0.12642379779769528,take_profit_eod_mark,27.900000000000002,697.5,2024-09-10,True,2024,2015-01-01,2023-12-29,0.28175522096169825,1640239.5157075492,0.0
2024-09-12,3,TRADE,EXECUTED,0.0125,300,0.4,1.0,10.0,2024-09-19,2024-09-13,2024-09-16,25,35.699999999999996,33.699999999999996,1377.4999999999998,97.24143655000002,1280.2585634499997,7,6,25356.3,25372.6,24700.0,25000.0,25700.0,26000.0,13.4,34.35,19.7,4.95,7.0,17.1,16.35,3.05,300.0,264.3,6607.5,24964.3,25735.7,0.012802585634499996,0.19375839023079827,take_profit_eod_mark,37.64999999999999,941.2499999999998,2024-09-16,True,2024,2015-01-01,2023-12-29,0.28175522096169825,1641519.7742709992,0.0
2024-09-17,1,TRADE,EXECUTED,0.0125,300,0.4,1.0,10.0,2024-09-19,2024-09-18,2024-09-19,25,29.0,27.0,627.5,95.9537006,531.5462994,2,1,25449.8,25396.1,24800.0,25100.0,25800.0,26100.0,9.05,30.0,10.1,2.05,0.1,0.15,0.2,0.15,300.0,271.0,6775.0,25071.0,25829.0,0.0053154629939999995,0.07845701836162361,take_profit_eod_mark,20.6,515.0,2024-09-19,True,2024,2015-01-01,2023-12-29,0.28175522096169825,1642051.3205703993,0.0
2024-09-20,4,TRADE,EXECUTED,0.0125,300,0.4,1.0,10.0,2024-09-26,2024-09-23,2024-09-24,25,46.050000000000004,44.050000000000004,1895.0000000000002,97.83146585,1797.1685341500001,6,3,25767.75,25917.85,25100.0,25400.0,26100.0,26400.0,12.35,19.75,47.65,9.0,5.4,8.95,34.2,4.0,300.0,253.95,6348.75,25353.95,26146.05,0.017971685341500003,0.28307439010041346,take_profit_eod_mark,56.50000000000001,1412.5000000000002,2024-09-24,True,2024,2015-01-01,2023-12-29,0.28175522096169825,1643848.4891045494,0.0
2024-09-26,3,TRADE,EXECUTED,0.0125,300,0.4,1.0,10.0,2024-10-03,2024-09-27,2024-09-30,25,29.45,27.45,2932.5,98.83983915,2833.66016085,7,6,26226.5,26345.15,25550.0,25850.0,26600.0,26900.0,12.8,28.55,18.0,4.3,30.85,120.65,5.3,3.25,300.0,270.55,6763.75,25820.55,26629.45,0.0283366016085,0.4189480925300314,take_profit_eod_mark,14.299999999999997,357.49999999999994,2024-09-30,True,2024,2015-01-01,2023-12-29,0.28175522096169825,1646682.1492653994,0.0
2024-10-03,3,TRADE,EXECUTED,0.0125,300,0.4,1.0,10.0,2024-10-10,2024-10-04,2024-10-07,25,131.54999999999998,129.54999999999998,7787.5,115.47726365000001,7672.02273635,7,6,25475.7,25173.85,24850.0,25150.0,25800.0,26100.0,116.65,241.5,12.1,5.4,183.6,365.25,6.25,3.95,300.0,168.45000000000002,4211.25,25018.45,25931.55,0.0767202273635,1.8217922793351142,take_profit_eod_mark,14.899999999999949,372.49999999999875,2024-10-07,True,2024,2015-01-01,2023-12-29,0.28175522096169825,1654354.1720017495,0.0
2024-10-08,1,TRADE,EXECUTED,0.0125,300,0.4,1.0,10.0,2024-10-10,2024-10-09,2024-10-10,25,30.250000000000007,28.250000000000007,657.5000000000002,95.74181400000002,561.7581860000003,2,1,25131.65,25083.9,24500.0,24800.0,25450.0,25750.0,4.5,32.7,3.2,1.15,0.1,0.15,0.1,0.1,300.0,269.75,6743.75,24769.75,25480.25,0.005617581860000003,0.08330056511584805,take_profit_eod_mark,24.000000000000007,600.0000000000002,2024-10-10,True,2024,2015-01-01,2023-12-29,0.28175522096169825,1654915.9301877494,0.0
2024-10-11,4,TRADE,EXECUTED,0.0125,300,0.4,1.0,10.0,2024-10-17,2024-10-14,2024-10-15,25,30.800000000000004,28.800000000000004,1117.5,96.22893649999999,1021.2710635,6,3,25049.55,25221.5,24400.0,24700.0,25400.0,25700.0,4.55,14.65,24.05,3.35,2.0,12.7,8.95,1.75,300.0,269.2,6730.0,24669.2,25430.8,0.010212710635,0.15174904361069835,take_profit_eod_mark,31.300000000000004,782.5000000000001,2024-10-15,True,2024,2015-01-01,2023-12-29,0.28175522096169825,1655937.2012512495,0.0
2024-10-17,3,TRADE,EXECUTED,0.0125,300,0.4,1.0,10.0,2024-10-24,2024-10-18,2024-10-21,25,43.8,41.8,1898.75,97.75766247499999,1800.992337525,7,6,24843.8,24949.15,24200.0,24500.0,25200.0,25500.0,12.85,34.35,26.75,4.45,10.65,39.2,9.95,2.35,300.0,256.2,6405.0,24456.2,25243.8,0.018009923375250002,0.2811853766627635,take_profit_eod_mark,30.549999999999997,763.7499999999999,2024-10-21,True,2024,2015-01-01,2023-12-29,0.28175522096169825,1657738.1935887744,0.0
2024-10-22,1,TRADE,EXECUTED,0.0125,300,0.4,1.0,10.0,2024-10-24,2024-10-23,2024-10-24,25,14.950000000000001,12.950000000000001,275.00000000000006,95.08241969999999,179.91758030000005,2,1,24538.3,24482.65,23900.0,24200.0,24850.0,25150.0,2.15,15.6,2.45,0.95,0.1,0.15,0.1,0.1,300.0,285.05,7126.25,24185.05,24864.95,0.0017991758030000006,0.02524716089107175,take_profit_eod_mark,8.25,206.25,2024-10-24,True,2024,2015-01-01,2023-12-29,0.28175522096169825,1657918.1111690744,0.0
2024-10-25,4,TRADE,EXECUTED,0.0125,300,0.4,1.0,10.0,2024-10-31,2024-10-28,2024-10-29,25,51.8,49.8,3027.5,98.18821435,2929.31178565,6,3,24192.75,24348.45,23550.0,23850.0,24500.0,24800.0,6.05,15.35,50.2,7.7,3.45,6.75,77.4,7.4,300.0,248.2,6205.0,23798.2,24551.8,0.0292931178565,0.4720889259709911,take_profit_eod_mark,56.2,1405.0,2024-10-29,True,2024,2015-01-01,2023-12-29,0.28175522096169825,1660847.4229547244,0.0
2024-10-31,3,TRADE,EXECUTED,0.0125,300,0.4,1.0,10.0,2024-11-07,2024-11-01,2024-11-04,25,109.4,107.4,5268.75,105.384393375,5163.365606625,7,6,24203.3,24383.65,23600.0,23900.0,24550.0,24850.0,35.35,80.95,86.05,22.25,65.35,151.65,24.1,5.05,300.0,190.6,4765.0,23790.6,24659.4,0.05163365606625,1.0836024358079748,take_profit_eod_mark,15.0,375.0,2024-11-04,True,2024,2015-01-01,2023-12-29,0.28175522096169825,1666010.7885613495,0.0
2024-11-05,1,TRADE,EXECUTED,0.0125,300,0.4,1.0,10.0,2024-11-07,2024-11-06,2024-11-07,25,33.0,31.0,726.25,95.818132325,630.431867675,2,1,24295.45,24587.1,23650.0,23950.0,24600.0,24900.0,1.9,3.2,35.05,3.35,0.05,0.1,0.1,0.1,300.0,267.0,6675.0,23917.0,24633.0,0.00630431867675,0.09444672174906367,take_profit_eod_mark,25.3,632.5,2024-11-07,True,2024,2015-01-01,2023-12-29,0.28175522096169825,1666641.2204290244,0.0
2024-11-08,4,TRADE,EXECUTED,0.0125,300,0.4,1.0,10.0,2024-11-14,2024-11-11,2024-11-12,25,38.05,36.05,3032.5000000000005,98.23331565000001,2934.2666843500006,6,3,24219.85,24226.3,23600.0,23900.0,24550.0,24850.0,7.5,35.15,12.95,2.55,20.3,105.25,4.65,2.35,300.0,261.95,6548.75,23861.95,24588.05,0.029342666843500006,0.4480651550830312,take_profit_eod_mark,25.9,647.5,2024-11-12,True,2024,2015-01-01,2023-12-29,0.28175522096169825,1669575.4871133745,0.0
2024-11-14,3,TRADE,EXECUTED,0.0125,300,0.4,1.0,10.0,2024-11-21,2024-11-18,2024-11-19,75,51.85,49.85,6596.249999999999,104.810283875,6491.439716124999,7,3,23601.7,23513.95,23000.0,23300.0,23900.0,24200.0,12.7,58.35,7.8,1.6,9.9,43.65,7.8,1.45,300.0,248.15,18611.25,23248.15,23951.85,0.06491439716124998,0.3487911728725904,take_profit_eod_mark,40.55,3041.25,2024-11-19,True,2024,2015-01-01,2023-12-29,0.28175522096169825,1676066.9268294994,0.0
2024-11-21,3,TRADE,EXECUTED,0.0125,300,0.4,1.0,10.0,2024-11-28,2024-11-22,2024-11-25,75,190.15,188.15,34395.0,200.2458368,34194.7541632,7,6,23348.7,23886.55,22750.0,23050.0,23650.0,23950.0,15.1,29.1,345.0,168.85,4.0,6.25,631.85,361.65,300.0,109.85,8238.75,22859.85,23840.15,0.341947541632,4.1504784297617965,take_profit_eod_mark,234.55000000000004,17591.250000000004,2024-11-25,True,2024,2015-01-01,2023-12-29,0.28175522096169825,1710261.6809926995,0.0
2024-11-28,3,TRADE,EXECUTED,0.0125,300,0.4,1.0,10.0,2024-12-05,2024-11-29,2024-12-02,75,107.3,105.3,18708.75,124.029573575,18584.720426425,7,6,23903.55,24304.15,23300.0,23600.0,24250.0,24550.0,8.05,21.1,124.45,30.2,6.5,16.0,187.9,51.25,300.0,192.7,14452.5,23492.7,24357.3,0.18584720426425,1.285917344848642,take_profit_eod_mark,101.39999999999999,7604.999999999999,2024-12-02,True,2024,2015-01-01,2023-12-29,0.28175522096169825,1728846.4014191246,0.0
2024-12-03,1,TRADE,EXECUTED,0.0125,300,0.4,1.0,10.0,2024-12-05,2024-12-04,2024-12-05,75,34.7,32.7,2463.75,99.57367287500001,2364.176327125,2,1,24547.0,24561.7,23900.0,24200.0,24900.0,25200.0,8.7,39.55,4.6,0.75,0.4,1.45,1.45,0.35,300.0,265.3,19897.5,24165.3,24934.7,0.02364176327125,0.11881775736273402,take_profit_eod_mark,5.450000000000003,408.7500000000002,2024-12-05,True,2024,2015-01-01,2023-12-29,0.28175522096169825,1731210.5777462495,0.0
2024-12-06,4,TRADE,EXECUTED,0.0125,300,0.4,1.0,10.0,2024-12-12,2024-12-09,2024-12-10,75,73.75,71.75,9307.5,109.99810745,9197.50189255,6,3,24783.25,24694.6,24150.0,24450.0,25100.0,25400.0,23.15,81.9,20.5,5.5,11.6,58.35,10.15,2.55,300.0,226.25,16968.75,24376.25,25173.75,0.0919750189255,0.5420258942202578,take_profit_eod_mark,92.3,6922.5,2024-12-10,True,2024,2015-01-01,2023-12-29,0.28175522096169825,1740408.0796387994,0.0
2024-12-12,3,TRADE,EXECUTED,0.0125,300,0.4,1.0,10.0,2024-12-19,2024-12-13,2024-12-16,75,60.30000000000001,58.30000000000001,8913.75,108.30115377499999,8805.448846225,7,6,24648.55,24830.75,24000.0,24300.0,25000.0,25300.0,10.35,26.5,54.15,10.0,9.4,35.55,45.55,9.15,300.0,239.7,17977.5,24239.7,25060.3,0.08805448846224999,0.48980385738979276,take_profit_eod_mark,76.60000000000001,5745.000000000001,2024-12-16,True,2024,2015-01-01,2023-12-29,0.28175522096169825,1749213.5284850243,0.0
2024-12-17,1,TRADE,EXECUTED,0.0125,300,0.4,1.0,10.0,2024-12-19,2024-12-18,2024-12-19,75,37.099999999999994,35.099999999999994,13567.5,105.21693800000001,13462.283062,2,1,24417.65,24257.35,23800.0,24100.0,24750.0,25050.0,6.7,38.05,12.7,6.95,0.25,148.05,0.15,0.15,300.0,262.9,19717.5,24062.9,24787.1,0.13462283062,0.6827581114238621,take_profit_eod_mark,67.29999999999998,5047.499999999999,2024-12-19,True,2024,2015-01-01,2023-12-29,0.28175522096169825,1762675.8115470244,0.0
2024-12-20,4,TRADE,EXECUTED,0.0125,300,0.4,1.0,10.0,2024-12-26,2024-12-23,2024-12-24,75,33.650000000000006,31.650000000000006,3637.5,101.30091005000001,3536.19908995,6,3,23625.65,23769.75,23000.0,23300.0,23950.0,24250.0,5.3,11.3,36.95,9.3,2.5,5.65,18.0,2.3,300.0,266.35,19976.25,23266.35,23983.65,0.0353619908995,0.17702016594455916,take_profit_eod_mark,32.55000000000001,2441.250000000001,2024-12-24,True,2024,2015-01-01,2023-12-29,0.28175522096169825,1766212.0106369744,0.0
2024-12-26,3,TRADE,EXECUTED,0.0125,300,0.4,1.0,10.0,2025-01-02,2024-12-27,2024-12-30,75,70.8,68.8,9270.0,108.4706321,9161.5293679,7,6,23748.7,23992.65,23150.0,23450.0,24050.0,24350.0,8.75,27.75,62.1,10.3,10.45,47.9,23.35,4.0,300.0,229.2,17190.0,23379.2,24120.8,0.09161529367900001,0.5329569149447353,take_profit_eod_mark,68.8,5160.0,2024-12-30,True,2024,2015-01-01,2023-12-29,0.28175522096169825,1775373.5400048743,0.0
2025-01-02,3,TRADE,EXECUTED,0.0125,300,0.4,1.0,10.0,2025-01-09,2025-01-03,2025-01-06,75,101.10000000000001,99.10000000000001,21708.75,146.967473825,21561.782526175,7,6,24282.65,24092.4,23650.0,23950.0,24600.0,24900.0,40.6,132.9,11.6,2.8,208.45,397.9,5.3,2.4,300.0,198.89999999999998,14917.499999999998,23848.9,24701.1,0.21561782526175,1.4454018787447631,take_profit_eod_mark,-50.3,-3772.5,2025-01-06,True,2025,2015-01-01,2024-12-31,0.27074799823358275,1796935.3225310494,0.0
2025-01-07,1,TRADE,EXECUTED,0.0125,300,0.4,1.0,10.0,2025-01-09,2025-01-08,2025-01-09,75,14.149999999999999,12.149999999999999,768.7499999999999,96.538295225,672.2117047749999,2,1,23795.05,23781.35,23150.0,23450.0,24100.0,24400.0,3.05,13.3,5.2,1.3,0.1,0.2,0.1,0.1,300.0,285.85,21438.75,23435.85,24114.15,0.006722117047749999,0.031354985937846185,take_profit_eod_mark,6.699999999999999,502.49999999999994,2025-01-09,True,2025,2015-01-01,2024-12-31,0.27074799823358275,1797607.5342358244,0.0
2025-01-10,4,TRADE,EXECUTED,0.0125,300,0.4,1.0,10.0,2025-01-16,2025-01-13,2025-01-14,75,118.65000000000002,116.65000000000002,12806.250000000002,119.94076197499999,12686.309238025002,6,3,23500.65,23162.1,22900.0,23200.0,23800.0,24100.0,57.55,172.3,8.25,4.35,16.05,70.3,3.45,1.6,300.0,181.34999999999997,13601.249999999998,23081.35,23918.65,0.12686309238025,0.9327311267732747,take_profit_eod_mark,126.35000000000002,9476.250000000002,2025-01-14,True,2025,2015-01-01,2024-12-31,0.27074799823358275,1810293.8434738494,0.0
2025-01-16,3,TRADE,EXECUTED,0.0125,300,0.4,1.0,10.0,2025-01-23,2025-01-17,2025-01-20,75,75.45,73.45,9150.0,112.12854139999999,9037.8714586,7,6,23377.55,23267.2,22750.0,23050.0,23700.0,24000.0,32.65,92.45,20.95,5.3,14.15,41.15,29.15,5.6,300.0,224.55,16841.25,22974.55,23775.45,0.09037871458600001,0.5366508696563498,take_profit_eod_mark,70.45,5283.75,2025-01-20,True,2025,2015-01-01,2024-12-31,0.27074799823358275,1819331.7149324494,0.0
2025-01-21,1,TRADE,EXECUTED,0.0125,300,0.4,1.0,10.0,2025-01-23,2025-01-22,2025-01-23,75,13.1,11.1,686.25,96.43223172500001,589.8177682749999,2,1,23103.2,23198.95,22500.0,22800.0,23400.0,23700.0,2.4,6.65,10.85,2.0,0.1,0.1,0.15,0.1,300.0,286.9,21517.5,22786.9,23413.1,0.005898177682749999,0.027411073232252815,take_profit_eod_mark,6.149999999999999,461.2499999999999,2025-01-23,True,2025,2015-01-01,2024-12-31,0.27074799823358275,1819921.5327007244,0.0
2025-01-24,4,TRADE,EXECUTED,0.0125,300,0.4,1.0,10.0,2025-01-30,2025-01-27,2025-01-28,75,97.55,95.55,11745.0,116.4778613,11628.5221387,6,3,23113.9,22846.45,22500.0,22800.0,23450.0,23750.0,43.55,131.7,14.0,4.6,18.55,72.2,11.8,2.4,300.0,202.45,15183.75,22702.45,23547.55,0.116285221387,0.7658531086655141,take_profit_eod_mark,86.1,6457.5,2025-01-28,True,2025,2015-01-01,2024-12-31,0.27074799823358275,1831550.0548394243,0.0
2025-01-30,3,TRADE,EXECUTED,0.0125,300,0.4,1.0,10.0,2025-02-06,2025-01-31,2025-02-03,75,165.45000000000002,163.45000000000002,15592.5,137.0015492,15455.4984508,7,6,23235.1,23620.2,22600.0,22900.0,23550.0,23850.0,35.7,64.95,253.35,117.15,6.2,16.8,45.45,9.6,300.0,134.54999999999998,10091.249999999998,22734.55,23715.45,0.154554984508,1.5315742302291593,take_profit_eod_mark,170.20000000000002,12765.000000000002,2025-02-03,True,2025,2015-01-01,2024-12-31,0.27074799823358275,1847005.5532902244,0.0
2025-02-06,3,TRADE,EXECUTED,0.0125,300,0.4,1.0,10.0,2025-02-13,2025-02-07,2025-02-10,75,68.7,66.7,11302.5,112.2799781,11190.2200219,7,6,23688.9,23614.95,23050.0,23350.0,24000.0,24300.0,19.75,69.05,24.7,5.3,27.95,107.0,9.4,2.45,300.0,231.3,17347.5,23281.3,24068.7,0.111902200219,0.6450624021847529,take_profit_eod_mark,86.95,6521.25,2025-02-10,True,2025,2015-01-01,2024-12-31,0.27074799823358275,1858195.7733121244,0.0
2025-02-11,1,TRADE,EXECUTED,0.0125,300,0.4,1.0,10.0,2025-02-13,2025-02-12,2025-02-13,75,26.95,24.95,1728.75,97.89590802500001,1630.854091975,2,1,23153.15,23123.85,22550.0,22850.0,23450.0,23750.0,3.05,25.2,6.15,1.35,0.1,0.15,0.1,0.05,300.0,273.05,20478.75,22823.05,23476.95,0.01630854091975,0.07963640808032717,take_profit_eod_mark,18.75,1406.25,2025-02-13,True,2025,2015-01-01,2024-12-31,0.27074799823358275,1859826.6274040993,0.0
2025-02-14,4,TRADE,EXECUTED,0.0125,300,0.4,1.0,10.0,2025-02-20,2025-02-17,2025-02-18,75,70.95,68.95,8295.0,107.9509052,8187.0490948,6,3,22995.65,23026.4,22400.0,22700.0,23300.0,23600.0,16.3,54.9,40.2,7.85,6.3,35.75,16.55,2.35,300.0,229.05,17178.75,22629.05,23370.95,0.081870490948,0.476580024437168,take_profit_eod_mark,78.45,5883.75,2025-02-18,True,2025,2015-01-01,2024-12-31,0.27074799823358275,1868013.6764988992,0.0
2025-02-20,3,TRADE,EXECUTED,0.0125,300,0.4,1.0,10.0,2025-02-27,2025-02-21,2025-02-24,75,69.65,67.65,11793.75,112.128256475,11681.621743525,7,6,22942.5,22822.6,22350.0,22650.0,23250.0,23550.0,19.55,75.15,18.35,4.3,26.3,116.0,4.05,2.15,300.0,230.35,17276.25,22580.35,23319.65,0.11681621743525,0.6761665143491787,take_profit_eod_mark,116.85000000000002,8763.750000000002,2025-02-24,True,2025,2015-01-01,2024-12-31,0.27074799823358275,1879695.2982424241,0.0
2025-02-27,3,TRADE,EXECUTED,0.0125,300,0.4,1.0,10.0,2025-03-06,2025-02-28,2025-03-03,75,119.85,117.85,17928.749999999996,127.293070625,17801.456929374996,7,6,22547.75,22280.05,21950.0,22250.0,22850.0,23150.0,63.45,179.6,5.9,2.2,48.45,170.45,2.45,1.25,300.0,180.15,13511.25,22130.15,22969.85,0.17801456929374995,1.3175284987972982,take_profit_eod_mark,142.54999999999998,10691.249999999998,2025-03-03,True,2025,2015-01-01,2024-12-31,0.27074799823358275,1897496.755171799,0.0
2025-03-04,1,TRADE,EXECUTED,0.0125,300,0.4,1.0,10.0,2025-03-06,2025-03-05,2025-03-06,75,21.25,19.25,4631.25,98.47080492500001,4532.779195075,2,1,22191.05,22441.35,21600.0,21900.0,22500.0,22800.0,1.25,4.2,19.3,1.0,0.05,0.1,44.55,0.1,300.0,278.75,20906.25,21878.75,22521.25,0.04532779195075,0.21681455043707024,take_profit_eod_mark,16.4,1230.0,2025-03-06,True,2025,2015-01-01,2024-12-31,0.27074799823358275,1902029.534366874,0.0
2025-03-07,4,TRADE,EXECUTED,0.0125,300,0.4,1.0,10.0,2025-03-13,2025-03-10,2025-03-11,75,62.599999999999994,60.599999999999994,7653.75,106.43141577499999,7547.318584225,6,3,22649.95,22515.65,22050.0,22350.0,22950.0,23250.0,16.25,73.85,6.55,1.55,9.7,50.65,3.3,0.8,300.0,237.4,17805.0,22287.4,23012.6,0.07547318584225,0.4238875924866611,take_profit_eod_mark,68.7,5152.5,2025-03-11,True,2025,2015-01-01,2024-12-31,0.27074799823358275,1909576.852951099,0.0
2025-03-13,3,TRADE,EXECUTED,0.0125,300,0.4,1.0,10.0,2025-03-20,2025-03-17,2025-03-18,75,42.099999999999994,40.099999999999994,13170.0,107.14633895,13062.85366105,7,3,22444.25,22584.3,21850.0,22150.0,22750.0,23050.0,3.75,16.95,31.9,3.0,2.15,4.0,153.3,17.65,300.0,257.9,19342.5,22107.9,22792.1,0.1306285366105,0.6753446380276593,take_profit_eod_mark,61.15,4586.25,2025-03-18,True,2025,2015-01-01,2024-12-31,0.27074799823358275,1922639.706612149,0.0
2025-03-20,3,TRADE,EXECUTED,0.0125,300,0.4,1.0,10.0,2025-03-27,2025-03-21,2025-03-24,75,69.45000000000002,67.45000000000002,17902.5,123.38483885000001,17779.11516115,7,6,23200.25,23379.85,22600.0,22900.0,23500.0,23800.0,7.75,18.9,71.9,13.6,5.25,9.2,256.4,87.1,300.0,230.54999999999998,17291.25,22830.55,23569.45,0.1777911516115,1.0282145687067157,take_profit_eod_mark,57.000000000000014,4275.000000000001,2025-03-24,True,2025,2015-01-01,2024-12-31,0.27074799823358275,1940418.821773299,0.0
2025-03-25,1,TRADE,EXECUTED,0.0125,300,0.4,1.0,10.0,2025-03-27,2025-03-26,2025-03-27,75,33.300000000000004,31.300000000000004,2205.0000000000005,99.17570119999999,2105.8242988000006,2,1,23705.35,23521.9,23100.0,23400.0,24050.0,24350.0,6.75,38.4,3.45,1.8,0.2,0.35,0.1,0.15,300.0,266.7,20002.5,23366.7,24083.3,0.021058242988000006,0.10527805518310214,take_profit_eod_mark,19.350000000000005,1451.2500000000005,2025-03-27,True,2025,2015-01-01,2024-12-31,0.27074799823358275,1942524.646072099,0.0
2025-03-28,4,TRADE,EXECUTED,0.0125,300,0.4,1.0,10.0,2025-04-03,2025-04-01,2025-04-02,75,113.2,111.2,12165.0,115.77501904999998,12049.22498095,6,2,23637.65,23321.4,23000.0,23300.0,23950.0,24250.0,38.0,150.3,2.85,1.95,13.45,65.8,1.8,1.15,300.0,186.8,14010.0,23186.8,24063.2,0.1204922498095,0.8600446096324055,take_profit_eod_mark,118.30000000000001,8872.5,2025-04-02,True,2025,2015-01-01,2024-12-31,0.27074799823358275,1954573.8710530489,0.0
2025-04-03,3,TRADE,EXECUTED,0.0125,300,0.4,1.0,10.0,2025-04-09,2025-04-04,2025-04-07,75,133.1,131.1,29568.75,204.93463317500004,29363.815366825,6,5,23325.95,22958.15,22700.0,23000.0,23650.0,23950.0,54.7,186.05,3.65,1.9,568.35,831.2,5.75,3.45,300.0,166.9,12517.5,22866.9,23783.1,0.29363815366825,2.345821079834232,take_profit_eod_mark,-282.0,-21150.0,2025-04-07,True,2025,2015-01-01,2024-12-31,0.27074799823358275,1983937.686419874,0.0
2025-04-11,4,TRADE,EXECUTED,0.0125,300,0.4,1.0,10.0,2025-04-17,2025-04-15,2025-04-16,75,103.30000000000001,101.30000000000001,17572.5,118.7110904,17453.7889096,6,2,22917.65,23340.9,22300.0,22600.0,23250.0,23550.0,4.6,7.85,124.65,24.6,1.95,2.95,166.4,32.4,300.0,196.7,14752.5,22496.7,23353.3,0.174537889096,1.1831071960413488,take_profit_eod_mark,126.65,9498.75,2025-04-16,True,2025,2015-01-01,2024-12-31,0.27074799823358275,2001391.475329474,0.0
2025-04-17,3,TRADE,EXECUTED,0.0125,300,0.4,1.0,10.0,2025-04-24,2025-04-21,2025-04-22,75,92.20000000000002,90.20000000000002,13233.750000000002,117.195928175,13116.554071825001,7,3,23851.3,24135.5,23250.0,23550.0,24150.0,24450.0,13.55,20.55,117.25,32.05,6.0,9.0,105.95,20.7,300.0,207.79999999999998,15584.999999999998,23457.8,24242.2,0.13116554071825,0.8416139924173887,take_profit_eod_mark,132.50000000000003,9937.500000000002,2025-04-22,True,2025,2015-01-01,2024-12-31,0.27074799823358275,2014508.029401299,0.0
2025-04-24,3,TRADE,EXECUTED,0.0125,300,0.4,1.0,10.0,2025-04-30,2025-04-25,2025-04-28,75,77.05000000000001,75.05000000000001,8021.250000000001,116.517235475,7904.732764525001,6,5,24245.7,24139.1,23600.0,23900.0,24550.0,24850.0,58.25,116.45,29.2,10.35,17.6,26.4,30.85,5.75,300.0,222.95,16721.25,23822.95,24627.05,0.07904732764525,0.4727357562697167,take_profit_eod_mark,45.250000000000014,3393.750000000001,2025-04-28,True,2025,2015-01-01,2024-12-31,0.27074799823358275,2022412.7621658242,0.0
2025-05-02,4,TRADE,EXECUTED,0.0125,300,0.4,1.0,10.0,2025-05-08,2025-05-05,2025-05-06,75,24.599999999999998,22.599999999999998,2572.5,103.84205480000003,2468.6579452,6,3,24400.7,24553.7,23750.0,24050.0,24750.0,25050.0,18.35,29.15,19.25,5.45,19.3,29.65,6.0,2.65,300.0,275.4,20655.0,24025.4,24774.6,0.024686579452,0.11951866110869039,take_profit_eod_mark,10.449999999999996,783.7499999999997,2025-05-06,True,2025,2015-01-01,2024-12-31,0.27074799823358275,2024881.4201110243,0.0
2025-05-08,3,TRADE,EXECUTED,0.0125,300,0.4,1.0,10.0,2025-05-15,2025-05-09,2025-05-12,75,102.25000000000001,100.25000000000001,24071.249999999996,166.644621425,23904.605378574997,7,6,24271.9,24065.5,23650.0,23950.0,24600.0,24900.0,138.7,220.6,29.05,8.7,12.85,20.2,442.4,227.05,300.0,197.75,14831.25,23847.75,24702.25,0.23904605378574997,1.6117728026009268,take_profit_eod_mark,-84.64999999999996,-6348.749999999997,2025-05-12,True,2025,2015-01-01,2024-12-31,0.27074799823358275,2048786.0254895992,0.0
2025-05-13,1,TRADE,EXECUTED,0.0125,300,0.4,1.0,10.0,2025-05-15,2025-05-14,2025-05-15,75,21.849999999999998,19.849999999999998,10308.75,101.60076372500001,10207.149236275,2,1,24640.2,24715.9,24000.0,24300.0,24950.0,25250.0,3.25,12.3,15.6,2.8,0.15,0.2,119.8,0.25,300.0,278.15,20861.25,24278.15,24971.85,0.10207149236275,0.4892875180669902,take_profit_eod_mark,6.899999999999997,517.4999999999998,2025-05-15,True,2025,2015-01-01,2024-12-31,0.27074799823358275,2058993.1747258743,0.0
2025-05-16,4,TRADE,EXECUTED,0.0125,300,0.4,1.0,10.0,2025-05-22,2025-05-19,2025-05-20,75,71.95,69.95,12765.0,115.84206725000001,12649.15793275,6,3,25078.7,24976.4,24450.0,24750.0,25400.0,25700.0,29.2,82.05,28.7,9.6,31.5,128.1,10.0,4.35,300.0,228.05,17103.75,24678.05,25471.95,0.1264915793275,0.739554655134108,take_profit_eod_mark,71.0,5325.0,2025-05-20,True,2025,2015-01-01,2024-12-31,0.27074799823358275,2071642.3326586243,0.0
2025-05-22,3,TRADE,EXECUTED,0.0125,300,0.4,1.0,10.0,2025-05-29,2025-05-23,2025-05-26,75,116.80000000000001,114.80000000000001,19402.5,136.199915,19266.300085,7,6,24652.2,24879.9,24000.0,24300.0,25000.0,25300.0,20.6,44.2,146.05,52.85,11.5,25.7,222.9,91.2,300.0,183.2,13740.0,24183.2,25116.8,0.19266300085,1.4022052463609898,take_profit_eod_mark,134.55,10091.25,2025-05-26,True,2025,2015-01-01,2024-12-31,0.27074799823358275,2090908.6327436243,0.0
2025-05-27,1,TRADE,EXECUTED,0.0125,300,0.4,1.0,10.0,2025-05-29,2025-05-28,2025-05-29,75,39.74999999999999,37.74999999999999,2703.749999999999,100.15219632499998,2603.5978036749993,2,1,24862.6,24762.5,24250.0,24550.0,25200.0,25500.0,7.2,35.65,14.75,3.45,0.15,0.35,0.25,0.15,300.0,260.25,19518.75,24510.25,25239.75,0.026035978036749993,0.13338957687736147,take_profit_eod_mark,27.39999999999999,2054.9999999999995,2025-05-29,True,2025,2015-01-01,2024-12-31,0.27074799823358275,2093512.2305472994,0.0
2025-05-30,4,TRADE,EXECUTED,0.0125,300,0.4,1.0,10.0,2025-06-05,2025-06-02,2025-06-03,75,121.3,119.3,16121.25,125.613094925,15995.636905075,6,3,24871.2,24826.3,24250.0,24550.0,25200.0,25500.0,54.2,135.95,57.25,17.7,32.6,121.35,12.7,3.8,300.0,178.7,13402.5,24428.7,25321.3,0.15995636905075,1.193481582173102,take_profit_eod_mark,99.19999999999999,7439.999999999999,2025-06-03,True,2025,2015-01-01,2024-12-31,0.27074799823358275,2109507.8674523747,0.0
2025-06-05,3,TRADE,EXECUTED,0.0125,300,0.4,1.0,10.0,2025-06-12,2025-06-06,2025-06-09,75,89.90000000000003,87.90000000000003,12420.000000000002,115.9423913,12304.057608700003,7,6,24861.4,25096.3,24250.0,24550.0,25200.0,25500.0,14.05,35.95,92.9,24.9,5.95,15.85,92.0,22.2,300.0,210.09999999999997,15757.499999999998,24460.1,25289.9,0.12304057608700003,0.780838179197208,take_profit_eod_mark,134.8,10110.0,2025-06-09,True,2025,2015-01-01,2024-12-31,0.27074799823358275,2121811.925061074,0.0
2025-06-12,3,TRADE,EXECUTED,0.0125,300,0.4,1.0,10.0,2025-06-19,2025-06-13,2025-06-16,75,92.35000000000001,90.35000000000001,10286.25,120.28799562500001,10165.962004375,7,6,24937.4,24727.4,24300.0,24600.0,25250.0,25550.0,68.3,147.15,20.35,6.85,22.1,45.4,32.05,6.55,300.0,207.64999999999998,15573.749999999998,24507.65,25342.35,0.10165962004375,0.6527626297054339,take_profit_eod_mark,66.20000000000002,4965.000000000001,2025-06-16,True,2025,2015-01-01,2024-12-31,0.27074799823358275,2131977.8870654493,0.0
2025-06-17,1,TRADE,EXECUTED,0.0125,300,0.4,1.0,10.0,2025-06-19,2025-06-18,2025-06-19,75,20.099999999999998,18.099999999999998,1218.7499999999998,97.498574675,1121.2514253249997,2,1,24868.8,24826.9,24250.0,24550.0,25200.0,25500.0,5.05,20.85,5.9,1.6,0.15,0.25,0.15,0.1,300.0,279.9,20992.5,24529.9,25220.1,0.011212514253249997,0.05341200073002261,take_profit_eod_mark,9.899999999999999,742.4999999999999,2025-06-19,True,2025,2015-01-01,2024-12-31,0.27074799823358275,2133099.138490774,0.0
2025-06-20,4,TRADE,EXECUTED,0.0125,300,0.4,1.0,10.0,2025-06-26,2025-06-23,2025-06-24,75,43.50000000000001,41.50000000000001,4912.5,104.96717375,4807.53282625,6,3,25111.7,24993.3,24450.0,24750.0,25450.0,25750.0,24.15,59.45,10.95,2.75,6.75,23.4,12.2,2.85,300.0,256.5,19237.5,24706.5,25493.5,0.048075328262499994,0.2499042404808317,take_profit_eod_mark,37.05000000000001,2778.750000000001,2025-06-24,True,2025,2015-01-01,2024-12-31,0.27074799823358275,2137906.671317024,0.0
2025-06-26,3,TRADE,EXECUTED,0.0125,300,0.4,1.0,10.0,2025-07-03,2025-06-27,2025-06-30,75,52.45000000000001,50.45000000000001,6562.5,106.37905865,6456.12094135,7,6,25551.0,25750.2,24900.0,25200.0,25900.0,26200.0,12.55,28.1,46.8,9.9,8.5,30.2,23.1,5.75,300.0,247.54999999999998,18566.25,25147.55,25952.45,0.0645612094135,0.3477342458143136,take_profit_eod_mark,62.900000000000006,4717.5,2025-06-30,True,2025,2015-01-01,2024-12-31,0.27074799823358275,2144362.7922583744,0.0
2025-07-01,1,TRADE,EXECUTED,0.0125,300,0.4,1.0,10.0,2025-07-03,2025-07-02,2025-07-03,75,18.55,16.55,1102.5,96.89513869999999,1005.6048613,2,1,25643.3,25546.1,25000.0,25300.0,26000.0,26300.0,2.75,20.25,1.8,0.75,0.15,0.25,0.15,0.1,300.0,281.45,21108.75,25281.45,26018.55,0.010056048613000001,0.047639242555812165,take_profit_eod_mark,12.3,922.5,2025-07-03,True,2025,2015-01-01,2024-12-31,0.27074799823358275,2145368.397119674,0.0
2025-07-04,4,TRADE,EXECUTED,0.0125,300,0.4,1.0,10.0,2025-07-10,2025-07-07,2025-07-08,75,32.75,30.75,3288.75,100.93418142499999,3187.815818575,6,3,25540.1,25538.9,24900.0,25200.0,25900.0,26200.0,10.0,33.3,12.2,2.75,4.0,12.15,8.55,1.6,300.0,267.25,20043.75,25167.25,25932.75,0.031878158185749995,0.1590428846186467,take_profit_eod_mark,31.200000000000003,2340.0,2025-07-08,True,2025,2015-01-01,2024-12-31,0.27074799823358275,2148556.212938249,0.0
2025-07-10,3,TRADE,EXECUTED,0.0125,300,0.4,1.0,10.0,2025-07-17,2025-07-11,2025-07-14,75,67.65,65.65,10256.25,110.818979075,10145.431020925,7,6,25421.9,25223.4,24800.0,25100.0,25750.0,26050.0,23.85,84.8,9.95,3.25,19.6,89.5,5.35,2.15,300.0,232.35,17426.25,25032.35,25817.65,0.10145431020925,0.5821924407675203,take_profit_eod_mark,107.60000000000001,8070.000000000001,2025-07-14,True,2025,2015-01-01,2024-12-31,0.27074799823358275,2158701.643959174,0.0
2025-07-17,3,TRADE,EXECUTED,0.0125,300,0.4,1.0,10.0,2025-07-24,2025-07-18,2025-07-21,75,54.0,52.0,5602.5,105.41730529999998,5497.0826947,7,6,25174.6,25032.3,24550.0,24850.0,25500.0,25800.0,19.05,63.35,13.65,3.95,6.8,23.65,10.1,2.25,300.0,246.0,18450.0,24796.0,25554.0,0.05497082694699999,0.297944861501355,take_profit_eod_mark,51.599999999999994,3869.9999999999995,2025-07-21,True,2025,2015-01-01,2024-12-31,0.27074799823358275,2164198.726653874,0.0
2025-07-24,3,TRADE,EXECUTED,0.0125,300,0.4,1.0,10.0,2025-07-31,2025-07-25,2025-07-28,75,62.60000000000001,60.60000000000001,11958.75,112.315855175,11846.434144825,7,6,25095.4,24850.4,24450.0,24750.0,25450.0,25750.0,20.9,77.5,10.05,4.05,29.15,127.35,5.35,2.7,300.0,237.39999999999998,17805.0,24687.4,25512.6,0.11846434144825,0.665343114003089,take_profit_eod_mark,65.80000000000001,4935.000000000001,2025-07-28,True,2025,2015-01-01,2024-12-31,0.27074799823358275,2176045.160798699,0.0
2025-07-31,3,TRADE,EXECUTED,0.0125,300,0.4,1.0,10.0,2025-08-07,2025-08-01,2025-08-04,75,76.15,74.15,8193.75,111.07177197499999,8082.678228025,7,6,24771.9,24627.2,24150.0,24450.0,25100.0,25400.0,34.2,98.9,16.4,4.95,10.5,34.5,16.25,3.15,300.0,223.85,16788.75,24373.85,25176.15,0.08082678228025,0.4814341882525501,take_profit_eod_mark,79.10000000000001,5932.500000000001,2025-08-04,True,2025,2015-01-01,2024-12-31,0.27074799823358275,2184127.839026724,0.0
2025-08-05,1,TRADE,EXECUTED,0.0125,300,0.4,1.0,10.0,2025-08-07,2025-08-06,2025-08-07,75,12.7,10.7,656.25,96.36889977499999,559.881100225,2,1,24707.8,24634.9,24050.0,24350.0,25050.0,25350.0,3.25,14.6,2.3,0.95,0.15,0.2,0.1,0.1,300.0,287.3,21547.5,24337.3,25062.7,0.005598811002249999,0.025983575831302935,take_profit_eod_mark,2.4999999999999982,187.49999999999986,2025-08-07,True,2025,2015-01-01,2024-12-31,0.27074799823358275,2184687.7201269493,0.0
2025-08-08,4,TRADE,EXECUTED,0.0125,300,0.4,1.0,10.0,2025-08-14,2025-08-11,2025-08-12,75,41.0,39.0,4173.75,101.572056875,4072.177943125,6,3,24441.1,24627.9,23800.0,24100.0,24750.0,25050.0,4.8,11.45,40.55,6.2,2.3,7.1,16.35,2.5,300.0,259.0,19425.0,24059.0,24791.0,0.04072177943125,0.20963593014800516,take_profit_eod_mark,39.85,2988.75,2025-08-12,True,2025,2015-01-01,2024-12-31,0.27074799823358275,2188759.898070074,0.0
2025-08-14,3,TRADE,EXECUTED,0.0125,300,0.4,1.0,10.0,2025-08-21,2025-08-18,2025-08-19,75,69.44999999999999,67.44999999999999,10181.25,107.73185112499999,10073.518148875,7,3,24684.7,24966.8,24050.0,24350.0,25000.0,25300.0,3.3,6.8,80.1,14.15,1.55,2.55,76.3,7.0,300.0,230.55,17291.25,24280.55,25069.45,0.10073518148875,0.5825789430420011,take_profit_eod_mark,95.44999999999999,7158.749999999999,2025-08-19,True,2025,2015-01-01,2024-12-31,0.27074799823358275,2198833.416218949,0.0
2025-08-21,3,TRADE,EXECUTED,0.0125,300,0.4,1.0,10.0,2025-08-28,2025-08-22,2025-08-25,75,58.40000000000001,56.40000000000001,5486.25,104.96797782499999,5381.282022175,7,6,25122.5,24898.2,24500.0,24800.0,25450.0,25750.0,18.3,72.15,7.45,2.9,4.35,21.05,3.4,1.35,300.0,241.6,18120.0,24741.6,25508.4,0.05381282022175,0.29698024404939294,take_profit_eod_mark,58.80000000000001,4410.000000000001,2025-08-25,True,2025,2015-01-01,2024-12-31,0.27074799823358275,2204214.698241124,0.0
2025-08-28,3,TRADE,EXECUTED,0.0125,300,0.4,1.0,10.0,2025-09-02,2025-08-29,2025-09-01,75,15.349999999999998,13.349999999999998,1237.4999999999998,97.30768640000001,1140.1923135999998,5,4,24496.3,24568.5,23850.0,24150.0,24850.0,25150.0,3.1,12.95,7.7,2.2,1.75,2.8,5.0,0.9,300.0,284.65,21348.75,24134.65,24865.35,0.011401923135999997,0.05340791913343872,take_profit_eod_mark,12.199999999999998,914.9999999999998,2025-09-01,True,2025,2015-01-01,2024-12-31,0.27074799823358275,2205354.890554724,0.0
2025-09-02,1,TRADE,EXECUTED,0.0125,300,0.4,1.0,10.0,2025-09-09,2025-09-03,2025-09-04,75,27.800000000000004,25.800000000000004,3438.75,100.71735327500001,3338.032646725,7,6,24691.8,24813.1,24050.0,24350.0,25050.0,25350.0,7.65,19.95,19.0,3.5,4.15,11.8,18.0,3.6,300.0,272.2,20415.0,24322.2,25077.8,0.033380326467250004,0.16350882423340682,take_profit_eod_mark,26.900000000000002,2017.5000000000002,2025-09-04,True,2025,2015-01-01,2024-12-31,0.27074799823358275,2208692.9232014487,0.0
2025-09-09,1,TRADE,EXECUTED,0.0125,300,0.4,1.0,10.0,2025-09-16,2025-09-10,2025-09-11,75,27.599999999999994,25.599999999999994,3164.9999999999995,100.39305005,3064.6069499499995,7,6,24950.3,25072.3,24300.0,24600.0,25300.0,25600.0,6.45,16.15,22.4,4.5,4.2,9.25,15.95,2.4,300.0,272.4,20430.0,24572.4,25327.6,0.030646069499499995,0.15000523494615758,take_profit_eod_mark,35.3,2647.5,2025-09-11,True,2025,2015-01-01,2024-12-31,0.27074799823358275,2211757.530151399,0.0
2025-09-16,1,TRADE,EXECUTED,0.0125,300,0.4,1.0,10.0,2025-09-23,2025-09-17,2025-09-18,75,29.2,27.2,3412.5,100.7308862,3311.7691138,7,6,25331.4,25423.4,24700.0,25000.0,25650.0,25950.0,7.4,18.2,22.7,4.3,4.1,7.25,19.7,2.55,300.0,270.8,20310.0,24970.8,25679.2,0.033117691138,0.16306101003446577,take_profit_eod_mark,32.75,2456.25,2025-09-18,True,2025,2015-01-01,2024-12-31,0.27074799823358275,2215069.299265199,0.0
2025-09-23,1,TRADE,EXECUTED,0.0125,300,0.4,1.0,10.0,2025-09-30,2025-09-24,2025-09-25,75,32.9,30.9,6378.75,103.46747037499999,6275.282529625,7,6,25255.8,25111.9,24600.0,24900.0,25600.0,25900.0,8.75,37.0,7.35,2.7,12.6,66.85,4.45,2.55,300.0,267.1,20032.5,24867.1,25632.9,0.06275282529625001,0.313255086964932,take_profit_eod_mark,45.099999999999994,3382.4999999999995,2025-09-25,True,2025,2015-01-01,2024-12-31,0.27074799823358275,2221344.581794824,0.0
2025-09-30,1,TRADE,EXECUTED,0.0125,300,0.4,1.0,10.0,2025-10-07,2025-10-01,2025-10-03,75,54.300000000000004,52.300000000000004,7496.25,104.085108425,7392.164891575,7,6,24612.0,24967.2,24000.0,24300.0,24950.0,25250.0,3.8,6.9,57.8,6.6,2.85,4.15,51.4,3.05,300.0,245.7,18427.5,24245.7,25004.3,0.07392164891575,0.40114854926468596,take_profit_eod_mark,70.80000000000001,5310.000000000001,2025-10-03,True,2025,2015-01-01,2024-12-31,0.27074799823358275,2228736.746686399,0.0
2025-10-07,1,TRADE,EXECUTED,0.0125,300,0.4,1.0,10.0,2025-10-14,2025-10-08,2025-10-09,75,37.75000000000001,35.75000000000001,3577.5,101.43315725000001,3476.06684275,7,6,25225.3,25120.4,24600.0,24900.0,25550.0,25850.0,9.45,42.7,7.15,2.65,4.8,13.65,6.6,1.5,300.0,262.25,19668.75,24862.25,25587.75,0.0347606684275,0.17673044005084207,take_profit_eod_mark,37.400000000000006,2805.0000000000005,2025-10-09,True,2025,2015-01-01,2024-12-31,0.27074799823358275,2232212.813529149,0.0
2025-10-14,1,TRADE,EXECUTED,0.0125,300,0.4,1.0,10.0,2025-10-20,2025-10-15,2025-10-16,75,36.74999999999999,34.74999999999999,10991.25,106.207500275,10885.042499725,6,5,25206.0,25424.8,24550.0,24850.0,25550.0,25850.0,6.25,11.65,35.05,3.7,4.25,5.9,127.5,15.35,300.0,263.25,19743.75,24813.25,25586.75,0.10885042499724999,0.5513158594352643,take_profit_eod_mark,45.55,3416.25,2025-10-16,True,2025,2015-01-01,2024-12-31,0.27074799823358275,2243097.856028874,0.0
2025-10-21,1,TRADE,EXECUTED,0.0125,300,0.4,1.0,10.0,2025-10-28,2025-10-23,2025-10-24,75,30.1,28.1,3476.2499999999995,101.36127912500001,3374.8887208749993,7,5,25906.3,25976.9,25250.0,25550.0,26250.0,26550.0,7.45,17.5,25.2,5.15,5.4,19.65,10.2,4.2,300.0,269.9,20242.5,25519.9,26280.1,0.033748887208749995,0.1667229206310979,take_profit_eod_mark,29.6,2220.0,2025-10-24,True,2025,2015-01-01,2024-12-31,0.27074799823358275,2246472.744749749,0.0
2025-10-28,1,TRADE,EXECUTED,0.0125,300,0.4,1.0,10.0,2025-11-04,2025-10-29,2025-10-30,75,77.94999999999999,75.94999999999999,8062.5,109.49280590000001,7953.0071941,7,6,25922.4,26238.7,25250.0,25550.0,26250.0,26550.0,6.9,16.0,91.25,22.4,5.3,17.95,27.25,6.35,300.0,222.05,16653.75,25472.05,26327.95,0.079530071941,0.4775505333093147,take_profit_eod_mark,83.6,6270.0,2025-10-30,True,2025,2015-01-01,2024-12-31,0.27074799823358275,2254425.751943849,0.0
2025-11-04,1,TRADE,EXECUTED,0.0125,300,0.4,1.0,10.0,2025-11-11,2025-11-06,2025-11-07,75,34.050000000000004,32.050000000000004,4421.25,101.41331982499997,4319.836680175,7,5,25708.3,25627.2,25050.0,25350.0,26050.0,26350.0,7.3,37.65,6.2,2.5,6.25,33.65,2.95,1.45,300.0,265.95,19946.25,25315.95,26084.05,0.04319836680175,0.21657387630130975,take_profit_eod_mark,33.2,2490.0,2025-11-07,True,2025,2015-01-01,2024-12-31,0.27074799823358275,2258745.588624024,0.0
2025-11-11,1,TRADE,EXECUTED,0.0125,300,0.4,1.0,10.0,2025-11-18,2025-11-12,2025-11-13,75,51.64999999999999,49.64999999999999,7436.249999999999,107.06437227499998,7329.185627724999,7,6,25811.4,25986.1,25150.0,25450.0,26150.0,26450.0,9.35,21.45,49.15,9.6,10.3,25.5,46.3,10.0,300.0,248.35000000000002,18626.25,25398.35,26201.65,0.07329185627724999,0.39348691377625655,take_profit_eod_mark,65.1,4882.5,2025-11-13,True,2025,2015-01-01,2024-12-31,0.27074799823358275,2266074.774251749,0.0
2025-11-18,1,TRADE,EXECUTED,0.0125,300,0.4,1.0,10.0,2025-11-25,2025-11-19,2025-11-20,75,57.79999999999999,55.79999999999999,9521.25,108.410024675,9412.839975325,7,6,25948.8,26071.0,25300.0,25600.0,26300.0,26600.0,9.15,24.4,52.95,10.4,5.1,8.7,83.95,14.4,300.0,242.20000000000002,18165.0,25542.2,26357.8,0.09412839975324999,0.5181855202491054,take_profit_eod_mark,77.54999999999998,5816.249999999999,2025-11-20,True,2025,2015-01-01,2024-12-31,0.27074799823358275,2275487.6142270737,0.0
2025-11-25,1,TRADE,EXECUTED,0.0125,300,0.4,1.0,10.0,2025-12-02,2025-11-26,2025-11-27,75,99.20000000000002,97.20000000000002,13822.5,114.64951655000002,13707.85048345,7,6,25886.8,26381.2,25250.0,25550.0,26250.0,26550.0,5.85,10.85,119.55,25.35,2.65,4.0,102.4,14.65,300.0,200.79999999999998,15059.999999999998,25450.8,26349.2,0.1370785048345,0.910215835554449,take_profit_eod_mark,129.3,9697.5,2025-11-27,True,2025,2015-01-01,2024-12-31,0.27074799823358275,2289195.464710524,0.0
2025-11-28,4,TRADE,EXECUTED,0.0125,300,0.4,1.0,10.0,2025-12-02,2025-12-01,2025-12-02,75,18.749999999999996,16.749999999999996,2992.5,97.7631266,2894.7368734,4,1,26387.4,26334.7,25750.0,26050.0,26750.0,27050.0,2.55,20.9,1.45,1.05,0.15,25.3,0.1,0.1,300.0,281.25,21093.75,26031.25,26768.75,0.028947368734,0.13723197029451853,take_profit_eod_mark,25.15,1886.25,2025-12-02,True,2025,2015-01-01,2024-12-31,0.27074799823358275,2292090.201583924,0.0
2025-12-03,2,TRADE,EXECUTED,0.0125,300,0.4,1.0,10.0,2025-12-09,2025-12-04,2025-12-05,75,22.400000000000002,20.400000000000002,1938.75,98.508373025,1840.241626975,6,5,26136.2,26186.5,25500.0,25800.0,26500.0,26800.0,4.4,21.55,7.3,2.05,2.8,5.9,5.75,1.4,300.0,277.6,20820.0,25777.6,26522.4,0.018402416269749998,0.08838816652137367,take_profit_eod_mark,21.400000000000002,1605.0000000000002,2025-12-05,True,2025,2015-01-01,2024-12-31,0.27074799823358275,2293930.443210899,0.0
2025-12-09,1,TRADE,EXECUTED,0.0125,300,0.4,1.0,10.0,2025-12-16,2025-12-10,2025-12-11,75,49.20000000000001,47.20000000000001,4807.500000000001,103.66268585,4703.837314150001,7,6,25960.2,25863.9,25300.0,25600.0,26300.0,26600.0,14.0,54.95,12.4,4.15,4.3,16.0,9.25,2.05,300.0,250.79999999999998,18810.0,25550.8,26349.2,0.04703837314150001,0.25007109591440724,take_profit_eod_mark,46.35000000000001,3476.2500000000005,2025-12-11,True,2025,2015-01-01,2024-12-31,0.27074799823358275,2298634.2805250487,0.0
2025-12-16,1,TRADE,EXECUTED,0.0125,300,0.4,1.0,10.0,2025-12-23,2025-12-17,2025-12-18,75,31.600000000000005,29.600000000000005,3705.0000000000005,101.0841908,3603.9158092000002,7,6,25940.7,25897.8,25300.0,25600.0,26300.0,26600.0,6.9,31.5,10.7,3.7,5.6,23.85,6.05,2.5,300.0,268.4,20130.0,25568.4,26331.6,0.036039158092,0.17903208192747144,take_profit_eod_mark,36.900000000000006,2767.5000000000005,2025-12-18,True,2025,2015-01-01,2024-12-31,0.27074799823358275,2302238.196334249,0.0
2026-01-06,1,TRADE,EXECUTED,0.0125,300,0.4,1.0,10.0,2026-01-13,2026-01-07,2026-01-08,65,24.899999999999995,22.899999999999995,7293.0,102.83992448000001,7190.16007552,7,6,26285.1,26235.3,25650.0,25950.0,26650.0,26950.0,5.15,27.4,4.45,1.8,20.4,110.8,2.65,1.75,300.0,275.1,17881.5,25925.1,26674.9,0.0719016007552,0.4021004991482817,take_profit_eod_mark,9.249999999999998,601.2499999999999,2026-01-08,True,2026-YTD,2015-01-01,2025-12-31,0.27721292952841053,2309428.356409769,0.0
2026-01-13,1,TRADE,EXECUTED,0.0125,300,0.4,1.0,10.0,2026-01-20,2026-01-14,2026-01-16,65,40.95,38.95,3861.0000000000005,102.00734871,3758.9926512900006,7,6,25790.8,25719.0,25150.0,25450.0,26150.0,26450.0,14.15,45.15,14.3,4.35,5.75,23.2,7.2,2.2,300.0,259.05,16838.25,25409.05,26190.95,0.0375899265129,0.22324128999688214,take_profit_eod_mark,38.550000000000004,2505.7500000000005,2026-01-16,True,2026-YTD,2015-01-01,2025-12-31,0.27721292952841053,2313187.349061059,0.0
2026-01-20,1,TRADE,EXECUTED,0.0125,300,0.4,1.0,10.0,2026-01-27,2026-01-21,2026-01-22,65,57.29999999999998,55.29999999999998,5937.749999999999,106.690597865,5831.059402134999,7,6,25259.2,25178.2,24600.0,24900.0,25600.0,25900.0,27.85,65.85,27.55,8.25,5.95,17.1,33.9,7.0,300.0,242.70000000000002,15775.500000000002,24842.7,25657.3,0.05831059402134999,0.3696275491829101,take_profit_eod_mark,28.14999999999998,1829.7499999999989,2026-01-22,True,2026-YTD,2015-01-01,2025-12-31,0.27721292952841053,2319018.408463194,0.0
2026-01-27,1,TRADE,EXECUTED,0.0125,300,0.4,1.0,10.0,2026-02-03,2026-01-28,2026-01-29,65,115.30000000000001,113.30000000000001,14946.75,127.521635755,14819.228364245,7,6,25164.2,25450.4,24500.0,24800.0,25500.0,25800.0,23.9,50.05,147.55,58.4,15.05,31.35,163.1,60.75,300.0,184.7,12005.5,24684.7,25615.3,0.14819228364245,1.2343699441293574,take_profit_eod_mark,118.25000000000001,7686.250000000001,2026-01-29,True,2026-YTD,2015-01-01,2025-12-31,0.27721292952841053,2333837.636827439,0.0
2026-01-30,4,TRADE,EXECUTED,0.0125,300,0.4,1.0,10.0,2026-02-03,2026-02-02,2026-02-03,65,71.2,69.2,4569.5,103.27504488,4466.22495512,4,1,25416.4,25141.8,24750.0,25050.0,25750.0,26050.0,16.5,86.9,2.25,1.45,0.15,0.25,3.45,0.45,300.0,228.8,14872.0,24978.8,25821.2,0.0446622495512,0.3003109840720818,take_profit_eod_mark,-240.89999999999998,-15658.499999999998,2026-02-03,True,2026-YTD,2015-01-01,2025-12-31,0.27721292952841053,2338303.861782559,0.0
2026-02-04,2,TRADE,EXECUTED,0.0125,300,0.4,1.0,10.0,2026-02-10,2026-02-05,2026-02-06,65,55.50000000000001,53.50000000000001,5502.25,106.619214605,5395.630785395,6,5,25848.8,25725.0,25200.0,25500.0,26200.0,26500.0,22.5,70.95,14.4,7.35,15.7,43.7,10.6,5.45,300.0,244.5,15892.5,25444.5,26255.5,0.05395630785395,0.33950799341796445,take_profit_eod_mark,62.75,4078.75,2026-02-06,True,2026-YTD,2015-01-01,2025-12-31,0.27721292952841053,2343699.492567954,0.0
2026-02-10,1,TRADE,EXECUTED,0.0125,300,0.4,1.0,10.0,2026-02-17,2026-02-11,2026-02-12,65,29.949999999999996,27.949999999999996,4033.25,102.98478159500002,3930.265218405,7,6,25985.6,25994.2,25350.0,25650.0,26350.0,26650.0,14.45,33.15,18.1,6.85,13.65,45.6,8.85,4.7,300.0,270.05,17553.25,25620.05,26379.95,0.03930265218405,0.22390527215216555,take_profit_eod_mark,36.8,2392.0,2026-02-12,True,2026-YTD,2015-01-01,2025-12-31,0.27721292952841053,2347629.757786359,0.0
2026-02-13,4,TRADE,EXECUTED,0.0125,300,0.4,1.0,10.0,2026-02-17,2026-02-16,2026-02-17,65,24.650000000000002,22.650000000000002,1352.0,98.40962562,1253.59037438,4,1,25518.8,25717.2,24850.0,25150.0,25850.0,26150.0,7.45,11.55,27.3,6.75,0.1,0.1,0.25,0.1,300.0,275.35,17897.75,25125.35,25874.65,0.0125359037438,0.07004178594404324,take_profit_eod_mark,14.450000000000003,939.2500000000002,2026-02-17,True,2026-YTD,2015-01-01,2025-12-31,0.27721292952841053,2348883.348160739,0.0
2026-02-18,2,TRADE,EXECUTED,0.0125,300,0.4,1.0,10.0,2026-02-24,2026-02-19,2026-02-20,65,102.65,100.65,10227.750000000002,118.630575525,10109.119424475002,6,5,25827.8,25446.0,25200.0,25500.0,26200.0,26500.0,61.1,159.2,11.05,6.5,37.8,92.35,7.2,3.05,300.0,197.35,12827.75,25397.35,26302.65,0.10109119424475002,0.7880664515971236,take_profit_eod_mark,85.10000000000002,5531.500000000002,2026-02-20,True,2026-YTD,2015-01-01,2025-12-31,0.27721292952841053,2358992.467585214,0.0
2026-02-24,1,TRADE,EXECUTED,0.0125,300,0.4,1.0,10.0,2026-03-02,2026-02-25,2026-02-26,65,61.300000000000004,59.300000000000004,6366.75,107.193747785,6259.556252215,6,5,25421.7,25628.8,24800.0,25100.0,25750.0,26050.0,17.55,39.45,54.05,14.65,9.6,22.3,35.7,7.75,300.0,238.7,15515.5,25038.7,25811.3,0.06259556252215,0.40343889995262805,take_profit_eod_mark,72.7,4725.5,2026-02-26,True,2026-YTD,2015-01-01,2025-12-31,0.27721292952841053,2365252.023837429,0.0
2026-03-04,2,TRADE,EXECUTED,0.0125,300,0.4,1.0,10.0,2026-03-10,2026-03-05,2026-03-06,65,129.95,127.94999999999999,15362.750000000002,133.365198415,15229.384801585002,6,5,24584.7,24854.3,23950.0,24250.0,24900.0,25200.0,43.8,78.45,145.85,50.55,83.1,153.15,60.2,19.85,300.0,170.05,11053.25,24120.05,25029.95,0.15229384801585003,1.3778196278547035,take_profit_eod_mark,115.64999999999999,7517.249999999999,2026-03-06,True,2026-YTD,2015-01-01,2025-12-31,0.27721292952841053,2380481.4086390142,0.0
2026-03-10,1,TRADE,EXECUTED,0.0125,300,0.4,1.0,10.0,2026-03-17,2026-03-11,2026-03-12,65,157.85,155.85,22522.5,180.75735160000002,22341.7426484,7,6,24393.6,23939.1,23750.0,24050.0,24700.0,25000.0,235.3,370.65,40.35,17.85,288.7,473.5,14.75,6.9,300.0,142.15,9239.75,23892.15,24857.85,0.22341742648399998,2.4180029382180255,take_profit_eod_mark,107.74999999999999,7003.749999999999,2026-03-12,True,2026-YTD,2015-01-01,2025-12-31,0.27721292952841053,2402823.151287414,0.0
2026-03-13,4,TRADE,EXECUTED,0.0125,300,0.4,1.0,10.0,2026-03-17,2026-03-16,2026-03-17,65,95.80000000000001,93.80000000000001,11937.250000000002,110.689700505,11826.560299495002,4,1,23199.3,23429.2,22600.0,22900.0,23500.0,23800.0,14.95,34.75,100.8,24.8,0.1,0.15,91.95,0.15,300.0,204.2,13273.0,22804.2,23595.8,0.11826560299495002,0.8910239056351241,take_profit_eod_mark,91.70000000000002,5960.500000000001,2026-03-17,True,2026-YTD,2015-01-01,2025-12-31,0.27721292952841053,2414649.7115869094,0.0
2026-03-18,2,TRADE,EXECUTED,0.0125,300,0.4,1.0,10.0,2026-03-24,2026-03-19,2026-03-20,65,190.00000000000003,188.00000000000003,24303.5,188.72129252000002,24114.77870748,6,5,23776.4,23054.8,23150.0,23450.0,24100.0,24400.0,326.7,508.25,16.85,8.4,249.65,428.75,15.4,6.6,300.0,109.99999999999997,7149.999999999998,23260.0,24290.0,0.2411477870748,3.3726963227244764,take_profit_eod_mark,162.95000000000002,10591.750000000002,2026-03-20,True,2026-YTD,2015-01-01,2025-12-31,0.27721292952841053,2438764.4902943894,0.0
2026-03-24,1,TRADE,EXECUTED,0.0125,300,0.4,1.0,10.0,2026-03-30,2026-03-25,2026-03-27,65,181.05000000000004,179.05000000000004,18343.000000000004,149.1566864,18193.843313600002,6,5,22928.4,23300.0,22300.0,22600.0,23250.0,23550.0,51.5,84.8,305.1,157.35,53.9,123.5,63.2,27.65,300.0,118.94999999999996,7731.749999999997,22418.95,23431.05,0.18193843313600003,2.3531339365085535,take_profit_eod_mark,148.60000000000002,9659.000000000002,2026-03-27,True,2026-YTD,2015-01-01,2025-12-31,0.27721292952841053,2456958.3336079894,0.0
2026-04-01,2,TRADE,EXECUTED,0.0125,300,0.4,1.0,10.0,2026-04-07,2026-04-02,2026-04-06,65,145.64999999999998,143.64999999999998,16263.0,137.59964103000002,16125.40035897,6,5,22800.1,22766.6,22200.0,22500.0,23100.0,23400.0,115.1,200.25,102.2,41.7,23.5,49.9,122.7,40.55,300.0,154.35000000000002,10032.750000000002,22354.35,23245.65,0.16125400358970002,1.6072762063212975,take_profit_eod_mark,81.49999999999999,5297.499999999999,2026-04-06,True,2026-YTD,2015-01-01,2025-12-31,0.27721292952841053,2473083.733966959,0.0
2026-04-07,1,TRADE,EXECUTED,0.0125,300,0.4,1.0,10.0,2026-04-13,2026-04-08,2026-04-09,65,248.29999999999995,246.29999999999995,29899.999999999996,197.61289172999997,29702.387108269995,6,5,23151.1,24057.8,22550.0,22850.0,23450.0,23750.0,13.55,20.15,613.05,371.35,6.55,13.2,431.55,222.5,300.0,51.700000000000045,3360.5000000000027,22601.7,23698.3,0.29702387108269995,8.83868088328224,take_profit_eod_mark,247.14999999999998,16064.749999999998,2026-04-09,True,2026-YTD,2015-01-01,2025-12-31,0.27721292952841053,2502786.1210752293,0.0
2026-04-15,2,TRADE,EXECUTED,0.0125,300,0.4,1.0,10.0,2026-04-21,2026-04-16,2026-04-17,65,90.75000000000001,88.75000000000001,10780.250000000002,114.33881688499999,10665.911183115002,6,5,24237.7,24195.8,23600.0,23900.0,24550.0,24850.0,33.35,84.6,53.2,13.7,14.1,36.0,73.15,15.95,300.0,209.25,13601.25,23809.25,24640.75,0.10665911183115002,0.7841860993007997,take_profit_eod_mark,89.25000000000001,5801.250000000001,2026-04-17,True,2026-YTD,2015-01-01,2025-12-31,0.27721292952841053,2513452.0322583443,0.0
2026-04-21,1,TRADE,EXECUTED,0.0125,300,0.4,1.0,10.0,2026-04-28,2026-04-22,2026-04-23,65,119.35000000000002,117.35000000000002,16370.25,133.681910395,16236.568089605,7,6,24584.5,24381.2,23950.0,24250.0,24900.0,25200.0,78.1,165.55,47.25,15.35,102.95,231.1,13.7,5.35,300.0,180.64999999999998,11742.249999999998,24130.65,25019.35,0.16236568089605,1.3827476071114992,take_profit_eod_mark,143.8,9347.0,2026-04-23,True,2026-YTD,2015-01-01,2025-12-31,0.27721292952841053,2529688.600347949,0.0
2026-04-24,4,TRADE,EXECUTED,0.0125,300,0.4,1.0,10.0,2026-04-28,2026-04-27,2026-04-28,65,38.5,36.5,2245.75,99.323513465,2146.426486535,4,1,23922.8,24120.1,23300.0,23600.0,24250.0,24550.0,2.6,5.65,44.1,8.65,0.1,0.1,0.15,0.1,300.0,261.5,16997.5,23561.5,24288.5,0.02146426486535,0.12627895199499928,take_profit_eod_mark,30.75,1998.75,2026-04-28,True,2026-YTD,2015-01-01,2025-12-31,0.27721292952841053,2531835.026834484,0.0
2026-04-29,2,TRADE,EXECUTED,0.0125,300,0.4,1.0,10.0,2026-05-05,2026-04-30,2026-05-04,65,92.40000000000002,90.40000000000002,7618.000000000001,111.43772863,7506.562271370001,6,5,24252.0,24098.2,23600.0,23900.0,24600.0,24900.0,47.55,121.45,27.85,9.35,4.05,25.55,10.2,2.9,300.0,207.59999999999997,13493.999999999998,23807.6,24692.4,0.07506562271370001,0.556288889237439,take_profit_eod_mark,79.75000000000003,5183.750000000002,2026-05-04,True,2026-YTD,2015-01-01,2025-12-31,0.27721292952841053,2539341.5891058543,0.0
2026-05-05,1,TRADE,EXECUTED,0.0125,300,0.4,1.0,10.0,2026-05-12,2026-05-06,2026-05-07,65,128.15,126.15,14517.750000000002,124.97648795500001,14392.773512045002,7,6,24106.3,24447.4,23500.0,23800.0,24450.0,24750.0,12.15,30.15,178.05,67.9,6.65,20.25,130.8,45.2,300.0,171.85,11170.25,23671.85,24578.15,0.14392773512045,1.288491619439583,take_profit_eod_mark,157.2,10218.0,2026-05-07,True,2026-YTD,2015-01-01,2025-12-31,0.27721292952841053,2553734.362617899,0.0
2026-05-08,4,TRADE,EXECUTED,0.0125,300,0.4,1.0,10.0,2026-05-12,2026-05-11,2026-05-12,65,99.95,97.95,25944.750000000004,141.066143875,25803.683856125004,4,1,24234.6,23868.5,23600.0,23900.0,24550.0,24850.0,20.8,118.75,4.1,2.1,214.75,517.95,0.15,0.15,300.0,200.05,13003.25,23800.05,24649.95,0.25803683856125004,1.9844026574990872,take_profit_eod_mark,10.950000000000003,711.7500000000002,2026-05-12,True,2026-YTD,2015-01-01,2025-12-31,0.27721292952841053,2579538.046474024,0.0
2026-05-13,2,TRADE,EXECUTED,0.0125,300,0.4,1.0,10.0,2026-05-19,2026-05-14,2026-05-15,65,106.9,104.9,12047.75,117.121966865,11930.628033135,6,5,23462.4,23700.1,22850.0,23150.0,23800.0,24100.0,14.0,34.3,124.75,38.15,9.95,29.75,87.6,24.95,300.0,193.1,12551.5,23043.1,23906.9,0.11930628033135,0.950534042396128,take_profit_eod_mark,108.30000000000003,7039.500000000002,2026-05-15,True,2026-YTD,2015-01-01,2025-12-31,0.27721292952841053,2591468.6745071593,0.0
2026-05-19,1,TRADE,EXECUTED,0.0125,300,0.4,1.0,10.0,2026-05-26,2026-05-20,2026-05-21,65,103.75,101.75,11644.749999999998,117.71070202499999,11527.039297974998,7,6,23612.0,23668.5,23000.0,23300.0,23950.0,24250.0,34.85,80.0,84.6,26.0,17.2,55.45,58.15,17.0,300.0,196.25,12756.25,23196.25,24053.75,0.11527039297974997,0.9036385534914256,take_profit_eod_mark,108.54999999999998,7055.749999999999,2026-05-21,True,2026-YTD,2015-01-01,2025-12-31,0.27721292952841053,2602995.7138051344,0.0
2026-05-22,4,TRADE,EXECUTED,0.0125,300,0.4,1.0,10.0,2026-05-26,2026-05-25,2026-05-26,65,76.39999999999999,74.39999999999999,4709.249999999999,103.21804345500001,4606.031956544999,4,1,23744.0,24063.0,23100.0,23400.0,24050.0,24350.0,2.65,3.95,87.1,12.0,0.1,0.1,0.15,0.1,300.0,223.60000000000002,14534.000000000002,23323.6,24126.4,0.04606031956544999,0.31691426699772934,take_profit_eod_mark,65.05,4228.25,2026-05-26,True,2026-YTD,2015-01-01,2025-12-31,0.27721292952841053,2607601.7457616795,0.0
2026-05-27,2,TRADE,EXECUTED,0.0125,300,0.4,1.0,10.0,2026-06-02,2026-05-29,2026-06-01,65,91.25,89.25,18063.5,119.56830861999998,17943.93169138,6,4,23996.7,23748.8,23350.0,23650.0,24300.0,24600.0,30.65,112.95,14.45,5.5,55.5,244.95,2.9,1.7,300.0,208.75,13568.75,23558.75,24391.25,0.1794393169138,1.3224454493877476,take_profit_eod_mark,65.65,4267.25,2026-06-01,True,2026-YTD,2015-01-01,2025-12-31,0.27721292952841053,2625545.6774530597,0.0
2026-06-02,1,TRADE,EXECUTED,0.0125,300,0.4,1.0,10.0,2026-06-09,2026-06-03,2026-06-04,65,104.05000000000001,102.05000000000001,11882.0,118.78322692,11763.21677308,7,6,23603.1,23515.7,23000.0,23300.0,23900.0,24200.0,45.3,112.25,59.0,21.9,24.75,85.05,33.4,10.95,300.0,195.95,12736.75,23195.95,24004.05,0.11763216773079999,0.923565020360767,take_profit_eod_mark,101.45,6594.25,2026-06-04,True,2026-YTD,2015-01-01,2025-12-31,0.27721292952841053,2637308.89422614,0.0
2026-06-05,4,TRADE,EXECUTED,0.0125,300,0.4,1.0,10.0,2026-06-09,2026-06-08,2026-06-09,65,89.15,87.15,5544.500000000001,105.06937534000001,5439.430624660001,4,1,23451.7,23174.6,22850.0,23150.0,23750.0,24050.0,18.4,105.75,3.7,1.9,0.1,0.2,0.1,0.05,300.0,210.85,13705.25,23060.85,23839.15,0.05439430624660001,0.39688664013133657,take_profit_eod_mark,75.10000000000001,4881.500000000001,2026-06-09,True,2026-YTD,2015-01-01,2025-12-31,0.27721292952841053,2642748.3248508,0.0
2026-06-10,2,TRADE,EXECUTED,0.0125,300,0.4,1.0,10.0,2026-06-16,2026-06-11,2026-06-12,65,63.45,61.45,12909.000000000002,114.81331174999998,12794.186688250002,6,5,23240.1,23200.0,22600.0,22900.0,23550.0,23850.0,13.6,53.15,30.85,6.95,5.3,9.65,196.4,61.6,300.0,236.55,15375.75,22836.55,23613.45,0.1279418668825,0.8321016333024407,take_profit_eod_mark,25.950000000000003,1686.7500000000002,2026-06-12,True,2026-YTD,2015-01-01,2025-12-31,0.27721292952841053,2655542.51153905,0.0
2026-06-16,1,TRADE,EXECUTED,0.0125,300,0.4,1.0,10.0,2026-06-23,2026-06-17,2026-06-18,65,61.64999999999999,59.64999999999999,6672.249999999999,106.113379925,6566.136620074999,7,6,24001.0,24094.0,23400.0,23700.0,24350.0,24650.0,11.2,34.75,52.3,14.2,4.7,11.5,47.4,9.2,300.0,238.35000000000002,15492.750000000002,23638.35,24411.65,0.06566136620074998,0.4238199557906116,take_profit_eod_mark,72.79999999999998,4731.999999999999,2026-06-18,True,2026-YTD,2015-01-01,2025-12-31,0.27721292952841053,2662108.648159125,0.0
2026-06-23,1,TRADE,EXECUTED,0.0125,300,0.4,1.0,10.0,2026-06-30,2026-06-24,2026-06-25,65,70.1,68.1,7747.999999999999,107.06358236000001,7640.9364176399995,7,6,23852.5,24051.8,23250.0,23550.0,24200.0,24500.0,9.05,21.15,74.3,16.3,3.45,7.95,58.6,10.0,300.0,229.9,14943.5,23479.9,24270.1,0.0764093641764,0.5113217397289791,take_profit_eod_mark,82.94999999999999,5391.749999999999,2026-06-25,True,2026-YTD,2015-01-01,2025-12-31,0.27721292952841053,2669749.584576765,0.0
2026-06-30,1,TRADE,EXECUTED,0.0125,300,0.4,1.0,10.0,2026-07-07,2026-07-01,2026-07-02,65,73.25,71.25,10715.25,108.858007785,10606.391992215,7,6,23861.8,24092.6,23250.0,23550.0,24200.0,24500.0,6.65,21.45,74.55,16.1,2.95,5.8,108.15,15.4,300.0,226.75,14738.75,23476.75,24273.25,0.10606391992215,0.7196262907108811,take_profit_eod_mark,112.19999999999999,7292.999999999999,2026-07-02,True,2026-YTD,2015-01-01,2025-12-31,0.27721292952841053,2680355.97656898,0.0
2026-07-07,1,TRADE,EXECUTED,0.0125,300,0.4,1.0,10.0,2026-07-14,2026-07-08,2026-07-09,65,165.2,163.2,19535.749999999996,141.826074475,19393.923925524996,7,6,24440.3,23912.2,23800.0,24100.0,24750.0,25050.0,153.8,314.25,8.75,4.0,73.8,211.2,3.95,2.0,300.0,134.8,8762.0,23934.8,24915.2,0.19393923925524995,2.2134129109250167,take_profit_eod_mark,153.39999999999998,9970.999999999998,2026-07-09,True,2026-YTD,2015-01-01,2025-12-31,0.27721292952841053,2699749.900494505,0.0
2026-07-10,4,TRADE,EXECUTED,0.0125,300,0.4,1.0,10.0,2026-07-14,2026-07-13,2026-07-14,65,14.800000000000002,12.800000000000002,711.7500000000002,96.586167035,615.1638329650002,4,1,24241.9,24242.8,23600.0,23900.0,24550.0,24850.0,5.45,17.2,4.15,1.1,0.15,0.3,0.1,0.1,300.0,285.2,18538.0,23885.2,24564.8,0.006151638329650002,0.03318393747788328,take_profit_eod_mark,5.900000000000003,383.50000000000017,2026-07-14,True,2026-YTD,2015-01-01,2025-12-31,0.27721292952841053,2700365.06432747,0.0
2026-07-15,2,TRADE,EXECUTED,0.0125,300,0.4,1.0,10.0,2026-07-21,2026-07-16,2026-07-17,65,42.650000000000006,40.650000000000006,7296.250000000001,103.851791505,7192.398208495001,6,5,24067.8,24096.4,23450.0,23750.0,24400.0,24700.0,7.0,28.35,26.35,5.05,5.55,12.95,76.8,10.6,300.0,257.35,16727.75,23707.35,24442.65,0.07192398208495002,0.429968059571371,take_profit_eod_mark,38.7,2515.5,2026-07-17,True,2026-YTD,2015-01-01,2025-12-31,0.27721292952841053,2707557.4625359653,0.0
2026-07-21,1,TRADE,EXECUTED,0.0125,300,0.4,1.0,10.0,2026-07-28,2026-07-22,2026-07-23,65,80.55,78.55,10829.0,112.88388619999999,10716.1161138,7,6,24180.6,23988.4,23550.0,23850.0,24500.0,24800.0,29.95,97.55,19.35,6.4,30.65,115.95,7.95,3.2,300.0,219.45,14264.25,23769.45,24580.55,0.107161161138,0.7512568914453968,take_profit_eod_mark,100.95,6561.75,2026-07-23,True,2026-YTD,2015-01-01,2025-12-31,0.27721292952841053,2718273.5786497653,0.0
2026-07-24,4,TRADE,EXECUTED,0.0125,300,0.4,1.0,10.0,2026-07-28,2026-07-27,2026-07-28,65,19.599999999999994,17.599999999999994,1020.4999999999998,96.73000378,923.7699962199997,4,1,23806.5,24028.0,23200.0,23500.0,24150.0,24450.0,2.1,3.4,20.4,2.1,0.05,0.1,0.15,0.1,300.0,280.4,18226.0,23480.4,24169.6,0.009237699962199997,0.05068418721716228,take_profit_eod_mark,13.199999999999994,857.9999999999997,2026-07-28,True,2026-YTD,2015-01-01,2025-12-31,0.27721292952841053,2719197.348645985,0.0
2026-07-29,2,TRADE,EXECUTED,0.0125,300,0.4,1.0,10.0,2026-08-04,2026-07-30,2026-07-31,65,27.549999999999997,25.549999999999997,2437.4999999999995,99.24977844,2338.2502215599998,6,5,24311.5,24358.0,23700.0,24000.0,24650.0,24950.0,7.95,28.15,8.9,1.55,4.65,11.1,9.2,1.7,300.0,272.45,17709.25,23972.45,24677.55,0.0233825022156,0.1320355306723887,take_profit_eod_mark,30.75,1998.75,2026-07-31,True,2026-YTD,2015-01-01,2025-12-31,0.27721292952841053,2721535.598867545,0.0
2026-08-04,1,TRADE,EXECUTED,0.0125,300,0.4,1.0,10.0,2026-08-11,2026-08-05,2026-08-06,65,47.7,45.7,5837.000000000001,103.6307384,5733.369261600001,7,6,24555.6,24647.7,23900.0,24200.0,24900.0,25200.0,7.4,24.6,40.8,10.3,3.9,12.0,45.5,7.5,300.0,252.3,16399.5,24152.3,24947.7,0.05733369261600001,0.34960634541297,take_profit_eod_mark,69.6,4524.0,2026-08-06,True,2026-YTD,2015-01-01,2025-12-31,0.27721292952841053,2727268.968129145,0.0
2026-08-11,1,TRADE,EXECUTED,0.0125,300,0.4,1.0,10.0,2026-08-18,2026-08-12,2026-08-13,65,42.5,40.5,4212.0,101.15572378,4110.84427622,7,6,24540.5,24470.5,23900.0,24200.0,24850.0,25150.0,8.75,40.25,13.85,2.85,4.0,25.55,6.45,1.7,300.0,257.5,16737.5,24157.5,24892.5,0.0411084427622,0.24560682755608665,take_profit_eod_mark,51.9,3373.5,2026-08-13,True,2026-YTD,2015-01-01,2025-12-31,0.27721292952841053,2731379.812405365,0.0
2026-08-18,1,TRADE,EXECUTED,0.0125,300,0.4,1.0,10.0,2026-08-25,2026-08-19,2026-08-20,65,41.15,39.15,3659.5,101.08490264,3558.41509736,7,6,24230.1,24117.6,23600.0,23900.0,24550.0,24850.0,9.65,41.9,13.0,4.1,3.65,10.45,14.4,2.05,300.0,258.85,16825.25,23858.85,24591.15,0.0355841509736,0.21149255418849644,take_profit_eod_mark,44.3,2879.5,2026-08-20,True,2026-YTD,2015-01-01,2025-12-31,0.27721292952841053,2734938.227502725,0.0
2026-08-25,1,TRADE,EXECUTED,0.0125,300,0.4,1.0,10.0,2026-09-01,2026-08-26,2026-08-27,65,29.849999999999994,27.849999999999994,3402.7499999999995,99.99868861499999,3302.7513113849996,7,6,24288.1,24429.1,23650.0,23950.0,24600.0,24900.0,3.95,13.2,25.45,4.85,5.4,25.55,9.45,3.1,300.0,270.15,17559.75,23920.15,24629.85,0.03302751311384999,0.18808646543287916,take_profit_eod_mark,30.749999999999993,1998.7499999999995,2026-08-27,True,2026-YTD,2015-01-01,2025-12-31,0.27721292952841053,2738240.97881411,0.0
2026-08-28,4,TRADE,EXECUTED,0.0125,300,0.4,1.0,10.0,2026-09-01,2026-08-31,2026-09-01,65,27.7,25.7,2291.25,97.895745565,2193.354254435,4,1,24341.9,24251.4,23700.0,24000.0,24650.0,24950.0,3.25,30.15,1.75,0.95,0.8,12.25,0.2,0.1,300.0,272.3,17699.5,23972.3,24677.7,0.02193354254435,0.12392182007599084,take_profit_eod_mark,16.049999999999997,1043.2499999999998,2026-09-01,True,2026-YTD,2015-01-01,2025-12-31,0.27721292952841053,2740434.333068545,0.0
2026-09-02,2,TRADE,EXECUTED,0.0125,300,0.4,1.0,10.0,2026-09-08,2026-09-03,2026-09-04,65,32.900000000000006,30.900000000000006,2869.7500000000005,99.670378685,2770.0796213150006,6,5,24000.3,24000.1,23400.0,23700.0,24350.0,24650.0,6.65,33.45,9.15,3.05,3.4,15.6,4.9,1.85,300.0,267.1,17361.5,23667.1,24382.9,0.027700796213150008,0.15955301220027074,take_profit_eod_mark,33.50000000000001,2177.5000000000005,2026-09-04,True,2026-YTD,2015-01-01,2025-12-31,0.27721292952841053,2743204.41268986,0.0
2026-09-08,1,TRADE,EXECUTED,0.0125,300,0.4,1.0,10.0,2026-09-15,2026-09-09,2026-09-10,65,73.55,71.55,10075.0,110.51919127000001,9964.48080873,7,6,23749.6,23552.2,23150.0,23450.0,24050.0,24350.0,26.45,95.7,8.6,4.3,23.55,106.65,5.1,2.75,300.0,226.45,14719.25,23376.45,24123.55,0.0996448080873,0.6769693298727857,take_profit_eod_mark,116.75,7588.75,2026-09-10,True,2026-YTD,2015-01-01,2025-12-31,0.27721292952841053,2753168.8934985898,0.0
