entry_date,expiry,strategy,gross_pnl,cost,net_pnl,return_on_capital,target_return,pred_regime,pred_close,pred_low,pred_high,selected_rank
2021-01-01,2021-01-07,LONG_CALL,43.90000000000036,47.51208591400001,-3.6120859139996497,-3.61208591399965e-05,0.009766007179527358,BULLISH,14141.08042127299,13852.081448253959,14503.638456893066,3
2021-01-01,2021-01-07,SHORT_PUT,112.7,47.416907265999996,65.28309273400001,0.0006528309273400001,0.009766007179527358,BULLISH,14141.08042127299,13852.081448253959,14503.638456893066,2
2021-01-01,2021-01-07,LONG_SYNTHETIC_FUTURE,156.60000000000036,94.92899317999999,61.67100682000037,0.0006167100682000037,0.009766007179527358,BULLISH,14141.08042127299,13852.081448253959,14503.638456893066,1
2021-01-08,2021-01-14,SHORT_CALL,-173.75000000000037,47.524450321,-221.27445032100036,-0.0022127445032100036,0.01789727852813683,RANGE_BOUND,14437.067836565897,14141.54914657282,14807.805056195573,3
2021-01-08,2021-01-14,SHORT_PUT,115.35,47.421979842999995,67.92802015699999,0.0006792802015699999,0.01789727852813683,RANGE_BOUND,14437.067836565897,14141.54914657282,14807.805056195573,1
2021-01-08,2021-01-14,SHORT_STRADDLE,-58.400000000000375,94.94643016400002,-153.3464301640004,-0.001533464301640004,0.01789727852813683,RANGE_BOUND,14437.067836565897,14141.54914657282,14807.805056195573,2
2021-01-15,2021-01-21,SHORT_CALL,-6.449999999999648,47.539402933000005,-53.98940293299965,-0.0005398940293299965,0.009693260020057437,RANGE_BOUND,14503.238925070347,14205.918856093114,14876.236029636913,3
2021-01-15,2021-01-21,SHORT_PUT,143.85,47.47653397299999,96.373466027,0.0009637346602700001,0.009693260020057437,RANGE_BOUND,14503.238925070347,14205.918856093114,14876.236029636913,1
2021-01-15,2021-01-21,SHORT_STRADDLE,137.40000000000035,95.01593690600001,42.38406309400034,0.0004238406309400034,0.009693260020057437,RANGE_BOUND,14503.238925070347,14205.918856093114,14876.236029636913,2
2021-01-22,2021-01-28,LONG_CALL,-131.2,47.258276416,-178.458276416,-0.0017845827641599999,-0.03940501316050249,BULLISH,14456.837604447532,14161.12870034939,14827.81345347979,3
2021-01-22,2021-01-28,SHORT_PUT,-436.6,47.748626332,-484.34862633200004,-0.0048434862633200005,-0.03940501316050249,BULLISH,14456.837604447532,14161.12870034939,14827.81345347979,2
2021-01-22,2021-01-28,LONG_SYNTHETIC_FUTURE,-567.8,95.00690274800002,-662.806902748,-0.0066280690274799995,-0.03940501316050249,BULLISH,14456.837604447532,14161.12870034939,14827.81345347979,1
2021-01-29,2021-02-04,LONG_CALL,986.0000000000003,49.579924966,936.4200750340003,0.009364200750340003,0.08653011503308017,BULLISH,13780.8015557195,13498.891913805344,14134.465809010886,3
2021-01-29,2021-02-04,SHORT_PUT,225.4,47.632635352,177.767364648,0.0017776736464800002,0.08653011503308017,BULLISH,13780.8015557195,13498.891913805344,14134.465809010886,2
2021-01-29,2021-02-04,LONG_SYNTHETIC_FUTURE,1211.4000000000003,97.212560318,1114.1874396820003,0.011141874396820003,0.08653011503308017,BULLISH,13780.8015557195,13498.891913805344,14134.465809010886,1
2021-02-05,2021-02-11,SHORT_CALL,-99.20000000000073,47.565389206,-146.76538920600072,-0.0014676538920600072,0.017032078308714116,RANGE_BOUND,14992.925977550885,14685.896763740675,15378.103500758467,3
2021-02-05,2021-02-11,SHORT_PUT,170.65,47.527833996999995,123.12216600300002,0.0012312216600300003,0.017032078308714116,RANGE_BOUND,14992.925977550885,14685.896763740675,15378.103500758467,1
2021-02-05,2021-02-11,SHORT_STRADDLE,71.44999999999928,95.09322320300001,-23.64322320300073,-0.0002364322320300073,0.017032078308714116,RANGE_BOUND,14992.925977550885,14685.896763740675,15378.103500758467,2
2021-02-12,2021-02-18,LONG_CALL,-130.3,47.25787665400001,-177.557876654,-0.0017755787665400002,-0.0029911387103476184,BULLISH,15264.92533096297,14953.150018185373,15656.056980237152,3
2021-02-12,2021-02-18,SHORT_PUT,86.20000000000036,47.4461299,38.753870100000356,0.00038753870100000353,-0.0029911387103476184,BULLISH,15264.92533096297,14953.150018185373,15656.056980237152,2
2021-02-12,2021-02-18,LONG_SYNTHETIC_FUTURE,-44.09999999999965,94.704006554,-138.80400655399967,-0.0013880400655399967,-0.0029911387103476184,BULLISH,15264.92533096297,14953.150018185373,15656.056980237152,1
2021-02-19,2021-02-25,LONG_CALL,-23.700000000000728,47.446480984000004,-71.14648098400073,-0.0007114648098400073,0.007576566357509806,BULLISH,15096.922351928886,14788.734374354324,15483.553579659227,3
2021-02-19,2021-02-25,SHORT_PUT,141.05,47.471174268999995,93.57882573100002,0.0009357882573100002,0.007576566357509806,BULLISH,15096.922351928886,14788.734374354324,15483.553579659227,2
2021-02-19,2021-02-25,LONG_SYNTHETIC_FUTURE,117.34999999999928,94.91765525299998,22.432344746999306,0.00022432344746999307,0.007576566357509806,BULLISH,15096.922351928886,14788.734374354324,15483.553579659227,1
2021-02-26,2021-03-04,LONG_CALL,322.3,48.249581356,274.050418644,0.00274050418644,0.036204123209257366,BULLISH,14818.231791458207,14518.445108221276,15194.323338926371,3
2021-02-26,2021-03-04,SHORT_PUT,228.75,47.639047855,181.110952145,0.00181110952145,0.036204123209257366,BULLISH,14818.231791458207,14518.445108221276,15194.323338926371,2
2021-02-26,2021-03-04,LONG_SYNTHETIC_FUTURE,551.05,95.88862921100001,455.16137078899993,0.00455161370789,0.036204123209257366,BULLISH,14818.231791458207,14518.445108221276,15194.323338926371,1
2021-03-05,2021-03-10,LONG_CALL,84.19999999999928,47.772943612,36.42705638799928,0.0003642705638799928,0.017136972055868283,BULLISH,15037.73307675179,14730.243236352024,15423.48847008022,3
2021-03-05,2021-03-10,SHORT_PUT,187.3,47.559705093999995,139.74029490600003,0.0013974029490600004,0.017136972055868283,BULLISH,15037.73307675179,14730.243236352024,15423.48847008022,2
2021-03-05,2021-03-10,LONG_SYNTHETIC_FUTURE,271.4999999999993,95.33264870599999,176.16735129399933,0.0017616735129399933,0.017136972055868283,BULLISH,15037.73307675179,14730.243236352024,15423.48847008022,1
2021-03-12,2021-03-18,SHORT_CALL,159.95,47.50735227100001,112.44264772899999,0.0011244264772899998,-0.03151534076564311,RANGE_BOUND,15082.82162903926,14773.309350019725,15471.11423336704,3
2021-03-12,2021-03-18,SHORT_PUT,-305.8500000000007,47.731113588999996,-353.5811135890007,-0.0035358111358900074,-0.03151534076564311,RANGE_BOUND,15082.82162903926,14773.309350019725,15471.11423336704,1
2021-03-12,2021-03-18,SHORT_STRADDLE,-145.90000000000072,95.23846585999999,-241.1384658600007,-0.002411384658600007,-0.03151534076564311,RANGE_BOUND,15082.82162903926,14773.309350019725,15471.11423336704,2
2021-03-19,2021-03-25,LONG_CALL,-171.6,47.276221288,-218.876221288,-0.00218876221288,-0.02862138251408708,BULLISH,14938.546716981473,14635.099697452537,15319.230268088524,3
2021-03-19,2021-03-25,SHORT_PUT,-254.29999999999964,47.69524513,-301.99524512999966,-0.0030199524512999967,-0.02862138251408708,BULLISH,14938.546716981473,14635.099697452537,15319.230268088524,2
2021-03-19,2021-03-25,LONG_SYNTHETIC_FUTURE,-425.89999999999964,94.971466418,-520.8714664179996,-0.005208714664179996,-0.02862138251408708,BULLISH,14938.546716981473,14635.099697452537,15319.230268088524,1
2021-03-26,2021-04-01,LONG_CALL,246.55000000000035,47.92263474699999,198.62736525300036,0.0019862736525300038,0.023606119724817853,BULLISH,14743.441959143776,14443.037337111482,15120.308729698168,3
2021-03-26,2021-04-01,SHORT_PUT,174.85,47.535873552999995,127.314126447,0.0012731412644700001,0.023606119724817853,BULLISH,14743.441959143776,14443.037337111482,15120.308729698168,2
2021-03-26,2021-04-01,LONG_SYNTHETIC_FUTURE,421.4000000000003,95.4585083,325.9414917000003,0.0032594149170000032,0.023606119724817853,BULLISH,14743.441959143776,14443.037337111482,15120.308729698168,1
2021-04-05,2021-04-08,LONG_CALL,122.54999999999964,47.673602545,74.87639745499965,0.0007487639745499965,0.015372369195391311,BULLISH,14798.948070437571,14496.693744756592,15178.135350695997,3
2021-04-05,2021-04-08,SHORT_PUT,153.6,47.495197228,106.104802772,0.0010610480277199999,0.015372369195391311,BULLISH,14798.948070437571,14496.693744756592,15178.135350695997,2
2021-04-05,2021-04-08,LONG_SYNTHETIC_FUTURE,276.14999999999964,95.16879977299999,180.98120022699965,0.0018098120022699965,0.015372369195391311,BULLISH,14798.948070437571,14496.693744756592,15178.135350695997,1
2021-04-09,2021-04-15,LONG_CALL,-101.2,47.24495101600001,-148.444951016,-0.00148444951016,-0.019973941193063505,BULLISH,14977.404109917321,14671.22314819725,15361.517474978249,3
2021-04-09,2021-04-15,SHORT_PUT,-149.55,47.641288441,-197.191288441,-0.0019719128844100002,-0.019973941193063505,BULLISH,14977.404109917321,14671.22314819725,15361.517474978249,2
2021-04-09,2021-04-15,LONG_SYNTHETIC_FUTURE,-250.75,94.88623945700002,-345.636239457,-0.00345636239457,-0.019973941193063505,BULLISH,14977.404109917321,14671.22314819725,15361.517474978249,1
2021-04-16,2021-04-22,LONG_CALL,-125.75,47.255855635,-173.005855635,-0.00173005855635,-0.016530449210348408,BULLISH,14810.602454932228,14509.43286374228,15188.428902651602,3
2021-04-16,2021-04-22,SHORT_PUT,-96.14999999999964,47.598230677000004,-143.74823067699964,-0.0014374823067699965,-0.016530449210348408,BULLISH,14810.602454932228,14509.43286374228,15188.428902651602,2
2021-04-16,2021-04-22,LONG_SYNTHETIC_FUTURE,-221.89999999999964,94.85408631199999,-316.75408631199963,-0.0031675408631199964,-0.016530449210348408,BULLISH,14810.602454932228,14509.43286374228,15188.428902651602,1
2021-04-23,2021-04-29,LONG_CALL,389.74999999999966,48.325511778999996,341.42448822099965,0.0034142448822099963,0.03923325847711756,BULLISH,14492.160040294231,14197.305557392343,14862.063991847861,3
2021-04-23,2021-04-29,SHORT_PUT,171.5,47.529461049999995,123.97053895,0.0012397053895,0.03923325847711756,BULLISH,14492.160040294231,14197.305557392343,14862.063991847861,2
2021-04-23,2021-04-29,LONG_SYNTHETIC_FUTURE,561.2499999999997,95.85497282899998,465.3950271709997,0.004653950271709997,0.03923325847711756,BULLISH,14492.160040294231,14197.305557392343,14862.063991847861,1
2021-04-30,2021-05-06,LONG_CALL,-80.04999999999927,47.399344711,-127.44934471099927,-0.0012744934471099927,0.00538772565142831,BULLISH,14781.31477740504,14479.21776392987,15160.304704698086,3
2021-04-30,2021-05-06,SHORT_PUT,188.8,47.562576363999995,141.23742363600002,0.0014123742363600002,0.00538772565142831,BULLISH,14781.31477740504,14479.21776392987,15160.304704698086,2
2021-04-30,2021-05-06,LONG_SYNTHETIC_FUTURE,108.75000000000074,94.96192107499999,13.788078925000747,0.00013788078925000747,0.00538772565142831,BULLISH,14781.31477740504,14479.21776392987,15160.304704698086,1
2021-05-07,2021-05-12,SHORT_CALL,115.9,47.423032641999995,68.47696735800001,0.0006847696735800002,-0.010726619164668771,RANGE_BOUND,14910.269072010733,14604.496299478284,15293.870351272606,3
2021-05-07,2021-05-12,SHORT_PUT,-4.100000000000733,47.523383523999996,-51.62338352400073,-0.0005162338352400073,-0.010726619164668771,RANGE_BOUND,14910.269072010733,14604.496299478284,15293.870351272606,1
2021-05-07,2021-05-12,SHORT_STRADDLE,111.79999999999927,94.946416166,16.853583833999267,0.00016853583833999265,-0.010726619164668771,RANGE_BOUND,14910.269072010733,14604.496299478284,15293.870351272606,2
2021-05-14,2021-05-20,LONG_CALL,110.55,47.699804191000005,62.85019580899999,0.0006285019580899999,0.01483525258325713,BULLISH,14802.622321135455,14500.028694618422,15182.235264652543,3
2021-05-14,2021-05-20,SHORT_PUT,130.65,47.451266797,83.198733203,0.00083198733203,0.01483525258325713,BULLISH,14802.622321135455,14500.028694618422,15182.235264652543,2
2021-05-14,2021-05-20,LONG_SYNTHETIC_FUTURE,241.2,95.151070988,146.04892901199997,0.0014604892901199998,0.01483525258325713,BULLISH,14802.622321135455,14500.028694618422,15182.235264652543,1
2021-05-21,2021-05-27,SHORT_CALL,-14.449999999999278,47.488478257,-61.938478256999275,-0.0006193847825699927,0.008374873406899797,RANGE_BOUND,15235.575788325486,14922.88025055313,15627.861887952702,3
2021-05-21,2021-05-27,SHORT_PUT,113.55,47.418534318999995,66.13146568100001,0.0006613146568100001,0.008374873406899797,RANGE_BOUND,15235.575788325486,14922.88025055313,15627.861887952702,1
2021-05-21,2021-05-27,SHORT_STRADDLE,99.10000000000072,94.907012576,4.192987424000719,4.1929874240007194e-05,0.008374873406899797,RANGE_BOUND,15235.575788325486,14922.88025055313,15627.861887952702,2
2021-05-28,2021-06-03,SHORT_CALL,-165.74999999999963,47.502737509,-213.25273750899964,-0.0021325273750899963,0.01607297018530307,RANGE_BOUND,15470.902278392081,15152.908506655484,15869.835174297721,3
2021-05-28,2021-06-03,SHORT_PUT,119.9,47.430689361999995,72.46931063800001,0.0007246931063800001,0.01607297018530307,RANGE_BOUND,15470.902278392081,15152.908506655484,15869.835174297721,1
2021-05-28,2021-06-03,SHORT_STRADDLE,-45.849999999999625,94.933426871,-140.78342687099962,-0.0014078342687099963,0.01607297018530307,RANGE_BOUND,15470.902278392081,15152.908506655484,15869.835174297721,2
2021-06-04,2021-06-10,SHORT_CALL,37.849999999999994,47.394496843,-9.544496843000005,-9.544496843000004e-05,0.0032100172920574988,RANGE_BOUND,15756.2047571474,15433.337391583807,16161.251725313805,3
2021-06-04,2021-06-10,SHORT_PUT,110.95,47.413557450999996,63.53644254900001,0.00063536442549,0.0032100172920574988,RANGE_BOUND,15756.2047571474,15433.337391583807,16161.251725313805,1
2021-06-04,2021-06-10,SHORT_STRADDLE,148.8,94.80805429399999,53.991945706000024,0.0005399194570600002,0.0032100172920574988,RANGE_BOUND,15756.2047571474,15433.337391583807,16161.251725313805,2
2021-06-11,2021-06-17,SHORT_CALL,90.7,47.374795305999996,43.32520469400001,0.0004332520469400001,-0.007912222692874282,RANGE_BOUND,15868.941732970989,15543.679726052318,16276.99285183261,3
2021-06-11,2021-06-17,SHORT_PUT,-17.550000000000367,47.421934447,-64.97193444700036,-0.0006497193444700036,-0.007912222692874282,RANGE_BOUND,15868.941732970989,15543.679726052318,16276.99285183261,1
2021-06-11,2021-06-17,SHORT_STRADDLE,73.14999999999964,94.796729753,-21.646729753000358,-0.0002164672975300036,-0.007912222692874282,RANGE_BOUND,15868.941732970989,15543.679726052318,16276.99285183261,2
2021-06-18,2021-06-24,SHORT_CALL,6.949999999999278,47.430154753000004,-40.480154753000726,-0.00040480154753000727,0.006036300623697866,RANGE_BOUND,15738.362009835313,15415.57998357291,16143.301917242721,3
2021-06-18,2021-06-24,SHORT_PUT,106.45,47.404943640999996,59.04505635900001,0.00059045056359,0.006036300623697866,RANGE_BOUND,15738.362009835313,15415.57998357291,16143.301917242721,1
2021-06-18,2021-06-24,SHORT_STRADDLE,113.39999999999928,94.835098394,18.56490160599928,0.00018564901605999282,0.006036300623697866,RANGE_BOUND,15738.362009835313,15415.57998357291,16143.301917242721,2
2021-06-25,2021-07-01,SHORT_CALL,70.0,47.335171779999996,22.664828220000004,0.00022664828220000005,-0.011165659617321189,RANGE_BOUND,15883.022902276138,15556.307042684182,16292.897923706687,3
2021-06-25,2021-07-01,SHORT_PUT,-76.99999999999963,47.500460704000005,-124.50046070399964,-0.0012450046070399963,-0.011165659617321189,RANGE_BOUND,15883.022902276138,15556.307042684182,16292.897923706687,1
2021-06-25,2021-07-01,SHORT_STRADDLE,-6.9999999999996305,94.835632484,-101.83563248399963,-0.0010183563248399963,-0.011165659617321189,RANGE_BOUND,15883.022902276138,15556.307042684182,16292.897923706687,2
2021-07-02,2021-07-08,LONG_PUT,-75.04999999999964,47.266588585,-122.31658858499964,-0.0012231658858499965,-0.00039068579650669566,BEARISH,15661.351659176165,15337.6473515503,16067.448596713934,2
2021-07-02,2021-07-08,STRIP,-213.04999999999927,94.49454971600001,-307.54454971599927,-0.003075445497159993,-0.00039068579650669566,BEARISH,15661.351659176165,15337.6473515503,16067.448596713934,3
2021-07-02,2021-07-08,SHORT_SYNTHETIC_FUTURE,-12.599999999999639,94.58730830600001,-107.18730830599965,-0.0010718730830599965,-0.00039068579650669566,BEARISH,15661.351659176165,15337.6473515503,16067.448596713934,1
2021-07-09,2021-07-15,LONG_PUT,-80.65,47.235823117,-127.885823117,-0.00127885823117,0.013665173048729606,BEARISH,15632.599530498846,15309.287989295326,16038.203730567498,2
2021-07-09,2021-07-15,STRIP,-19.150000000000745,94.93114257799999,-114.08114257800074,-0.0011408114257800074,0.013665173048729606,BEARISH,15632.599530498846,15309.287989295326,16038.203730567498,3
2021-07-09,2021-07-15,SHORT_SYNTHETIC_FUTURE,-223.79999999999927,94.722626258,-318.52262625799926,-0.0031852262625799927,0.013665173048729606,BEARISH,15632.599530498846,15309.287989295326,16038.203730567498,1
2021-07-16,2021-07-22,SHORT_CALL,65.55,47.32665367899999,18.223346321000008,0.00018223346321000008,-0.007473644578313232,RANGE_BOUND,15859.987078131093,15532.284161561518,16271.100392677745,3
2021-07-16,2021-07-22,SHORT_PUT,-48.30000000000037,47.422622002,-95.72262200200036,-0.0009572262200200037,-0.007473644578313232,RANGE_BOUND,15859.987078131093,15532.284161561518,16271.100392677745,1
2021-07-16,2021-07-22,SHORT_STRADDLE,17.24999999999963,94.74927568100001,-77.49927568100038,-0.0007749927568100038,-0.007473644578313232,RANGE_BOUND,15859.987078131093,15532.284161561518,16271.100392677745,2
2021-07-23,2021-07-29,SHORT_CALL,81.0,47.356227759999996,33.643772240000004,0.00033643772240000004,-0.004544852426339396,RANGE_BOUND,15779.904819217914,15453.906632303437,16188.879498361963,3
2021-07-23,2021-07-29,SHORT_PUT,4.749999999999275,47.372880456999994,-42.62288045700072,-0.0004262288045700072,-0.004544852426339396,RANGE_BOUND,15779.904819217914,15453.906632303437,16188.879498361963,1
2021-07-23,2021-07-29,SHORT_STRADDLE,85.74999999999928,94.72910821699999,-8.979108217000714,-8.979108217000715e-05,-0.004544852426339396,RANGE_BOUND,15779.904819217914,15453.906632303437,16188.879498361963,2
2021-07-30,2021-08-05,SHORT_CALL,-437.7999999999996,47.54386411,-485.34386410999963,-0.004853438641099996,0.03317434914196071,RANGE_BOUND,15753.089213093379,15428.65078184041,16160.107131136248,3
2021-07-30,2021-08-05,SHORT_PUT,102.9,47.398148301999996,55.50185169800001,0.0005550185169800002,0.03317434914196071,RANGE_BOUND,15753.089213093379,15428.65078184041,16160.107131136248,1
2021-07-30,2021-08-05,SHORT_STRADDLE,-334.89999999999964,94.942012412,-429.84201241199963,-0.004298420124119996,0.03317434914196071,RANGE_BOUND,15753.089213093379,15428.65078184041,16160.107131136248,2
2021-08-06,2021-08-12,SHORT_CALL,-29.200000000000358,47.40140302,-76.60140302000036,-0.0007660140302000036,0.006577773402167031,RANGE_BOUND,16235.305197474527,15901.110324908403,16654.56286903689,3
2021-08-06,2021-08-12,SHORT_PUT,93.15,47.379485047,45.770514953,0.00045770514953,0.006577773402167031,RANGE_BOUND,16235.305197474527,15901.110324908403,16654.56286903689,1
2021-08-06,2021-08-12,SHORT_STRADDLE,63.94999999999965,94.78088806699999,-30.830888067000345,-0.0003083088806700034,0.006577773402167031,RANGE_BOUND,16235.305197474527,15901.110324908403,16654.56286903689,2
2021-08-13,2021-08-18,SHORT_CALL,19.350000000000733,47.408727991,-28.058727990999266,-0.00028058727990999265,0.003326804844602904,RANGE_BOUND,16557.074308817442,16217.416692790808,16983.185158844248,3
2021-08-13,2021-08-18,SHORT_PUT,74.75,47.344264135,27.405735864999997,0.00027405735864999997,0.003326804844602904,RANGE_BOUND,16557.074308817442,16217.416692790808,16983.185158844248,1
2021-08-13,2021-08-18,SHORT_STRADDLE,94.10000000000073,94.752992126,-0.6529921259992619,-6.529921259992619e-06,0.003326804844602904,RANGE_BOUND,16557.074308817442,16217.416692790808,16983.185158844248,2
2021-08-20,2021-08-26,SHORT_CALL,-90.50000000000145,47.462827474,-137.96282747400144,-0.0013796282747400145,0.012212709249895148,RANGE_BOUND,16455.83325220462,16117.895788598355,16879.78611849888,3
2021-08-20,2021-08-26,SHORT_PUT,102.15,47.396712667,54.753287333,0.00054753287333,0.012212709249895148,RANGE_BOUND,16455.83325220462,16117.895788598355,16879.78611849888,1
2021-08-20,2021-08-26,SHORT_STRADDLE,11.649999999998556,94.85954014100001,-83.20954014100145,-0.0008320954014100145,0.012212709249895148,RANGE_BOUND,16455.83325220462,16117.895788598355,16879.78611849888,2
2021-08-27,2021-09-02,SHORT_CALL,-454.5,47.621796880000005,-502.12179688000003,-0.0050212179688,0.03164823859099242,RANGE_BOUND,16645.07665344863,16301.28984906562,17076.367696344474,3
2021-08-27,2021-09-02,SHORT_PUT,94.2,47.381494935999996,46.81850506400001,0.0004681850506400001,0.03164823859099242,RANGE_BOUND,16645.07665344863,16301.28984906562,17076.367696344474,1
2021-08-27,2021-09-02,SHORT_STRADDLE,-360.3,95.00329181600002,-455.303291816,-0.0045530329181600005,0.03164823859099242,RANGE_BOUND,16645.07665344863,16301.28984906562,17076.367696344474,2
2021-09-03,2021-09-09,SHORT_CALL,72.15000000000073,47.373011815,24.776988185000732,0.0002477698818500073,0.002016809632213512,RANGE_BOUND,17351.96403685014,16995.608706952113,17799.022678757712,3
2021-09-03,2021-09-09,SHORT_PUT,117.95,47.426956710999995,70.52304328900001,0.0007052304328900002,0.002016809632213512,RANGE_BOUND,17351.96403685014,16995.608706952113,17799.022678757712,1
2021-09-03,2021-09-09,SHORT_STRADDLE,190.10000000000073,94.79996852600001,95.30003147400072,0.0009530003147400071,0.002016809632213512,RANGE_BOUND,17351.96403685014,16995.608706952113,17799.022678757712,2
2021-09-13,2021-09-16,SHORT_CALL,-178.65,47.475332472999995,-226.12533247300001,-0.0022612533247300002,0.01451383408317164,RANGE_BOUND,17419.705714024927,17062.73450170024,17867.5369992414,3
2021-09-13,2021-09-16,SHORT_PUT,75.2,47.345125515999996,27.854874484000007,0.00027854874484000005,0.01451383408317164,RANGE_BOUND,17419.705714024927,17062.73450170024,17867.5369992414,1
2021-09-13,2021-09-16,SHORT_STRADDLE,-103.45,94.820457989,-198.27045798900002,-0.0019827045798900002,0.01451383408317164,RANGE_BOUND,17419.705714024927,17062.73450170024,17867.5369992414,2
2021-09-17,2021-09-23,SHORT_CALL,-130.14999999999856,47.501782369,-177.65178236899857,-0.0017765178236899856,0.013063002928453082,RANGE_BOUND,17600.368612120797,17238.382944712936,18054.490684344815,3
2021-09-17,2021-09-23,SHORT_PUT,102.8,47.397956883999996,55.402043116,0.00055402043116,0.013063002928453082,RANGE_BOUND,17600.368612120797,17238.382944712936,18054.490684344815,1
2021-09-17,2021-09-23,SHORT_STRADDLE,-27.34999999999856,94.899739253,-122.24973925299857,-0.0012224973925299856,0.013063002928453082,RANGE_BOUND,17600.368612120797,17238.382944712936,18054.490684344815,2
2021-09-24,2021-09-30,LONG_PUT,110.5,47.68803460000001,62.81196539999999,0.0006281196539999999,-0.012986176457409071,BEARISH,17570.56791310151,17203.43207027605,18031.151037636537,2
2021-09-24,2021-09-30,STRIP,97.25,94.943001875,2.306998125000007,2.306998125000007e-05,-0.012986176457409071,BEARISH,17570.56791310151,17203.43207027605,18031.151037636537,3
2021-09-24,2021-09-30,SHORT_SYNTHETIC_FUTURE,233.75,95.125136465,138.624863535,0.0013862486353500001,-0.012986176457409071,BEARISH,17570.56791310151,17203.43207027605,18031.151037636537,1
2021-10-01,2021-10-07,SHORT_CALL,-134.80000000000146,47.55195835000001,-182.35195835000147,-0.0018235195835000146,0.015855495088475946,RANGE_BOUND,17457.204452381153,17096.718905942398,17909.444577046423,3
2021-10-01,2021-10-07,SHORT_PUT,135.3,47.460167733999995,87.83983226600002,0.0008783983226600001,0.015855495088475946,RANGE_BOUND,17457.204452381153,17096.718905942398,17909.444577046423,1
2021-10-01,2021-10-07,SHORT_STRADDLE,0.4999999999985505,95.01212608399999,-94.51212608400144,-0.0009451212608400143,0.015855495088475946,RANGE_BOUND,17457.204452381153,17096.718905942398,17909.444577046423,2
2021-10-08,2021-10-14,SHORT_CALL,-345.9,47.61211811800001,-393.512118118,-0.00393512118118,0.02541326584767689,RANGE_BOUND,17840.740085580135,17472.648031307603,18302.522806571385,3
2021-10-08,2021-10-14,SHORT_PUT,110.15,47.412026107,62.737973893,0.00062737973893,0.02541326584767689,RANGE_BOUND,17840.740085580135,17472.648031307603,18302.522806571385,1
2021-10-08,2021-10-14,SHORT_STRADDLE,-235.74999999999997,95.024144225,-330.774144225,-0.00330774144225,0.02541326584767689,RANGE_BOUND,17840.740085580135,17472.648031307603,18302.522806571385,2
2021-10-18,2021-10-21,SHORT_CALL,99.55,47.391735798999996,52.158264201,0.00052158264201,-0.01581474312531761,RANGE_BOUND,18571.492058399777,18191.158441236064,19048.632193808047,3
2021-10-18,2021-10-21,SHORT_PUT,-191.69999999999854,47.53489962999999,-239.23489962999852,-0.002392348996299985,-0.01581474312531761,RANGE_BOUND,18571.492058399777,18191.158441236064,19048.632193808047,1
2021-10-18,2021-10-21,SHORT_STRADDLE,-92.14999999999854,94.92663542900002,-187.07663542899854,-0.0018707663542899854,-0.01581474312531761,RANGE_BOUND,18571.492058399777,18191.158441236064,19048.632193808047,2
2021-10-22,2021-10-28,LONG_PUT,129.65,47.771504592999996,81.878495407,0.00081878495407,-0.014428574971547925,BEARISH,17981.261205418752,17608.142357850826,18449.350192081496,2
2021-10-22,2021-10-28,STRIP,124.85000000000002,95.03122459400001,29.818775406000015,0.00029818775406000015,-0.014428574971547925,BEARISH,17981.261205418752,17608.142357850826,18449.350192081496,3
2021-10-22,2021-10-28,SHORT_SYNTHETIC_FUTURE,263.6,95.22908818399999,168.37091181600005,0.0016837091181600005,-0.014428574971547925,BEARISH,17981.261205418752,17608.142357850826,18449.350192081496,1
2021-10-29,2021-11-03,LONG_CALL,3.650000000001455,47.544232237,-43.89423223699855,-0.00043894232236998547,0.007442719005605447,BULLISH,17864.08068796322,17499.788803054522,18321.095980457467,3
2021-10-29,2021-11-03,SHORT_PUT,132.25,47.454329485,84.795670515,0.00084795670515,0.007442719005605447,BULLISH,17864.08068796322,17499.788803054522,18321.095980457467,2
2021-10-29,2021-11-03,LONG_SYNTHETIC_FUTURE,135.90000000000146,94.998561722,40.90143827800145,0.0004090143827800145,0.007442719005605447,BULLISH,17864.08068796322,17499.788803054522,18321.095980457467,1
2021-11-04,2021-11-11,SHORT_CALL,131.7,47.453276686,84.24672331399998,0.0008424672331399998,-0.0011079049155258147,RANGE_BOUND,17910.652478497675,17542.219067020385,18372.86344252491,3
2021-11-04,2021-11-11,SHORT_PUT,109.84999999999854,47.418880687,62.43111931299855,0.0006243111931299854,-0.0011079049155258147,RANGE_BOUND,17910.652478497675,17542.219067020385,18372.86344252491,1
2021-11-04,2021-11-11,SHORT_STRADDLE,241.54999999999853,94.872157373,146.67784262699854,0.0014667784262699854,-0.0011079049155258147,RANGE_BOUND,17910.652478497675,17542.219067020385,18372.86344252491,2
2021-11-12,2021-11-18,LONG_CALL,-96.35,47.242796743,-143.592796743,-0.00143592796743,-0.0187802100537956,BULLISH,18237.833621912163,17864.943031270308,18705.636253291806,3
2021-11-12,2021-11-18,SHORT_PUT,-231.94999999999854,47.599355485,-279.54935548499856,-0.0027954935548499854,-0.0187802100537956,BULLISH,18237.833621912163,17864.943031270308,18705.636253291806,2
2021-11-12,2021-11-18,LONG_SYNTHETIC_FUTURE,-328.29999999999853,94.842152228,-423.1421522279985,-0.004231421522279985,-0.0187802100537956,BULLISH,18237.833621912163,17864.943031270308,18705.636253291806,1
2021-11-22,2021-11-25,LONG_CALL,-34.45000000000145,47.394773197,-81.84477319700144,-0.0008184477319700145,0.005250916974714581,BULLISH,17618.058084381333,17259.52917276384,18067.843550921658,3
2021-11-22,2021-11-25,SHORT_PUT,122.0,47.43470914,74.56529086,0.0007456529086,0.005250916974714581,BULLISH,17618.058084381333,17259.52917276384,18067.843550921658,2
2021-11-22,2021-11-25,LONG_SYNTHETIC_FUTURE,87.54999999999855,94.829482337,-7.279482337001454,-7.279482337001454e-05,0.005250916974714581,BULLISH,17618.058084381333,17259.52917276384,18067.843550921658,1
2021-11-26,2021-12-02,LONG_PUT,-169.15,47.275133047,-216.425133047,-0.00216425133047,0.022313901766052968,BEARISH,16933.621962488814,16582.96688663654,17373.52946165088,2
2021-11-26,2021-12-02,STRIP,-117.39999999999856,95.27826095900001,-212.67826095899858,-0.002126782609589986,0.022313901766052968,BEARISH,16933.621962488814,16582.96688663654,17373.52946165088,3
2021-11-26,2021-12-02,SHORT_SYNTHETIC_FUTURE,-391.05000000000143,94.95398213899999,-486.00398213900144,-0.004860039821390014,0.022313901766052968,BEARISH,16933.621962488814,16582.96688663654,17373.52946165088,1
2021-12-03,2021-12-09,LONG_PUT,-165.4,47.273467372,-212.673467372,-0.00212673467372,0.0187017808457568,BEARISH,17013.5287280805,16659.03132730597,17458.256541174735,2
2021-12-03,2021-12-09,STRIP,-146.14999999999856,95.12466365899999,-241.27466365899855,-0.0024127466365899855,0.0187017808457568,BEARISH,17013.5287280805,16659.03132730597,17458.256541174735,3
2021-12-03,2021-12-09,SHORT_SYNTHETIC_FUTURE,-351.05000000000143,94.85367233899998,-445.90367233900145,-0.004459036723390014,0.0187017808457568,BEARISH,17013.5287280805,16659.03132730597,17458.256541174735,1
2021-12-10,2021-12-16,SHORT_CALL,109.25,47.410303344999996,61.839696655000004,0.0006183969665500001,-0.013773288874588063,RANGE_BOUND,17547.106418438543,17186.021440522756,18000.098548194113,3
2021-12-10,2021-12-16,SHORT_PUT,-96.6,47.564588091999994,-144.16458809199997,-0.0014416458809199998,-0.013773288874588063,RANGE_BOUND,17547.106418438543,17186.021440522756,18000.098548194113,1
2021-12-10,2021-12-16,SHORT_STRADDLE,12.650000000000006,94.97489143700001,-82.324891437,-0.00082324891437,-0.013773288874588063,RANGE_BOUND,17547.106418438543,17186.021440522756,18000.098548194113,2
2021-12-17,2021-12-23,LONG_CALL,-69.29999999999927,47.41461583600001,-116.71461583599928,-0.0011671461583599929,0.0032278908567568987,BULLISH,17149.544088276703,16799.47816205794,17588.712481235096,3
2021-12-17,2021-12-23,SHORT_PUT,140.4,47.469930051999995,92.93006994800001,0.0009293006994800001,0.0032278908567568987,BULLISH,17149.544088276703,16799.47816205794,17588.712481235096,2
2021-12-17,2021-12-23,LONG_SYNTHETIC_FUTURE,71.10000000000073,94.884545888,-23.784545887999272,-0.00023784545887999272,0.0032278908567568987,BULLISH,17149.544088276703,16799.47816205794,17588.712481235096,1
2021-12-24,2021-12-30,SHORT_CALL,-67.60000000000073,47.547461823999996,-115.14746182400073,-0.0011514746182400074,0.011638574906785548,RANGE_BOUND,16953.049317929148,16603.388496344953,17391.709494754476,3
2021-12-24,2021-12-30,SHORT_PUT,128.35,47.446864183,80.90313581699999,0.0008090313581699999,0.011638574906785548,RANGE_BOUND,16953.049317929148,16603.388496344953,17391.709494754476,1
2021-12-24,2021-12-30,SHORT_STRADDLE,60.74999999999926,94.99432600699998,-34.24432600700072,-0.00034244326007000725,0.011638574906785548,RANGE_BOUND,16953.049317929148,16603.388496344953,17391.709494754476,2
2021-12-31,2022-01-06,SHORT_CALL,-286.15000000000146,47.570013186999994,-333.7200131870014,-0.0033372001318700143,0.021751929212892707,RANGE_BOUND,17361.150579634523,17003.13781656158,17810.28852206622,3
2021-12-31,2022-01-06,SHORT_PUT,138.35,47.466005982999995,90.88399401699999,0.00090883994017,0.021751929212892707,RANGE_BOUND,17361.150579634523,17003.13781656158,17810.28852206622,1
2021-12-31,2022-01-06,SHORT_STRADDLE,-147.80000000000146,95.03601917,-242.83601917000146,-0.0024283601917000144,0.021751929212892707,RANGE_BOUND,17361.150579634523,17003.13781656158,17810.28852206622,2
2022-01-07,2022-01-13,LONG_CALL,313.0,48.09098538999999,264.90901461,0.0026490901461,0.024249060450423743,BULLISH,17962.946495355765,17649.97219308384,18266.033362362487,3
2022-01-07,2022-01-13,SHORT_PUT,151.55,47.491273159,104.05872684100001,0.00104058726841,0.024249060450423743,BULLISH,17962.946495355765,17649.97219308384,18266.033362362487,2
2022-01-07,2022-01-13,LONG_SYNTHETIC_FUTURE,464.55,95.582258549,368.967741451,0.00368967741451,0.024249060450423743,BULLISH,17962.946495355765,17649.97219308384,18266.033362362487,1
2022-01-14,2022-01-20,SHORT_CALL,116.2,47.423606895999995,68.77639310400001,0.0006877639310400001,-0.026832467887401013,RANGE_BOUND,18362.564155832086,18041.864668310034,18673.132155243315,3
2022-01-14,2022-01-20,SHORT_PUT,-358.35000000000144,47.684743501,-406.03474350100146,-0.004060347435010015,-0.026832467887401013,RANGE_BOUND,18362.564155832086,18041.864668310034,18673.132155243315,2
2022-01-14,2022-01-20,SHORT_STRADDLE,-242.15000000000146,95.10835039699998,-337.25835039700144,-0.0033725835039700143,-0.026832467887401013,RANGE_BOUND,18362.564155832086,18041.864668310034,18673.132155243315,1
2022-01-21,2022-01-27,LONG_CALL,-156.6,47.269558587999995,-203.869558588,-0.00203869558588,-0.02954114588654655,BULLISH,17860.662511363378,17551.833900744852,18159.73465675978,3
2022-01-21,2022-01-27,SHORT_PUT,-365.65000000000146,47.686688917,-413.3366889170014,-0.004133366889170014,-0.02954114588654655,BULLISH,17860.662511363378,17551.833900744852,18159.73465675978,2
2022-01-21,2022-01-27,LONG_SYNTHETIC_FUTURE,-522.2500000000015,94.956247505,-617.2062475050014,-0.006172062475050015,-0.02954114588654655,BULLISH,17860.662511363378,17551.833900744852,18159.73465675978,1
2022-01-28,2022-02-03,SHORT_CALL,-164.44999999999854,47.822897035,-212.27289703499855,-0.0021227289703499856,0.024609284903054585,RANGE_BOUND,17059.240815160014,16759.039274931427,17349.95843522653,3
2022-01-28,2022-02-03,SHORT_PUT,266.95,47.71216953100001,219.237830469,0.00219237830469,0.024609284903054585,RANGE_BOUND,17059.240815160014,16759.039274931427,17349.95843522653,2
2022-01-28,2022-02-03,SHORT_STRADDLE,102.50000000000145,95.53506656599998,6.964933434001466,6.964933434001465e-05,0.024609284903054585,RANGE_BOUND,17059.240815160014,16759.039274931427,17349.95843522653,1
2022-02-04,2022-02-10,SHORT_CALL,66.69999999999854,47.48839803999999,19.211601959998546,0.00019211601959998547,0.005020066002458634,RANGE_BOUND,17584.86955259326,17277.58615431827,17882.445301753087,3
2022-02-04,2022-02-10,SHORT_PUT,160.0,47.507447979999995,112.49255202,0.0011249255202,0.005020066002458634,RANGE_BOUND,17584.86955259326,17277.58615431827,17882.445301753087,2
2022-02-04,2022-02-10,SHORT_STRADDLE,226.69999999999854,94.99584602,131.70415397999852,0.0013170415397999852,0.005020066002458634,RANGE_BOUND,17584.86955259326,17277.58615431827,17882.445301753087,1
2022-02-11,2022-02-17,SHORT_CALL,155.5,47.49883417,108.00116582999999,0.0010800116582999999,-0.0037797162908076443,RANGE_BOUND,17313.811556782577,17009.575636283247,17608.43610360856,3
2022-02-11,2022-02-17,SHORT_PUT,79.95000000000073,47.495247799,32.45475220100073,0.0003245475220100073,-0.0037797162908076443,RANGE_BOUND,17313.811556782577,17009.575636283247,17608.43610360856,2
2022-02-11,2022-02-17,SHORT_STRADDLE,235.45000000000073,94.99408196899999,140.45591803100075,0.0014045591803100075,-0.0037797162908076443,RANGE_BOUND,17313.811556782577,17009.575636283247,17608.43610360856,1
2022-02-18,2022-02-24,LONG_CALL,-182.95,47.281262731000005,-230.231262731,-0.00230231262731,-0.05877688743810783,BULLISH,17392.125419547534,17089.252406135103,17685.430116034397,3
2022-02-18,2022-02-24,SHORT_PUT,-837.2,48.04542618400001,-885.245426184,-0.00885245426184,-0.05877688743810783,BULLISH,17392.125419547534,17089.252406135103,17685.430116034397,2
2022-02-18,2022-02-24,LONG_SYNTHETIC_FUTURE,-1020.1500000000001,95.326688915,-1115.476688915,-0.01115476688915,-0.05877688743810783,BULLISH,17392.125419547534,17089.252406135103,17685.430116034397,1
2022-02-25,2022-03-03,LONG_PUT,-100.49999999999855,47.584008094,-148.08400809399853,-0.0014808400809399854,-0.00903275386421154,BEARISH,16534.661148047777,16242.69139133055,16817.40704182167,2
2022-02-25,2022-03-03,SHORT_CALL,235.65,47.652255696999994,187.99774430300002,0.0018799774430300002,-0.00903275386421154,BEARISH,16534.661148047777,16242.69139133055,16817.40704182167,3
2022-02-25,2022-03-03,SHORT_SYNTHETIC_FUTURE,135.15000000000146,95.236263791,39.913736209001456,0.0003991373620900146,-0.00903275386421154,BEARISH,16534.661148047777,16242.69139133055,16817.40704182167,1
2022-03-04,2022-03-10,LONG_PUT,-248.55,47.310400939000004,-295.860400939,-0.0029586040093899997,0.02170804387737224,BEARISH,15980.61924404897,15695.610392852104,16256.624140142285,2
2022-03-04,2022-03-10,SHORT_CALL,-118.45000000000147,47.827935043,-166.27793504300146,-0.0016627793504300147,0.02170804387737224,BEARISH,15980.61924404897,15695.610392852104,16256.624140142285,3
2022-03-04,2022-03-10,SHORT_SYNTHETIC_FUTURE,-367.0000000000015,95.138335982,-462.1383359820015,-0.004621383359820015,0.02170804387737224,BEARISH,15980.61924404897,15695.610392852104,16256.624140142285,1
2022-03-11,2022-03-17,LONG_CALL,453.3499999999993,48.582387655000005,404.7676123449993,0.004047676123449993,0.040503972008229194,BULLISH,16782.99276708804,16491.168503989094,17065.597763655314,3
2022-03-11,2022-03-17,SHORT_PUT,236.05,47.653021369,188.39697863100002,0.0018839697863100003,0.040503972008229194,BULLISH,16782.99276708804,16491.168503989094,17065.597763655314,2
2022-03-11,2022-03-17,LONG_SYNTHETIC_FUTURE,689.3999999999993,96.23540902399999,593.1645909759993,0.005931645909759993,0.040503972008229194,BULLISH,16782.99276708804,16491.168503989094,17065.597763655314,1
2022-03-21,2022-03-24,SHORT_CALL,90.25000000000074,47.592789733000004,42.657210267000735,0.0004265721026700074,0.004904231976291751,RANGE_BOUND,17211.76677262924,16910.986763797853,17503.044586408825,3
2022-03-21,2022-03-24,SHORT_PUT,193.9,47.572338682,146.327661318,0.00146327661318,0.004904231976291751,RANGE_BOUND,17211.76677262924,16910.986763797853,17503.044586408825,2
2022-03-21,2022-03-24,SHORT_STRADDLE,284.1500000000008,95.16512841500001,188.98487158500075,0.0018898487158500075,0.004904231976291751,RANGE_BOUND,17211.76677262924,16910.986763797853,17503.044586408825,1
2022-03-25,2022-03-31,LONG_CALL,93.94999999999999,47.786772228999986,46.163227771,0.00046163227771000003,0.015874677577417895,BULLISH,17421.454237559872,17120.053689681845,17713.332986413472,3
2022-03-25,2022-03-31,SHORT_PUT,184.7,47.554728226,137.14527177399998,0.0013714527177399998,0.015874677577417895,BULLISH,17421.454237559872,17120.053689681845,17713.332986413472,2
2022-03-25,2022-03-31,LONG_SYNTHETIC_FUTURE,278.65,95.34150045499999,183.308499545,0.0018330849954499998,0.015874677577417895,BULLISH,17421.454237559872,17120.053689681845,17713.332986413472,1
2022-04-01,2022-04-07,LONG_CALL,-93.45000000000145,47.311905667,-140.76190566700146,-0.0014076190566700145,0.0009795065770901168,BULLISH,17812.303411889316,17501.806006998464,18112.99163127008,3
2022-04-01,2022-04-07,SHORT_PUT,144.75,47.478256734999995,97.271743265,0.00097271743265,0.0009795065770901168,BULLISH,17812.303411889316,17501.806006998464,18112.99163127008,2
2022-04-01,2022-04-07,LONG_SYNTHETIC_FUTURE,51.29999999999855,94.79016240199999,-43.490162402001445,-0.00043490162402001444,0.0009795065770901168,BULLISH,17812.303411889316,17501.806006998464,18112.99163127008,1
2022-04-08,2022-04-13,LONG_CALL,-97.3,47.243218714,-144.543218714,-0.00144543218714,-0.020107669719639287,BULLISH,18034.11316805329,17720.71027313474,18337.61508767469,3
2022-04-08,2022-04-13,SHORT_PUT,-220.05,47.677909441,-267.727909441,-0.00267727909441,-0.020107669719639287,BULLISH,18034.11316805329,17720.71027313474,18337.61508767469,2
2022-04-08,2022-04-13,LONG_SYNTHETIC_FUTURE,-317.35,94.921128155,-412.27112815500004,-0.004122711281550001,-0.020107669719639287,BULLISH,18034.11316805329,17720.71027313474,18337.61508767469,1
2022-04-18,2022-04-21,LONG_CALL,62.70000000000145,47.54866208799999,15.151337912001459,0.00015151337912001458,0.010479059293309279,BULLISH,17424.14851514223,17122.12479881482,17716.63074540491,3
2022-04-18,2022-04-21,SHORT_PUT,153.1,47.49424013800001,105.60575986199999,0.00105605759862,0.010479059293309279,BULLISH,17424.14851514223,17122.12479881482,17716.63074540491,2
2022-04-18,2022-04-21,LONG_SYNTHETIC_FUTURE,215.80000000000143,95.042902226,120.75709777400144,0.0012075709777400144,0.010479059293309279,BULLISH,17424.14851514223,17122.12479881482,17716.63074540491,1
2022-04-22,2022-04-28,LONG_CALL,-78.59999999999928,47.36627320000001,-125.96627319999929,-0.0012596627319999929,0.004566954345010199,BULLISH,17377.47824978859,17076.363430341644,17669.080296899072,3
2022-04-22,2022-04-28,SHORT_PUT,154.05,47.496058608999995,106.55394139100002,0.0010655394139100001,0.004566954345010199,BULLISH,17377.47824978859,17076.363430341644,17669.080296899072,2
2022-04-22,2022-04-28,LONG_SYNTHETIC_FUTURE,75.45000000000073,94.86233180900001,-19.412331808999284,-0.00019412331808999283,0.004566954345010199,BULLISH,17377.47824978859,17076.363430341644,17669.080296899072,1
2022-04-29,2022-05-05,LONG_CALL,-135.15,47.260030927,-182.410030927,-0.0018241003092700002,-0.025733502575101097,BULLISH,17254.18082703771,16953.811005033764,17545.061412548028,3
2022-04-29,2022-05-05,SHORT_PUT,-303.50000000000074,47.69493020200001,-351.19493020200076,-0.0035119493020200074,-0.025733502575101097,BULLISH,17254.18082703771,16953.811005033764,17545.061412548028,2
2022-04-29,2022-05-05,LONG_SYNTHETIC_FUTURE,-438.6500000000008,94.954961129,-533.6049611290008,-0.005336049611290008,-0.025733502575101097,BULLISH,17254.18082703771,16953.811005033764,17545.061412548028,1
2022-05-06,2022-05-12,LONG_CALL,-187.05,47.283083868999995,-234.333083869,-0.00234333083869,-0.03706895501662677,BULLISH,16603.692729625003,16315.871293963917,16882.42135545352,3
2022-05-06,2022-05-12,SHORT_PUT,-414.45,47.797510908999996,-462.24751090899997,-0.00462247510909,-0.03706895501662677,BULLISH,16603.692729625003,16315.871293963917,16882.42135545352,2
2022-05-06,2022-05-12,LONG_SYNTHETIC_FUTURE,-601.5,95.080594778,-696.580594778,-0.00696580594778,-0.03706895501662677,BULLISH,16603.692729625003,16315.871293963917,16882.42135545352,1
2022-05-13,2022-05-19,LONG_CALL,-173.15,47.27690976700001,-220.426909767,-0.00220426909767,-0.0010863643849846616,BULLISH,15903.825447206547,15627.096585237943,16171.811934197818,3
2022-05-13,2022-05-19,SHORT_PUT,151.75000000000074,47.563703892999996,104.18629610700074,0.0010418629610700074,-0.0010863643849846616,BULLISH,15903.825447206547,15627.096585237943,16171.811934197818,2
2022-05-13,2022-05-19,LONG_SYNTHETIC_FUTURE,-21.399999999999267,94.84061366,-116.24061365999927,-0.0011624061365999928,-0.0010863643849846616,BULLISH,15903.825447206547,15627.096585237943,16171.811934197818,1
2022-05-20,2022-05-26,SHORT_CALL,177.75,47.541424675,130.208575325,0.00130208575325,-0.005795763924138275,RANGE_BOUND,16292.529603125462,16007.620669232716,16568.43773848652,3
2022-05-20,2022-05-26,SHORT_PUT,84.04999999999927,47.576558850999994,36.47344114899928,0.00036473441148999276,-0.005795763924138275,RANGE_BOUND,16292.529603125462,16007.620669232716,16568.43773848652,2
2022-05-20,2022-05-26,SHORT_STRADDLE,261.7999999999993,95.117983526,166.68201647399928,0.0016668201647399928,-0.005795763924138275,RANGE_BOUND,16292.529603125462,16007.620669232716,16568.43773848652,1
2022-05-27,2022-06-02,LONG_CALL,117.10000000000073,47.786394574,69.31360542600073,0.0006931360542600073,0.018025467173805154,BULLISH,16422.06908194092,16135.869111302836,16699.227467816145,3
2022-05-27,2022-06-02,SHORT_PUT,172.5,47.53137523,124.96862476999999,0.0012496862477,0.018025467173805154,BULLISH,16422.06908194092,16135.869111302836,16699.227467816145,2
2022-05-27,2022-06-02,LONG_SYNTHETIC_FUTURE,289.6000000000007,95.317769804,194.2822301960007,0.0019428223019600072,0.018025467173805154,BULLISH,16422.06908194092,16135.869111302836,16699.227467816145,1
2022-06-03,2022-06-09,LONG_CALL,-158.2,47.270269276,-205.47026927599998,-0.00205470269276,-0.007780952925837137,BULLISH,16710.529324574665,16419.460576529676,16992.402674201538,3
2022-06-03,2022-06-09,SHORT_PUT,30.450000000000728,47.553199699000004,-17.103199698999276,-0.00017103199698999277,-0.007780952925837137,BULLISH,16710.529324574665,16419.460576529676,16992.402674201538,2
2022-06-03,2022-06-09,LONG_SYNTHETIC_FUTURE,-127.74999999999926,94.82346897500001,-222.5734689749993,-0.002225734689749993,-0.007780952925837137,BULLISH,16710.529324574665,16419.460576529676,16992.402674201538,1
2022-06-10,2022-06-16,SHORT_CALL,163.25,47.513669064999995,115.73633093500001,0.00115736330935,-0.05368895794221107,RANGE_BOUND,16272.799195546166,15988.484506672661,16548.1318591838,3
2022-06-10,2022-06-16,SHORT_PUT,-706.8000000000008,47.856262378000004,-754.6562623780007,-0.007546562623780007,-0.05368895794221107,RANGE_BOUND,16272.799195546166,15988.484506672661,16548.1318591838,2
2022-06-10,2022-06-16,SHORT_STRADDLE,-543.5500000000008,95.36993144300001,-638.9199314430008,-0.006389199314430008,-0.05368895794221107,RANGE_BOUND,16272.799195546166,15988.484506672661,16548.1318591838,1
2022-06-17,2022-06-23,LONG_CALL,75.30000000000072,47.80908842800001,27.490911572000712,0.00027490911572000714,0.016560862966529033,BULLISH,15431.671252515256,15163.134733016914,15691.724208239797,3
2022-06-17,2022-06-23,SHORT_PUT,183.2,47.551856956,135.648143044,0.00135648143044,0.016560862966529033,BULLISH,15431.671252515256,15163.134733016914,15691.724208239797,2
2022-06-17,2022-06-23,LONG_SYNTHETIC_FUTURE,258.5000000000007,95.36094538399999,163.1390546160007,0.001631390546160007,0.016560862966529033,BULLISH,15431.671252515256,15163.134733016914,15691.724208239797,1
2022-06-24,2022-06-30,SHORT_CALL,71.64999999999964,47.541974563,24.10802543699964,0.0002410802543699964,0.004712868262444214,RANGE_BOUND,15733.228399483807,15457.801968339083,15999.953601842322,3
2022-06-24,2022-06-30,SHORT_PUT,149.25,47.486870545,101.763129455,0.00101763129455,0.004712868262444214,RANGE_BOUND,15733.228399483807,15457.801968339083,15999.953601842322,2
2022-06-24,2022-06-30,SHORT_STRADDLE,220.89999999999964,95.028845108,125.87115489199964,0.0012587115489199963,0.004712868262444214,RANGE_BOUND,15733.228399483807,15457.801968339083,15999.953601842322,1
2022-07-01,2022-07-07,SHORT_CALL,-245.29999999999964,47.670611859999994,-292.9706118599996,-0.0029297061185999964,0.02500277702842091,RANGE_BOUND,15767.576171779712,15491.414384335367,16035.013499176506,3
2022-07-01,2022-07-07,SHORT_PUT,152.7,47.493474465999995,105.206525534,0.00105206525534,0.02500277702842091,RANGE_BOUND,15767.576171779712,15491.414384335367,16035.013499176506,2
2022-07-01,2022-07-07,SHORT_STRADDLE,-92.59999999999965,95.16408632599999,-187.76408632599964,-0.0018776408632599963,0.02500277702842091,RANGE_BOUND,15767.576171779712,15491.414384335367,16035.013499176506,1
2022-07-08,2022-07-14,LONG_CALL,-114.35,47.250791983,-161.600791983,-0.00161600791983,-0.01803675763626955,BULLISH,16348.907405430036,16064.49016984967,16624.339376134987,3
2022-07-08,2022-07-14,SHORT_PUT,-167.40000000000072,47.62940682999999,-215.0294068300007,-0.0021502940683000072,-0.01803675763626955,BULLISH,16348.907405430036,16064.49016984967,16624.339376134987,2
2022-07-08,2022-07-14,LONG_SYNTHETIC_FUTURE,-281.7500000000007,94.88019881299999,-376.6301988130007,-0.0037663019881300067,-0.01803675763626955,BULLISH,16348.907405430036,16064.49016984967,16624.339376134987,1
2022-07-15,2022-07-21,LONG_CALL,421.95,48.302601169,373.647398831,0.00373647398831,0.03293441123205332,BULLISH,16162.768334802226,15881.1014544879,16435.536839035045,3
2022-07-15,2022-07-21,SHORT_PUT,117.15,47.425425367,69.724574633,0.0006972457463300001,0.03293441123205332,BULLISH,16162.768334802226,15881.1014544879,16435.536839035045,2
2022-07-15,2022-07-21,LONG_SYNTHETIC_FUTURE,539.1,95.72802653600002,443.371973464,0.00443371973464,0.03293441123205332,BULLISH,16162.768334802226,15881.1014544879,16435.536839035045,1
2022-07-22,2022-07-28,SHORT_CALL,-86.25000000000145,47.563528369,-133.81352836900146,-0.0013381352836900147,0.012022651979955334,RANGE_BOUND,16792.89143205504,16499.755096988833,17076.767049816954,3
2022-07-22,2022-07-28,SHORT_PUT,115.4,47.422075552,67.97792444800001,0.0006797792444800001,0.012022651979955334,RANGE_BOUND,16792.89143205504,16499.755096988833,17076.767049816954,2
2022-07-22,2022-07-28,SHORT_STRADDLE,29.149999999998556,94.985603921,-65.83560392100145,-0.0006583560392100145,0.012022651979955334,RANGE_BOUND,16792.89143205504,16499.755096988833,17076.767049816954,1
2022-07-29,2022-08-04,SHORT_CALL,-78.24999999999855,47.494412521,-125.74441252099855,-0.0012574441252099855,0.010812790484744372,RANGE_BOUND,17287.5229233319,16985.98564651139,17579.534081608588,3
2022-07-29,2022-08-04,SHORT_PUT,135.9,47.461316242,88.438683758,0.00088438683758,0.010812790484744372,RANGE_BOUND,17287.5229233319,16985.98564651139,17579.534081608588,2
2022-07-29,2022-08-04,SHORT_STRADDLE,57.650000000001455,94.95572876300001,-37.305728762998555,-0.0003730572876299856,0.010812790484744372,RANGE_BOUND,17287.5229233319,16985.98564651139,17579.534081608588,1
2022-08-05,2022-08-11,SHORT_CALL,-146.35000000000073,47.593053618999996,-193.94305361900072,-0.0019394305361900071,0.015433950672220753,RANGE_BOUND,17468.998389275694,17163.704572407303,17764.64741157391,3
2022-08-05,2022-08-11,SHORT_PUT,141.25,47.471557105,93.778442895,0.00093778442895,0.015433950672220753,RANGE_BOUND,17468.998389275694,17163.704572407303,17764.64741157391,2
2022-08-05,2022-08-11,SHORT_STRADDLE,-5.100000000000733,95.06461072399999,-100.16461072400072,-0.0010016461072400072,0.015433950672220753,RANGE_BOUND,17468.998389275694,17163.704572407303,17764.64741157391,1
2022-08-12,2022-08-18,SHORT_CALL,-175.09999999999854,47.527172488,-222.62717248799854,-0.002226271724879985,0.015090568817905492,RANGE_BOUND,17746.16356442357,17435.66528306514,18046.85263258269,3
2022-08-12,2022-08-18,SHORT_PUT,109.75,47.41126043499999,62.33873956500001,0.0006233873956500002,0.015090568817905492,RANGE_BOUND,17746.16356442357,17435.66528306514,18046.85263258269,2
2022-08-12,2022-08-18,SHORT_STRADDLE,-65.34999999999854,94.938432923,-160.28843292299854,-0.0016028843292299855,0.015090568817905492,RANGE_BOUND,17746.16356442357,17435.66528306514,18046.85263258269,1
2022-08-19,2022-08-25,SHORT_CALL,138.1,47.465527437999995,90.634472562,0.00090634472562,-0.01283819927362817,RANGE_BOUND,17799.679131647725,17488.366611907477,18101.156714896904,3
2022-08-19,2022-08-25,SHORT_PUT,-96.05,47.532623851000004,-143.582623851,-0.00143582623851,-0.01283819927362817,RANGE_BOUND,17799.679131647725,17488.366611907477,18101.156714896904,2
2022-08-19,2022-08-25,SHORT_STRADDLE,42.05,94.998151289,-52.94815128900001,-0.00052948151289,-0.01283819927362817,RANGE_BOUND,17799.679131647725,17488.366611907477,18101.156714896904,1
2022-08-26,2022-09-01,LONG_CALL,-107.4,47.247704932,-154.647704932,-0.00154647704932,-0.003475182326701076,BULLISH,17794.79772998336,17485.33893917481,18094.48014701566,3
2022-08-26,2022-09-01,SHORT_PUT,112.85000000000144,47.553035929,65.29696407100144,0.0006529696407100144,-0.003475182326701076,BULLISH,17794.79772998336,17485.33893917481,18094.48014701566,2
2022-08-26,2022-09-01,LONG_SYNTHETIC_FUTURE,5.450000000001438,94.800740861,-89.35074086099856,-0.0008935074086099856,-0.003475182326701076,BULLISH,17794.79772998336,17485.33893917481,18094.48014701566,1
2022-09-02,2022-09-08,LONG_CALL,123.09999999999854,47.791158328,75.30884167199855,0.0007530884167199855,0.01489516163470972,BULLISH,17673.078246924615,17365.214627111665,17971.215887354218,3
2022-09-02,2022-09-08,SHORT_PUT,160.7,47.508787905999995,113.191212094,0.0011319121209399999,0.01489516163470972,BULLISH,17673.078246924615,17365.214627111665,17971.215887354218,2
2022-09-02,2022-09-08,LONG_SYNTHETIC_FUTURE,283.79999999999853,95.299946234,188.50005376599853,0.0018850005376599853,0.01489516163470972,BULLISH,17673.078246924615,17365.214627111665,17971.215887354218,1
2022-09-09,2022-09-15,LONG_CALL,-93.45000000000073,47.33890888899999,-140.7889088890007,-0.0014078890888900072,0.0014188604899125767,BULLISH,17962.82871077914,17649.64142688527,18266.12183092567,3
2022-09-09,2022-09-15,SHORT_PUT,134.85,47.459306352999995,87.390693647,0.0008739069364700001,0.0014188604899125767,BULLISH,17962.82871077914,17649.64142688527,18266.12183092567,2
2022-09-09,2022-09-15,LONG_SYNTHETIC_FUTURE,41.39999999999927,94.798215242,-53.39821524200073,-0.0005339821524200073,0.0014188604899125767,BULLISH,17962.82871077914,17649.64142688527,18266.12183092567,1
2022-09-16,2022-09-22,LONG_CALL,-70.40000000000146,47.460267028000004,-117.86026702800146,-0.0011786026702800146,0.004636758766149551,BULLISH,17657.415978900866,17349.492759292476,17955.61133625848,3
2022-09-16,2022-09-22,SHORT_PUT,164.75,47.516540334999995,117.233459665,0.00117233459665,0.004636758766149551,BULLISH,17657.415978900866,17349.492759292476,17955.61133625848,2
2022-09-16,2022-09-22,LONG_SYNTHETIC_FUTURE,94.34999999999854,94.97680736299999,-0.626807363001447,-6.26807363001447e-06,0.004636758766149551,BULLISH,17657.415978900866,17349.492759292476,17955.61133625848,1
2022-09-23,2022-09-29,LONG_CALL,-174.25,47.277398365,-221.527398365,-0.0022152739836500002,-0.030102360138095308,BULLISH,17492.47606930043,17188.58985936552,17786.761953563513,3
2022-09-23,2022-09-29,SHORT_PUT,-348.85,47.79749844700001,-396.64749844700003,-0.0039664749844700005,-0.030102360138095308,BULLISH,17492.47606930043,17188.58985936552,17786.761953563513,2
2022-09-23,2022-09-29,LONG_SYNTHETIC_FUTURE,-523.1,95.07489681199999,-618.174896812,-0.006181748968120001,-0.030102360138095308,BULLISH,17492.47606930043,17188.58985936552,17786.761953563513,1
2022-09-30,2022-10-06,SHORT_CALL,-81.15000000000072,47.577535735,-128.7275357350007,-0.001287275357350007,0.012994644277094292,RANGE_BOUND,17113.886263268185,16814.07825698302,17404.222781854143,3
2022-09-30,2022-10-06,SHORT_PUT,158.95,47.505438090999995,111.44456190899999,0.00111444561909,0.012994644277094292,RANGE_BOUND,17113.886263268185,16814.07825698302,17404.222781854143,2
2022-09-30,2022-10-06,SHORT_STRADDLE,77.79999999999927,95.08297382599999,-17.282973826000713,-0.00017282973826000713,0.012994644277094292,RANGE_BOUND,17113.886263268185,16814.07825698302,17404.222781854143,1
2022-10-07,2022-10-13,SHORT_CALL,121.95,47.434613431,74.515386569,0.00074515386569,-0.01835090037711673,RANGE_BOUND,17380.326001431233,17076.562496957526,17674.49305672488,3
2022-10-07,2022-10-13,SHORT_PUT,-182.95000000000147,47.650817743000005,-230.60081774300147,-0.0023060081774300147,-0.01835090037711673,RANGE_BOUND,17380.326001431233,17076.562496957526,17674.49305672488,2
2022-10-07,2022-10-13,SHORT_STRADDLE,-61.000000000001464,95.08543117399999,-156.08543117400146,-0.0015608543117400146,-0.01835090037711673,RANGE_BOUND,17380.326001431233,17076.562496957526,17674.49305672488,1
2022-10-14,2022-10-20,SHORT_CALL,-203.40000000000072,47.615328219999995,-251.0153282200007,-0.002510153282200007,0.02007501962722813,RANGE_BOUND,17262.143695500326,16960.71773006248,17554.04705892617,3
2022-10-14,2022-10-20,SHORT_PUT,147.25,47.483042185,99.766957815,0.00099766957815,0.02007501962722813,RANGE_BOUND,17262.143695500326,16960.71773006248,17554.04705892617,2
2022-10-14,2022-10-20,SHORT_STRADDLE,-56.150000000000716,95.098370405,-151.2483704050007,-0.0015124837040500071,0.02007501962722813,RANGE_BOUND,17262.143695500326,16960.71773006248,17554.04705892617,1
2022-10-21,2022-10-27,SHORT_CALL,-53.000000000000725,47.50465805200001,-100.50465805200074,-0.0010050465805200074,0.008952742613631548,RANGE_BOUND,17614.097538116494,17306.204118405825,17912.2640370101,3
2022-10-21,2022-10-27,SHORT_PUT,106.65,47.405326476999996,59.24467352300001,0.0005924467352300001,0.008952742613631548,RANGE_BOUND,17614.097538116494,17306.204118405825,17912.2640370101,2
2022-10-21,2022-10-27,SHORT_STRADDLE,53.64999999999928,94.90998452899998,-41.259984529000704,-0.00041259984529000703,0.008952742613631548,RANGE_BOUND,17614.097538116494,17306.204118405825,17912.2640370101,1
2022-10-28,2022-11-03,LONG_CALL,172.09999999999928,47.75630461,124.34369538999928,0.0012434369538999927,0.01618602146919268,BULLISH,17919.399939371444,17606.848094473073,18222.077695211952,3
2022-10-28,2022-11-03,SHORT_PUT,158.65,47.504863837,111.145136163,0.00111145136163,0.01618602146919268,BULLISH,17919.399939371444,17606.848094473073,18222.077695211952,2
2022-10-28,2022-11-03,LONG_SYNTHETIC_FUTURE,330.7499999999993,95.261168447,235.48883155299933,0.0023548883155299935,0.01618602146919268,BULLISH,17919.399939371444,17606.848094473073,18222.077695211952,1
2022-11-04,2022-11-10,LONG_CALL,-88.2,47.239176676,-135.439176676,-0.0013543917667599998,-0.005570517753105353,BULLISH,18316.582505617658,17997.653482607206,18625.43597275556,3
2022-11-04,2022-11-10,SHORT_PUT,40.150000000001455,47.53120345300001,-7.381203452998555,-7.381203452998555e-05,-0.005570517753105353,BULLISH,18316.582505617658,17997.653482607206,18625.43597275556,2
2022-11-04,2022-11-10,LONG_SYNTHETIC_FUTURE,-48.04999999999855,94.77038012899999,-142.82038012899852,-0.0014282038012899852,-0.005570517753105353,BULLISH,18316.582505617658,17997.653482607206,18625.43597275556,1
2022-11-11,2022-11-17,SHORT_CALL,94.35,47.381782062999996,46.968217937,0.00046968217937,-0.0024750325662179495,RANGE_BOUND,18447.560864270825,18124.600090392374,18760.318711833137,3
2022-11-11,2022-11-17,SHORT_PUT,97.35000000000146,47.438465179000005,49.91153482100145,0.0004991153482100145,-0.0024750325662179495,RANGE_BOUND,18447.560864270825,18124.600090392374,18760.318711833137,2
2022-11-11,2022-11-17,SHORT_STRADDLE,191.70000000000147,94.820247242,96.87975275800147,0.0009687975275800147,-0.0024750325662179495,RANGE_BOUND,18447.560864270825,18124.600090392374,18760.318711833137,1
2022-11-18,2022-11-24,SHORT_CALL,-5.65000000000073,47.45025533500001,-53.10025533500074,-0.0005310025533500073,0.005682096764527911,RANGE_BOUND,18381.66209269699,18059.8950676625,18693.263904142335,3
2022-11-18,2022-11-24,SHORT_PUT,99.45,47.391544380999996,52.05845561900001,0.00052058455619,0.005682096764527911,RANGE_BOUND,18381.66209269699,18059.8950676625,18693.263904142335,2
2022-11-18,2022-11-24,SHORT_STRADDLE,93.79999999999927,94.84179971600001,-1.0417997160007388,-1.0417997160007388e-05,0.005682096764527911,RANGE_BOUND,18381.66209269699,18059.8950676625,18693.263904142335,1
2022-11-25,2022-12-01,SHORT_CALL,-256.69999999999925,47.413307962,-304.1133079619992,-0.003041133079619992,0.016207142512375317,RANGE_BOUND,18715.021291153753,18388.16724828494,19031.54941216068,3
2022-11-25,2022-12-01,SHORT_PUT,159.5,47.50649089,111.99350910999999,0.0011199350911,0.016207142512375317,RANGE_BOUND,18715.021291153753,18388.16724828494,19031.54941216068,2
2022-11-25,2022-12-01,SHORT_STRADDLE,-97.19999999999925,94.919798852,-192.11979885199924,-0.0019211979885199923,0.016207142512375317,RANGE_BOUND,18715.021291153753,18388.16724828494,19031.54941216068,1
2022-12-02,2022-12-08,LONG_CALL,-70.3,47.231225853999995,-117.53122585399998,-0.00117531225854,-0.004911614852850743,BULLISH,18920.867549744624,18591.09574630199,19240.22125388913,3
2022-12-02,2022-12-08,SHORT_PUT,66.40000000000146,47.516595778,18.883404222001452,0.00018883404222001451,-0.004911614852850743,BULLISH,18920.867549744624,18591.09574630199,19240.22125388913,2
2022-12-02,2022-12-08,LONG_SYNTHETIC_FUTURE,-3.899999999998542,94.74782163199998,-98.64782163199853,-0.0009864782163199852,-0.004911614852850743,BULLISH,18920.867549744624,18591.09574630199,19240.22125388913,1
2022-12-09,2022-12-15,LONG_CALL,-61.65,47.22738369699999,-108.877383697,-0.00108877383697,-0.006277023082117972,BULLISH,18802.55733217525,18476.797997313857,19118.02532901911,3
2022-12-09,2022-12-15,SHORT_PUT,9.400000000000006,47.532834351999995,-38.13283435199999,-0.0003813283435199999,-0.006277023082117972,BULLISH,18802.55733217525,18476.797997313857,19118.02532901911,2
2022-12-09,2022-12-15,LONG_SYNTHETIC_FUTURE,-52.24999999999999,94.76021804899999,-147.01021804899997,-0.0014701021804899997,-0.006277023082117972,BULLISH,18802.55733217525,18476.797997313857,19118.02532901911,1
2022-12-16,2022-12-22,LONG_CALL,-77.5,47.23442395,-124.73442395000001,-0.0012473442395,-0.008636751752038596,BULLISH,18439.17876088775,18117.889410684358,18750.31798813064,3
2022-12-16,2022-12-22,SHORT_PUT,-43.850000000001444,47.54092176099999,-91.39092176100144,-0.0009139092176100144,-0.008636751752038596,BULLISH,18439.17876088775,18117.889410684358,18750.31798813064,2
2022-12-16,2022-12-22,LONG_SYNTHETIC_FUTURE,-121.35000000000144,94.775345711,-216.12534571100144,-0.0021612534571100145,-0.008636751752038596,BULLISH,18439.17876088775,18117.889410684358,18750.31798813064,1
2022-12-23,2022-12-29,LONG_PUT,-125.2,47.255611336,-172.455611336,-0.0017245561133600001,0.017809660824343876,BEARISH,17708.53540161504,17395.39281756775,18011.78523406556,2
2022-12-23,2022-12-29,SHORT_CALL,-197.24999999999926,47.606700613,-244.85670061299925,-0.0024485670061299924,0.017809660824343876,BEARISH,17708.53540161504,17395.39281756775,18011.78523406556,3
2022-12-23,2022-12-29,SHORT_SYNTHETIC_FUTURE,-322.44999999999925,94.862311949,-417.31231194899925,-0.0041731231194899925,0.017809660824343876,BEARISH,17708.53540161504,17395.39281756775,18011.78523406556,1
2022-12-30,2023-01-05,SHORT_CALL,81.0,47.356227759999996,33.643772240000004,0.00033643772240000004,-0.007736099325253876,RANGE_BOUND,18293.385862528467,17974.231587349954,18602.457465703123,3
2022-12-30,2023-01-05,SHORT_PUT,13.349999999999994,47.542753723,-34.192753723,-0.00034192753723,-0.007736099325253876,RANGE_BOUND,18293.385862528467,17974.231587349954,18602.457465703123,2
2022-12-30,2023-01-05,SHORT_STRADDLE,94.35,94.898981483,-0.5489814830000057,-5.489814830000057e-06,-0.007736099325253876,RANGE_BOUND,18293.385862528467,17974.231587349954,18602.457465703123,1
2023-01-06,2023-01-12,LONG_CALL,-80.8,47.235889744,-128.035889744,-0.00128035889744,-0.0013682063400062283,BULLISH,18065.243460715894,17700.092722528836,18399.02095406123,3
2023-01-06,2023-01-12,SHORT_PUT,112.65000000000146,47.490746142999996,65.15925385700146,0.0006515925385700146,-0.0013682063400062283,BULLISH,18065.243460715894,17700.092722528836,18399.02095406123,2
2023-01-06,2023-01-12,LONG_SYNTHETIC_FUTURE,31.850000000001458,94.72663588699999,-62.87663588699853,-0.0006287663588699853,-0.0013682063400062283,BULLISH,18065.243460715894,17700.092722528836,18399.02095406123,1
2023-01-13,2023-01-19,SHORT_PUT,142.75,47.474428374999995,95.275571625,0.00095275571625,0.004876492697743595,RANGE_BOUND,18000.95325002578,17634.132764075322,18336.257028723172,3
2023-01-13,2023-01-19,SHORT_STRADDLE,154.74999999999855,94.84750814899999,59.90249185099856,0.0005990249185099856,0.004876492697743595,RANGE_BOUND,18000.95325002578,17634.132764075322,18336.257028723172,1
2023-01-13,2023-01-19,SHORT_STRANGLE,132.7,94.656370046,38.04362995399998,0.00038043629953999985,0.004876492697743595,RANGE_BOUND,18000.95325002578,17634.132764075322,18336.257028723172,2
2023-01-20,2023-01-25,SHORT_PUT,-71.6,47.444999032,-119.04499903199999,-0.00119044999032,-0.009265720710242675,RANGE_BOUND,18008.57322332441,17641.13103360586,18344.445289864645,3
2023-01-20,2023-01-25,SHORT_STRADDLE,22.650000000000006,94.826589677,-72.176589677,-0.0007217658967699999,-0.009265720710242675,RANGE_BOUND,18008.57322332441,17641.13103360586,18344.445289864645,1
2023-01-20,2023-01-25,SHORT_STRANGLE,40.6,94.625113208,-54.025113208,-0.00054025113208,-0.009265720710242675,RANGE_BOUND,18008.57322332441,17641.13103360586,18344.445289864645,2
2023-01-27,2023-02-02,SHORT_PUT,204.15,47.626744837000004,156.523255163,0.0015652325516299999,-0.00010742262037699568,RANGE_BOUND,17717.81863124263,17357.8786049973,18046.833109787316,3
2023-01-27,2023-02-02,SHORT_STRADDLE,346.6,95.100598958,251.49940104200002,0.0025149940104200004,-0.00010742262037699568,RANGE_BOUND,17717.81863124263,17357.8786049973,18046.833109787316,1
2023-01-27,2023-02-02,SHORT_STRANGLE,271.6,94.92224964799999,176.67775035200003,0.0017667775035200004,-0.00010742262037699568,RANGE_BOUND,17717.81863124263,17357.8786049973,18046.833109787316,2
2023-02-03,2023-02-09,SHORT_PUT,139.4,47.468015872,91.93198412800001,0.0009193198412800001,0.0024410475836700307,RANGE_BOUND,17942.119692364467,17577.804336818328,18275.133577986442,3
2023-02-03,2023-02-09,SHORT_STRADDLE,190.30000000000146,94.87475762000001,95.42524238000145,0.0009542524238000144,0.0024410475836700307,RANGE_BOUND,17942.119692364467,17577.804336818328,18275.133577986442,1
2023-02-03,2023-02-09,SHORT_STRANGLE,150.55,94.69053815899998,55.85946184100003,0.0005585946184100002,0.0024410475836700307,RANGE_BOUND,17942.119692364467,17577.804336818328,18275.133577986442,2
2023-02-10,2023-02-16,SHORT_PUT,112.65,47.416811557,65.233188443,0.0006523318844300001,0.010390387702703396,RANGE_BOUND,17937.46358351088,17573.658004704204,18270.011491703615,3
2023-02-10,2023-02-16,SHORT_STRADDLE,24.55000000000146,94.83341040500001,-70.28341040499855,-0.0007028341040499855,0.010390387702703396,RANGE_BOUND,17937.46358351088,17573.658004704204,18270.011491703615,1
2023-02-10,2023-02-16,SHORT_STRANGLE,42.25000000000146,94.63145539099999,-52.38145539099853,-0.0005238145539099853,0.010390387702703396,RANGE_BOUND,17937.46358351088,17573.658004704204,18270.011491703615,2
2023-02-17,2023-02-23,SHORT_PUT,-341.75000000000074,47.579851927,-389.32985192700073,-0.0038932985192700075,-0.024452676731101408,RANGE_BOUND,17909.755867773372,17544.446396709354,18243.678455887097,3
2023-02-17,2023-02-23,SHORT_STRADDLE,-245.60000000000073,94.96507951400001,-340.56507951400073,-0.0034056507951400073,-0.024452676731101408,RANGE_BOUND,17909.755867773372,17544.446396709354,18243.678455887097,1
2023-02-17,2023-02-23,SHORT_STRANGLE,-227.25000000000074,94.76436871700002,-322.01436871700076,-0.0032201436871700075,-0.024452676731101408,RANGE_BOUND,17909.755867773372,17544.446396709354,18243.678455887097,2
2023-02-24,2023-03-02,LONG_PUT,11.99999999999855,47.548659676,-35.54865967600145,-0.00035548659676001447,-0.009103463986217974,BEARISH,17441.240490536275,17083.9032764657,17767.875786917302,3
2023-02-24,2023-03-02,SHORT_CALL,71.45,47.337947340999996,24.112052659000007,0.00024112052659000006,-0.009103463986217974,BEARISH,17441.240490536275,17083.9032764657,17767.875786917302,2
2023-02-24,2023-03-02,SHORT_SYNTHETIC_FUTURE,83.44999999999855,94.886607017,-11.43660701700145,-0.0001143660701700145,-0.009103463986217974,BEARISH,17441.240490536275,17083.9032764657,17767.875786917302,1
2023-03-03,2023-03-09,SHORT_PUT,95.84999999999854,47.396209297000006,48.45379070299854,0.0004845379070299854,-0.0014967560853462736,RANGE_BOUND,17726.50478422962,17366.882223738205,18055.22907323753,3
2023-03-03,2023-03-09,SHORT_STRADDLE,154.39999999999856,94.70946371599999,59.69053628399857,0.0005969053628399857,-0.0014967560853462736,RANGE_BOUND,17726.50478422962,17366.882223738205,18055.22907323753,1
2023-03-03,2023-03-09,SHORT_STRANGLE,81.4,94.55817261199998,-13.158172611999973,-0.00013158172611999974,-0.0014967560853462736,RANGE_BOUND,17726.50478422962,17366.882223738205,18055.22907323753,2
2023-03-10,2023-03-16,LONG_CALL,-84.4,47.23748879199999,-131.637488792,-0.00131637488792,-0.02322010250651052,BULLISH,17568.497897612862,17213.332067897616,17893.148371969954,3
2023-03-10,2023-03-16,SHORT_PUT,-286.55000000000075,47.602382473000006,-334.1523824730008,-0.0033415238247300077,-0.02322010250651052,BULLISH,17568.497897612862,17213.332067897616,17893.148371969954,2
2023-03-10,2023-03-16,LONG_SYNTHETIC_FUTURE,-370.9500000000007,94.839871265,-465.7898712650007,-0.004657898712650007,-0.02322010250651052,BULLISH,17568.497897612862,17213.332067897616,17893.148371969954,1
2023-03-17,2023-03-23,SHORT_PUT,35.44999999999999,47.53435236100001,-12.084352361000022,-0.00012084352361000022,-0.005277052534760851,RANGE_BOUND,17103.96082137552,16754.379132870235,17423.506936188387,3
2023-03-17,2023-03-23,SHORT_STRADDLE,119.39999999999999,94.896226952,24.503773047999985,0.00024503773047999987,-0.005277052534760851,RANGE_BOUND,17103.96082137552,16754.379132870235,17423.506936188387,1
2023-03-17,2023-03-23,SHORT_STRANGLE,135.15,94.69053928700001,40.459460713,0.00040459460713,-0.005277052534760851,RANGE_BOUND,17103.96082137552,16754.379132870235,17423.506936188387,2
2023-03-24,2023-03-29,SHORT_PUT,106.35,47.404752223,58.94524777699999,0.00058945247777,0.0064317120857797505,RANGE_BOUND,16959.97492034285,16614.933399125985,17275.370952742025,3
2023-03-24,2023-03-29,SHORT_STRADDLE,105.85000000000144,94.87406318899998,10.97593681100146,0.0001097593681100146,0.0064317120857797505,RANGE_BOUND,16959.97492034285,16614.933399125985,17275.370952742025,1
2023-03-24,2023-03-29,SHORT_STRANGLE,123.70000000000147,94.672395302,29.02760469800147,0.00029027604698001467,0.0064317120857797505,RANGE_BOUND,16959.97492034285,16614.933399125985,17275.370952742025,2
2023-03-31,2023-04-06,SHORT_PUT,147.45,47.483425020999995,99.966574979,0.0009996657497900001,0.011555010276534716,RANGE_BOUND,17454.63202408766,17099.66766302394,17779.098339700264,3
2023-03-31,2023-04-06,SHORT_STRADDLE,10.099999999999255,94.87968509,-84.77968509000074,-0.0008477968509000074,0.011555010276534716,RANGE_BOUND,17454.63202408766,17099.66766302394,17779.098339700264,1
2023-03-31,2023-04-06,SHORT_STRANGLE,26.749999999999275,94.675720187,-67.92572018700072,-0.0006792572018700072,0.011555010276534716,RANGE_BOUND,17454.63202408766,17099.66766302394,17779.098339700264,2
2023-04-10,2023-04-13,SHORT_PUT,105.85,47.403795132999996,58.446204867,0.00058446204867,0.01120662839691211,RANGE_BOUND,17732.005227940514,17372.18018127913,18060.914605787584,3
2023-04-10,2023-04-13,SHORT_STRADDLE,-35.60000000000147,94.75789292600001,-130.35789292600148,-0.0013035789292600148,0.01120662839691211,RANGE_BOUND,17732.005227940514,17372.18018127913,18060.914605787584,1
2023-04-10,2023-04-13,SHORT_STRANGLE,-11.300000000001454,94.56857149999999,-105.86857150000145,-0.0010586857150000145,0.01120662839691211,RANGE_BOUND,17732.005227940514,17372.18018127913,18060.914605787584,2
2023-04-17,2023-04-20,SHORT_PUT,-10.200000000000728,47.40381205599999,-57.60381205600072,-0.0005760381205600073,-0.005872714680660529,RANGE_BOUND,17811.137083188205,17449.712497535926,18141.50856985516,3
2023-04-17,2023-04-20,SHORT_STRADDLE,45.84999999999927,94.712281025,-48.862281025000726,-0.0004886228102500073,-0.005872714680660529,RANGE_BOUND,17811.137083188205,17449.712497535926,18141.50856985516,1
2023-04-17,2023-04-20,SHORT_STRANGLE,64.6,94.52601438799998,-29.926014387999984,-0.00029926014387999985,-0.005872714680660529,RANGE_BOUND,17811.137083188205,17449.712497535926,18141.50856985516,2
2023-04-21,2023-04-27,SHORT_PUT,74.5,47.343785589999996,27.156214410000004,0.00027156214410000004,0.01420375708630428,RANGE_BOUND,17692.26091530523,17332.9283475698,18020.72012733244,3
2023-04-21,2023-04-27,SHORT_STRADDLE,-103.09999999999854,94.81369911799999,-197.91369911799853,-0.001979136991179985,0.01420375708630428,RANGE_BOUND,17692.26091530523,17332.9283475698,18020.72012733244,1
2023-04-21,2023-04-27,SHORT_STRANGLE,-82.74999999999854,94.616816681,-177.36681668099854,-0.0017736681668099855,0.01420375708630428,RANGE_BOUND,17692.26091530523,17332.9283475698,18020.72012733244,2
2023-04-28,2023-05-04,LONG_CALL,144.45000000000147,47.593713793,96.85628620700146,0.0009685628620700146,0.010131880084920164,BULLISH,18211.244111848446,17842.675529214546,18548.145793187414,3
2023-04-28,2023-05-04,SHORT_PUT,86.45,47.366660041,39.083339959,0.00039083339959,0.010131880084920164,BULLISH,18211.244111848446,17842.675529214546,18548.145793187414,2
2023-04-28,2023-05-04,LONG_SYNTHETIC_FUTURE,230.90000000000146,94.96037383400001,135.93962616600146,0.0013593962616600145,0.010131880084920164,BULLISH,18211.244111848446,17842.675529214546,18548.145793187414,1
2023-05-05,2023-05-11,SHORT_PUT,116.5,47.42418115,69.07581884999999,0.0006907581884999999,0.01233886936904649,RANGE_BOUND,18185.037922380034,17816.091840404137,18522.284668841254,3
2023-05-05,2023-05-11,SHORT_STRADDLE,-24.200000000001467,94.835725628,-119.03572562800147,-0.0011903572562800147,0.01233886936904649,RANGE_BOUND,18185.037922380034,17816.091840404137,18522.284668841254,1
2023-05-05,2023-05-11,SHORT_STRANGLE,-3.7000000000014523,94.639130318,-98.33913031800145,-0.0009833913031800144,0.01233886936904649,RANGE_BOUND,18185.037922380034,17816.091840404137,18522.284668841254,2
2023-05-12,2023-05-18,SHORT_PUT,-70.44999999999928,47.47797693700001,-117.92797693699929,-0.001179279769369993,-0.008615423216642881,RANGE_BOUND,18351.785915615827,17978.694463507025,18692.82186775911,3
2023-05-12,2023-05-18,SHORT_STRADDLE,1.4000000000007162,94.81668995,-93.41668994999928,-0.0009341668994999928,-0.008615423216642881,RANGE_BOUND,18351.785915615827,17978.694463507025,18692.82186775911,1
2023-05-12,2023-05-18,SHORT_STRANGLE,20.500000000000725,94.61741478799999,-74.11741478799927,-0.0007411741478799927,-0.008615423216642881,RANGE_BOUND,18351.785915615827,17978.694463507025,18692.82186775911,2
2023-05-19,2023-05-25,SHORT_PUT,95.0,47.383026279999996,47.616973720000004,0.0004761697372,0.005314012312486849,RANGE_BOUND,18280.229276776936,17909.33566450296,18619.256224434885,3
2023-05-19,2023-05-25,SHORT_STRADDLE,91.6,94.74808875800001,-3.1480887580000143,-3.148088758000014e-05,0.005314012312486849,RANGE_BOUND,18280.229276776936,17909.33566450296,18619.256224434885,1
2023-05-19,2023-05-25,SHORT_STRANGLE,84.1,94.563340898,-10.463340898000013,-0.00010463340898000012,0.005314012312486849,RANGE_BOUND,18280.229276776936,17909.33566450296,18619.256224434885,2
2023-05-26,2023-06-01,LONG_CALL,-45.849999999999994,47.266353673,-93.11635367299999,-0.0009311635367299999,-0.00017767440357929765,BULLISH,18687.614198714506,18309.64069312076,19033.112745080314,3
2023-05-26,2023-06-01,SHORT_PUT,110.7,47.413078906,63.286921094,0.00063286921094,-0.00017767440357929765,BULLISH,18687.614198714506,18309.64069312076,19033.112745080314,2
2023-05-26,2023-06-01,LONG_SYNTHETIC_FUTURE,64.85000000000001,94.679432579,-29.829432578999985,-0.00029829432578999985,-0.00017767440357929765,BULLISH,18687.614198714506,18309.64069312076,19033.112745080314,1
2023-06-02,2023-06-08,SHORT_PUT,124.8,47.440068843999995,77.359931156,0.00077359931156,0.003970819840147577,RANGE_BOUND,18685.048178425244,18305.79972222361,19031.712133411478,3
2023-06-02,2023-06-08,SHORT_STRADDLE,113.19999999999928,94.76042721799999,18.43957278199929,0.0001843957278199929,0.003970819840147577,RANGE_BOUND,18685.048178425244,18305.79972222361,19031.712133411478,1
2023-06-02,2023-06-08,SHORT_STRANGLE,92.55,94.579515719,-2.0295157190000026,-2.0295157190000025e-05,0.003970819840147577,RANGE_BOUND,18685.048178425244,18305.79972222361,19031.712133411478,2
2023-06-09,2023-06-15,SHORT_PUT,113.2,47.41786435599999,65.78213564400002,0.0006578213564400002,0.0061132863342019395,RANGE_BOUND,18623.91942046304,18244.760505884307,18970.50152711839,3
2023-06-09,2023-06-15,SHORT_STRADDLE,75.79999999999927,94.772558666,-18.972558666000722,-0.0001897255866600072,0.0061132863342019395,RANGE_BOUND,18623.91942046304,18244.760505884307,18970.50152711839,1
2023-06-09,2023-06-15,SHORT_STRANGLE,90.69999999999999,94.57597448599999,-3.875974486000004,-3.875974486000004e-05,0.0061132863342019395,RANGE_BOUND,18623.91942046304,18244.760505884307,18970.50152711839,2
2023-06-16,2023-06-22,SHORT_PUT,26.499999999999275,47.41687223200001,-20.916872232000735,-0.00020916872232000736,-0.0036562490905677203,RANGE_BOUND,18943.48483031879,18558.88015703822,19295.044803643366,3
2023-06-16,2023-06-22,SHORT_STRADDLE,85.19999999999928,94.730413778,-9.530413778000721,-9.53041377800072e-05,-0.0036562490905677203,RANGE_BOUND,18943.48483031879,18558.88015703822,19295.044803643366,1
2023-06-16,2023-06-22,SHORT_STRANGLE,77.85,94.551377273,-16.701377273000006,-0.00016701377273000006,-0.0036562490905677203,RANGE_BOUND,18943.48483031879,18558.88015703822,19295.044803643366,2
2023-06-30,2023-07-06,SHORT_PUT,117.35,47.425808203,69.92419179699999,0.0006992419179699999,0.014269582711402329,RANGE_BOUND,19329.960813508085,18937.9872716702,19688.256532426552,3
2023-06-30,2023-07-06,SHORT_STRADDLE,-118.39999999999856,94.850446244,-213.25044624399857,-0.0021325044624399855,0.014269582711402329,RANGE_BOUND,19329.960813508085,18937.9872716702,19688.256532426552,1
2023-06-30,2023-07-06,SHORT_STRANGLE,-97.89999999999856,94.65385093399999,-192.55385093399855,-0.0019255385093399854,0.014269582711402329,RANGE_BOUND,19329.960813508085,18937.9872716702,19688.256532426552,2
2023-07-07,2023-07-13,SHORT_PUT,115.35,47.421979842999995,67.92802015699999,0.0006792802015699999,0.003933293811377192,RANGE_BOUND,19474.898341191616,19080.13171123031,19835.74716997687,3
2023-07-07,2023-07-13,SHORT_STRADDLE,109.35000000000072,94.78807927099999,14.561920729000732,0.00014561920729000733,0.003933293811377192,RANGE_BOUND,19474.898341191616,19080.13171123031,19835.74716997687,1
2023-07-07,2023-07-13,SHORT_STRANGLE,103.69999999999999,94.600858826,9.099141173999982,9.099141173999983e-05,0.003933293811377192,RANGE_BOUND,19474.898341191616,19080.13171123031,19835.74716997687,2
2023-07-14,2023-07-20,SHORT_PUT,97.1,47.387046057999996,49.712953942,0.00049712953942,0.018947540289353748,RANGE_BOUND,19659.234665492106,19260.390839133517,20023.810383616594,3
2023-07-14,2023-07-20,SHORT_STRADDLE,-205.65000000000074,94.88177211499998,-300.5317721150007,-0.003005317721150007,0.018947540289353748,RANGE_BOUND,19659.234665492106,19260.390839133517,20023.810383616594,1
2023-07-14,2023-07-20,SHORT_STRANGLE,-182.6000000000007,94.69005796399999,-277.2900579640007,-0.002772900579640007,0.018947540289353748,RANGE_BOUND,19659.234665492106,19260.390839133517,20023.810383616594,2
2023-07-21,2023-07-27,SHORT_PUT,-31.849999999998545,47.501277463,-79.35127746299855,-0.0007935127746299855,-0.006548208976355663,RANGE_BOUND,19798.090025756042,19395.632991409744,20165.968510050636,3
2023-07-21,2023-07-27,SHORT_STRADDLE,65.90000000000146,94.88956773799998,-28.989567737998527,-0.00028989567737998525,-0.006548208976355663,RANGE_BOUND,19798.090025756042,19395.632991409744,20165.968510050636,1
2023-07-21,2023-07-27,SHORT_STRANGLE,84.00000000000145,94.68837839599999,-10.68837839599854,-0.0001068837839599854,-0.006548208976355663,RANGE_BOUND,19798.090025756042,19395.632991409744,20165.968510050636,2
2023-07-28,2023-08-03,SHORT_PUT,-140.19999999999854,47.59751491,-187.79751490999854,-0.0018779751490999854,-0.014360716491661374,RANGE_BOUND,19758.049338169214,19356.0929228964,20125.47021588659,3
2023-07-28,2023-08-03,SHORT_STRADDLE,-81.59999999999854,94.91086503799998,-176.51086503799854,-0.0017651086503799854,-0.014360716491661374,RANGE_BOUND,19758.049338169214,19356.0929228964,20125.47021588659,1
2023-07-28,2023-08-03,SHORT_STRANGLE,-63.849999999998545,94.70900573300001,-158.55900573299857,-0.0015855900573299858,-0.014360716491661374,RANGE_BOUND,19758.049338169214,19356.0929228964,20125.47021588659,2
2023-08-04,2023-08-10,SHORT_PUT,124.79999999999927,47.447615596,77.35238440399928,0.0007735238440399928,0.0010497413958239221,RANGE_BOUND,19656.093480498264,19257.70957247548,20020.2487958323,3
2023-08-04,2023-08-10,SHORT_STRADDLE,181.59999999999928,94.7575202,86.84247979999928,0.0008684247979999928,0.0010497413958239221,RANGE_BOUND,19656.093480498264,19257.70957247548,20020.2487958323,1
2023-08-04,2023-08-10,SHORT_STRANGLE,102.80000000000001,94.59913606399999,8.200863936000019,8.200863936000018e-05,0.0010497413958239221,RANGE_BOUND,19656.093480498264,19257.70957247548,20020.2487958323,2
2023-08-11,2023-08-17,SHORT_PUT,-9.24999999999855,47.433695011,-56.68369501099855,-0.0005668369501099855,-0.005662839315332069,RANGE_BOUND,19464.354655723302,19067.433939220184,19827.172494923117,3
2023-08-11,2023-08-17,SHORT_STRADDLE,66.55000000000145,94.77996903500001,-28.22996903499856,-0.00028229969034998563,-0.005662839315332069,RANGE_BOUND,19464.354655723302,19067.433939220184,19827.172494923117,1
2023-08-11,2023-08-17,SHORT_STRANGLE,86.65000000000146,94.582608053,-7.932608052998546,-7.932608052998546e-05,-0.005662839315332069,RANGE_BOUND,19464.354655723302,19067.433939220184,19827.172494923117,2
2023-08-18,2023-08-24,SHORT_PUT,103.4,47.399105391999996,56.00089460800001,0.0005600089460800001,0.0033158316736932036,RANGE_BOUND,19356.17114647737,18962.76799122841,19715.77364840598,3
2023-08-18,2023-08-24,SHORT_STRADDLE,128.15000000000146,94.755201743,33.394798257001455,0.0003339479825700145,0.0033158316736932036,RANGE_BOUND,19356.17114647737,18962.76799122841,19715.77364840598,1
2023-08-18,2023-08-24,SHORT_STRANGLE,93.55,94.581429899,-1.0314298990000026,-1.0314298990000027e-05,0.0033158316736932036,RANGE_BOUND,19356.17114647737,18962.76799122841,19715.77364840598,2
2023-08-25,2023-08-31,SHORT_PUT,89.75,47.372976834999996,42.377023165000004,0.00042377023165000003,8.831031204703521e-05,RANGE_BOUND,19281.274783981473,18889.5240786824,19639.3668121674,3
2023-08-25,2023-08-31,SHORT_STRADDLE,184.25,94.75976274499999,89.49023725500001,0.0008949023725500001,8.831031204703521e-05,RANGE_BOUND,19281.274783981473,18889.5240786824,19639.3668121674,1
2023-08-25,2023-08-31,SHORT_STRANGLE,104.75,94.602868715,10.147131285,0.00010147131285000001,8.831031204703521e-05,RANGE_BOUND,19281.274783981473,18889.5240786824,19639.3668121674,2
2023-09-01,2023-09-07,SHORT_PUT,114.95,47.421214171,67.528785829,0.00067528785829,0.01315081411021879,RANGE_BOUND,19560.448619946346,19163.37018808471,19923.41062381988,3
2023-09-01,2023-09-07,SHORT_STRADDLE,-97.20000000000071,94.849991396,-192.0499913960007,-0.001920499913960007,0.01315081411021879,RANGE_BOUND,19560.448619946346,19163.37018808471,19923.41062381988,1
2023-09-01,2023-09-07,SHORT_STRANGLE,-77.60000000000072,94.65167332399999,-172.2516733240007,-0.001722516733240007,0.01315081411021879,RANGE_BOUND,19560.448619946346,19163.37018808471,19923.41062381988,2
2023-09-08,2023-09-14,SHORT_PUT,97.55,47.387907438999996,50.162092561,0.00050162092561,0.015073632088645317,RANGE_BOUND,19870.379993339528,19465.96830606605,20240.045189493532,3
2023-09-08,2023-09-14,SHORT_STRADDLE,-147.64999999999998,94.87912160300002,-242.529121603,-0.00242529121603,0.015073632088645317,RANGE_BOUND,19870.379993339528,19465.96830606605,20240.045189493532,1
2023-09-08,2023-09-14,SHORT_STRANGLE,-127.9,94.681090658,-222.581090658,-0.00222581090658,0.015073632088645317,RANGE_BOUND,19870.379993339528,19465.96830606605,20240.045189493532,2
2023-09-15,2023-09-21,SHORT_PUT,-372.5999999999993,47.59945078,-420.19945077999927,-0.004201994507799993,-0.023254780341339987,RANGE_BOUND,20330.180246637185,19918.093417755343,20706.861146880496,3
2023-09-15,2023-09-21,SHORT_STRADDLE,-299.5999999999993,94.94036510000001,-394.5403650999993,-0.003945403650999993,-0.023254780341339987,RANGE_BOUND,20330.180246637185,19918.093417755343,20706.861146880496,1
2023-09-15,2023-09-21,SHORT_STRANGLE,-278.6499999999993,94.744631171,-373.3946311709993,-0.0037339463117099926,-0.023254780341339987,RANGE_BOUND,20330.180246637185,19918.093417755343,20706.861146880496,2
2023-09-22,2023-09-28,SHORT_PUT,-90.29999999999927,47.445876364,-137.7458763639993,-0.0013774587636399928,-0.009402153920312517,RANGE_BOUND,19766.8408443672,19365.770687657412,20133.45160962776,3
2023-09-22,2023-09-28,SHORT_STRADDLE,5.90000000000073,94.83119966,-88.93119965999927,-0.0008893119965999927,-0.009402153920312517,RANGE_BOUND,19766.8408443672,19365.770687657412,20133.45160962776,1
2023-09-22,2023-09-28,SHORT_STRANGLE,24.80000000000073,94.631541662,-69.83154166199927,-0.0006983154166199927,-0.009402153920312517,RANGE_BOUND,19766.8408443672,19365.770687657412,20133.45160962776,2
2023-09-29,2023-10-05,SHORT_PUT,-26.950000000000003,47.46089554899999,-74.410895549,-0.00074410895549,-0.007154092039169946,RANGE_BOUND,19729.45420113943,19328.368781653007,20096.078917820025,3
2023-09-29,2023-10-05,SHORT_STRADDLE,36.15,94.782859487,-58.632859487,-0.0005863285948699999,-0.007154092039169946,RANGE_BOUND,19729.45420113943,19328.368781653007,20096.078917820025,1
2023-09-29,2023-10-05,SHORT_STRANGLE,58.05,94.58894402899999,-36.53894402899999,-0.0003653894402899999,-0.007154092039169946,RANGE_BOUND,19729.45420113943,19328.368781653007,20096.078917820025,2
2023-10-06,2023-10-12,SHORT_PUT,104.35,47.400923862999996,56.949076137,0.00056949076137,0.00838478542571841,RANGE_BOUND,19758.16085012609,19357.696116889318,20124.218209058512,3
2023-10-06,2023-10-12,SHORT_STRADDLE,28.849999999999994,94.796007113,-65.94600711300001,-0.0006594600711300001,0.00838478542571841,RANGE_BOUND,19758.16085012609,19357.696116889318,20124.218209058512,1
2023-10-06,2023-10-12,SHORT_STRANGLE,47.75,94.59634911499998,-46.84634911499998,-0.0004684634911499998,0.00838478542571841,RANGE_BOUND,19758.16085012609,19357.696116889318,20124.218209058512,2
2023-10-13,2023-10-19,SHORT_PUT,-35.5,47.442760539999995,-82.94276054,-0.0008294276054,-0.00624555200701038,RANGE_BOUND,19719.105947672902,19317.347948496285,20086.345456929794,3
2023-10-13,2023-10-19,SHORT_STRADDLE,59.2,94.82521256599999,-35.62521256599999,-0.00035625212565999987,-0.00624555200701038,RANGE_BOUND,19719.105947672902,19317.347948496285,20086.345456929794,1
2023-10-13,2023-10-19,SHORT_STRANGLE,76.80000000000001,94.62306613399998,-17.823066133999973,-0.00017823066133999972,-0.00624555200701038,RANGE_BOUND,19719.105947672902,19317.347948496285,20086.345456929794,2
2023-10-20,2023-10-26,SHORT_PUT,-587.6499999999993,47.71136229100001,-635.3613622909993,-0.006353613622909993,-0.03436886293165908,RANGE_BOUND,19436.058566066138,19038.659615895256,19799.313549760445,3
2023-10-20,2023-10-26,SHORT_STRADDLE,-502.3499999999993,95.075821025,-597.4258210249993,-0.005974258210249993,-0.03436886293165908,RANGE_BOUND,19436.058566066138,19038.659615895256,19799.313549760445,1
2023-10-20,2023-10-26,SHORT_STRANGLE,-484.7999999999993,94.873578884,-579.6735788839993,-0.005796735788839993,-0.03436886293165908,RANGE_BOUND,19436.058566066138,19038.659615895256,19799.313549760445,2
2023-10-27,2023-11-02,LONG_CALL,18.849999999998545,47.399988313,-28.549988313001457,-0.0002854998831300146,0.005619049361388573,BULLISH,19317.778906518917,18928.448877593473,19673.658239486966,3
2023-10-27,2023-11-02,SHORT_PUT,154.35,47.496632863,106.85336713699999,0.00106853367137,0.005619049361388573,BULLISH,19317.778906518917,18928.448877593473,19673.658239486966,2
2023-10-27,2023-11-02,LONG_SYNTHETIC_FUTURE,173.19999999999854,94.89662117599998,78.30337882399856,0.0007830337882399856,0.005619049361388573,BULLISH,19317.778906518917,18928.448877593473,19673.658239486966,1
2023-11-03,2023-11-09,SHORT_PUT,117.0,47.42513824,69.57486176,0.0006957486176,0.009376489359497642,RANGE_BOUND,19389.77297177262,18996.937591814323,19748.85648087585,3
2023-11-03,2023-11-09,SHORT_STRADDLE,-0.6999999999985391,94.83637169000001,-95.53637168999855,-0.0009553637168999854,0.009376489359497642,RANGE_BOUND,19389.77297177262,18996.937591814323,19748.85648087585,1
2023-11-03,2023-11-09,SHORT_STRANGLE,18.250000000001464,94.636809401,-76.38680940099853,-0.0007638680940099852,0.009376489359497642,RANGE_BOUND,19389.77297177262,18996.937591814323,19748.85648087585,2
2023-11-10,2023-11-16,SHORT_PUT,115.8,47.422841224,68.37715877599999,0.0006837715877599999,0.01781328515371361,RANGE_BOUND,19495.89946768556,19099.420354186288,19858.313645798968,3
2023-11-10,2023-11-16,SHORT_STRADDLE,-158.8000000000007,94.87593786800002,-253.67593786800072,-0.002536759378680007,0.01781328515371361,RANGE_BOUND,19495.89946768556,19099.420354186288,19858.313645798968,1
2023-11-10,2023-11-16,SHORT_STRANGLE,-139.45000000000073,94.67714125100001,-234.12714125100075,-0.0023412714125100073,0.01781328515371361,RANGE_BOUND,19495.89946768556,19099.420354186288,19858.313645798968,2
2023-11-17,2023-11-23,SHORT_PUT,106.55,47.405135058999996,59.144864941,0.00059144864941,0.0031429076313331805,RANGE_BOUND,19830.6635019018,19427.593921453386,20199.101903187213,3
2023-11-17,2023-11-23,SHORT_STRADDLE,124.95,94.803672401,30.146327599000003,0.00030146327599000003,0.0031429076313331805,RANGE_BOUND,19830.6635019018,19427.593921453386,20199.101903187213,1
2023-11-17,2023-11-23,SHORT_STRANGLE,110.6,94.61406666799999,15.985933332000002,0.00015985933332,0.0031429076313331805,RANGE_BOUND,19830.6635019018,19427.593921453386,20199.101903187213,2
2023-11-24,2023-11-30,SHORT_PUT,89.0,47.3715412,41.6284588,0.000416284588,0.01525448947014052,RANGE_BOUND,19877.121511773454,19473.63576628224,20245.940321778544,3
2023-11-24,2023-11-30,SHORT_STRADDLE,-123.70000000000147,94.824500078,-218.52450007800147,-0.0021852450007800147,0.01525448947014052,RANGE_BOUND,19877.121511773454,19473.63576628224,20245.940321778544,1
2023-11-24,2023-11-30,SHORT_STRANGLE,-102.90000000000144,94.628479022,-197.52847902200142,-0.0019752847902200143,0.01525448947014052,RANGE_BOUND,19877.121511773454,19473.63576628224,20245.940321778544,2
2023-12-01,2023-12-07,SHORT_PUT,174.5,47.535203589999995,126.96479641,0.0012696479641,0.03217890420438607,RANGE_BOUND,20474.887656397674,20060.24583870785,20853.904024355186,3
2023-12-01,2023-12-07,SHORT_STRADDLE,-383.7999999999993,95.155349564,-478.9553495639993,-0.004789553495639993,0.03217890420438607,RANGE_BOUND,20474.887656397674,20060.24583870785,20853.904024355186,1
2023-12-01,2023-12-07,SHORT_STRANGLE,-368.7999999999993,94.948226264,-463.7482262639993,-0.004637482262639993,0.03217890420438607,RANGE_BOUND,20474.887656397674,20060.24583870785,20853.904024355186,2
2023-12-08,2023-12-14,SHORT_PUT,121.05,47.432890669,73.617109331,0.0007361710933099999,0.011988137603796023,RANGE_BOUND,21124.949330910575,20696.065307587407,21516.984233952007,3
2023-12-08,2023-12-14,SHORT_STRADDLE,-69.30000000000145,94.92450434,-164.22450434000143,-0.0016422450434000143,0.011988137603796023,RANGE_BOUND,21124.949330910575,20696.065307587407,21516.984233952007,1
2023-12-08,2023-12-14,SHORT_STRANGLE,-51.000000000001464,94.723697834,-145.72369783400148,-0.001457236978340015,0.011988137603796023,RANGE_BOUND,21124.949330910575,20696.065307587407,21516.984233952007,2
2023-12-15,2023-12-21,SHORT_PUT,-60.149999999998556,47.556769908999996,-107.70676990899855,-0.0010770676990899855,-0.009588488247491367,RANGE_BOUND,21659.03880191628,21220.343865774885,22060.041677757534,3
2023-12-15,2023-12-21,SHORT_STRADDLE,38.40000000000144,94.946591528,-56.54659152799856,-0.0005654659152799856,-0.009588488247491367,RANGE_BOUND,21659.03880191628,21220.343865774885,22060.041677757534,1
2023-12-15,2023-12-21,SHORT_STRANGLE,54.75000000000145,94.742052371,-39.99205237099855,-0.0003999205237099855,-0.009588488247491367,RANGE_BOUND,21659.03880191628,21220.343865774885,22060.041677757534,2
2023-12-22,2023-12-28,LONG_PUT,-117.5,47.25219115000001,-164.75219115000002,-0.0016475219115000001,0.017397622223727982,BEARISH,21291.29727558404,20855.75155902078,21689.421508424308,3
2023-12-22,2023-12-28,SHORT_CALL,-248.95000000000073,47.608321561000004,-296.55832156100075,-0.0029655832156100076,0.017397622223727982,BEARISH,21291.29727558404,20855.75155902078,21689.421508424308,2
2023-12-22,2023-12-28,SHORT_SYNTHETIC_FUTURE,-366.4500000000007,94.860512711,-461.31051271100074,-0.004613105127110008,0.017397622223727982,BEARISH,21291.29727558404,20855.75155902078,21689.421508424308,1
2023-12-29,2024-01-04,SHORT_PUT,80.20000000000073,47.62366737399999,32.576332626000735,0.00032576332626000736,-0.0045691413897956945,RANGE_BOUND,21993.683264414005,21548.296109479263,22400.803372894174,3
2023-12-29,2024-01-04,SHORT_STRADDLE,164.60000000000073,94.986403346,69.61359665400073,0.0006961359665400073,-0.0045691413897956945,RANGE_BOUND,21993.683264414005,21548.296109479263,22400.803372894174,1
2023-12-29,2024-01-04,SHORT_STRANGLE,176.00000000000074,94.772388998,81.22761100200074,0.0008122761100200074,-0.0045691413897956945,RANGE_BOUND,21993.683264414005,21548.296109479263,22400.803372894174,2
2024-01-05,2024-01-11,SHORT_PUT,20.900000000000716,47.5278442,-26.62784419999928,-0.0002662784419999928,-0.005295071774835458,RANGE_BOUND,21873.174920198915,21512.376969957455,22134.98722844729,2
2024-01-05,2024-01-11,SHORT_STRADDLE,99.35000000000072,94.879190801,4.470809199000726,4.470809199000726e-05,-0.005295071774835458,RANGE_BOUND,21873.174920198915,21512.376969957455,22134.98722844729,1
2024-01-05,2024-01-11,SHORT_STRANGLE,114.85000000000072,94.673024591,20.17697540900072,0.00020176975409000718,-0.005295071774835458,RANGE_BOUND,21873.174920198915,21512.376969957455,22134.98722844729,3
2024-01-12,2024-01-18,SHORT_PUT,-278.1499999999993,47.665275031,-325.8152750309993,-0.0032581527503099932,-0.01911650795097275,RANGE_BOUND,21982.836984105583,21619.503630248906,22246.48910289722,2
2024-01-12,2024-01-18,SHORT_STRADDLE,-161.34999999999928,95.090030435,-256.4400304349993,-0.0025644003043499932,-0.01911650795097275,RANGE_BOUND,21982.836984105583,21619.503630248906,22246.48910289722,1
2024-01-12,2024-01-18,SHORT_STRANGLE,-146.84999999999928,94.881950045,-241.73195004499928,-0.002417319500449993,-0.01911650795097275,RANGE_BOUND,21982.836984105583,21619.503630248906,22246.48910289722,3
2024-01-19,2024-01-25,SHORT_PUT,-190.74999999999926,47.601455083000005,-238.35145508299928,-0.002383514550829993,-0.015997489866026227,RANGE_BOUND,21715.824303528178,21357.041101050163,21976.17461410685,2
2024-01-19,2024-01-25,SHORT_STRADDLE,-32.79999999999927,95.10497899399999,-127.90497899399926,-0.0012790497899399927,-0.015997489866026227,RANGE_BOUND,21715.824303528178,21357.041101050163,21976.17461410685,1
2024-01-19,2024-01-25,SHORT_STRANGLE,-21.449999999999264,94.89086893700001,-116.34086893699927,-0.0011634086893699926,-0.015997489866026227,RANGE_BOUND,21715.824303528178,21357.041101050163,21976.17461410685,3
2024-01-29,2024-02-01,SHORT_PUT,114.45000000000073,47.652673459,66.79732654100073,0.0006679732654100073,-0.00474943091476876,RANGE_BOUND,21874.255511413245,21512.441082020796,22136.805425716837,2
2024-01-29,2024-02-01,SHORT_STRADDLE,248.50000000000074,95.11044846800002,153.38955153200072,0.0015338955153200073,-0.00474943091476876,RANGE_BOUND,21874.255511413245,21512.441082020796,22136.805425716837,1
2024-01-29,2024-02-01,SHORT_STRANGLE,259.4,94.89889665199999,164.501103348,0.0016450110334799998,-0.00474943091476876,RANGE_BOUND,21874.255511413245,21512.441082020796,22136.805425716837,3
2024-02-02,2024-02-08,LONG_CALL,-123.3,47.25476739399999,-170.55476739399998,-0.00170554767394,-0.006231948759532591,BULLISH,22066.360348262715,21702.954152251896,22330.065324817268,2
2024-02-02,2024-02-08,LONG_SYNTHETIC_FUTURE,-70.35000000000146,94.87662434900001,-165.22662434900147,-0.0016522662434900147,-0.006231948759532591,BULLISH,22066.360348262715,21702.954152251896,22330.065324817268,1
2024-02-02,2024-02-08,RANGE_FORWARD,19.84999999999856,94.720881755,-74.87088175500143,-0.0007487088175500144,-0.006231948759532591,BULLISH,22066.360348262715,21702.954152251896,22330.065324817268,3
2024-02-09,2024-02-15,SHORT_PUT,183.05,47.551569829,135.498430171,0.00135498430171,0.007437301420160747,RANGE_BOUND,21896.812460168192,21535.2074519689,22159.210408403404,2
2024-02-09,2024-02-15,SHORT_STRADDLE,153.85000000000073,95.062518671,58.78748132900073,0.0005878748132900072,0.007437301420160747,RANGE_BOUND,21896.812460168192,21535.2074519689,22159.210408403404,1
2024-02-09,2024-02-15,SHORT_STRANGLE,165.05000000000072,94.848121487,70.20187851300072,0.0007020187851300072,0.007437301420160747,RANGE_BOUND,21896.812460168192,21535.2074519689,22159.210408403404,3
2024-02-16,2024-02-22,SHORT_PUT,173.1,47.532523737999995,125.567476262,0.00125567476262,0.006582103195793332,RANGE_BOUND,22174.433545003965,21808.6036918644,22439.897243488213,2
2024-02-16,2024-02-22,SHORT_STRADDLE,159.25,95.04502659500001,64.20497340499999,0.0006420497340499999,0.006582103195793332,RANGE_BOUND,22174.433545003965,21808.6036918644,22439.897243488213,1
2024-02-16,2024-02-22,SHORT_STRANGLE,170.64999999999998,94.83101224700002,75.81898775299996,0.0007581898775299996,0.006582103195793332,RANGE_BOUND,22174.433545003965,21808.6036918644,22439.897243488213,3
2024-02-23,2024-02-29,SHORT_PUT,-136.44999999999854,47.630045454999994,-184.08004545499853,-0.0018408004545499852,-0.012211607887947284,RANGE_BOUND,22273.784230358557,21905.78483987799,22540.822249258705,2
2024-02-23,2024-02-29,SHORT_STRADDLE,3.050000000001461,95.098252745,-92.04825274499854,-0.0009204825274499854,-0.012211607887947284,RANGE_BOUND,22273.784230358557,21905.78483987799,22540.822249258705,1
2024-02-23,2024-02-29,SHORT_STRANGLE,13.900000000001455,94.883185598,-80.98318559799854,-0.0008098318559799855,-0.012211607887947284,RANGE_BOUND,22273.784230358557,21905.78483987799,22540.822249258705,3
2024-03-01,2024-03-07,SHORT_PUT,202.05,47.587939249,154.46206075100002,0.0015446206075100002,0.004863388465102814,RANGE_BOUND,22531.54519633273,22159.997234092963,22801.158229205765,2
2024-03-01,2024-03-07,SHORT_STRADDLE,210.25000000000148,95.046192851,115.20380714900148,0.0011520380714900148,0.004863388465102814,RANGE_BOUND,22531.54519633273,22159.997234092963,22801.158229205765,1
2024-03-01,2024-03-07,SHORT_STRANGLE,221.30000000000143,94.83150854000002,126.46849146000142,0.001264684914600014,0.004863388465102814,RANGE_BOUND,22531.54519633273,22159.997234092963,22801.158229205765,3
2024-03-11,2024-03-14,SHORT_PUT,-1.250000000000739,47.51822631699999,-48.76822631700073,-0.0004876822631700073,-0.006993334478075597,RANGE_BOUND,22431.812131395265,22060.625896670954,22701.162677422915,2
2024-03-11,2024-03-14,SHORT_STRADDLE,98.79999999999926,94.91091920599999,3.8890807939992698,3.8890807939992695e-05,-0.006993334478075597,RANGE_BOUND,22431.812131395265,22060.625896670954,22701.162677422915,1
2024-03-11,2024-03-14,SHORT_STRANGLE,117.04999999999927,94.710016991,22.33998300899927,0.0002233998300899927,-0.006993334478075597,RANGE_BOUND,22431.812131395265,22060.625896670954,22701.162677422915,3
2024-03-15,2024-03-21,SHORT_PUT,137.3,47.57601819399999,89.72398180600001,0.0008972398180600001,-0.0013870565485334385,RANGE_BOUND,22065.367455302894,21698.95155392318,22331.256418516045,2
2024-03-15,2024-03-21,SHORT_STRADDLE,241.5,94.97665493000001,146.52334507,0.0014652334507000001,-0.0013870565485334385,RANGE_BOUND,22065.367455302894,21698.95155392318,22331.256418516045,1
2024-03-15,2024-03-21,SHORT_STRANGLE,199.95000000000002,94.785098651,105.16490134900002,0.0010516490134900001,-0.0013870565485334385,RANGE_BOUND,22065.367455302894,21698.95155392318,22331.256418516045,3
2024-03-22,2024-03-28,SHORT_PUT,108.75,47.409346254999996,61.340653745000004,0.00061340653745,0.00797863341371352,RANGE_BOUND,22169.277165907828,21802.327364648318,22435.55355249689,2
2024-03-22,2024-03-28,SHORT_STRADDLE,42.70000000000073,94.93760647399999,-52.237606473999264,-0.0005223760647399926,0.00797863341371352,RANGE_BOUND,22169.277165907828,21802.327364648318,22435.55355249689,1
2024-03-22,2024-03-28,SHORT_STRANGLE,58.95000000000073,94.73287589899999,-35.782875898999265,-0.00035782875898999263,0.00797863341371352,RANGE_BOUND,22169.277165907828,21802.327364648318,22435.55355249689,3
2024-04-01,2024-04-04,SHORT_PUT,173.2,47.532715155999995,125.667284844,0.00125667284844,0.00042694203321747004,RANGE_BOUND,22701.401276237073,22327.214441413136,22972.929201702962,2
2024-04-01,2024-04-04,SHORT_STRADDLE,218.25,94.849018055,123.400981945,0.00123400981945,0.00042694203321747004,RANGE_BOUND,22701.401276237073,22327.214441413136,22972.929201702962,1
2024-04-01,2024-04-04,SHORT_STRANGLE,145.2,94.68029729599999,50.519702704,0.00050519702704,0.00042694203321747004,RANGE_BOUND,22701.401276237073,22327.214441413136,22972.929201702962,3
2024-04-05,2024-04-10,LONG_CALL,128.30000000000146,47.64274819,80.65725181000147,0.0008065725181000147,0.009599256489124075,BULLISH,22724.318128382638,22350.248834307433,22995.76076064019,2
2024-04-05,2024-04-10,LONG_SYNTHETIC_FUTURE,278.70000000000147,95.13182004199999,183.56817995800148,0.0018356817995800149,0.009599256489124075,BULLISH,22724.318128382638,22350.248834307433,22995.76076064019,1
2024-04-05,2024-04-10,RANGE_FORWARD,166.80000000000146,94.83142524200001,71.96857475800145,0.0007196857475800146,0.009599256489124075,BULLISH,22724.318128382638,22350.248834307433,22995.76076064019,3
2024-04-12,2024-04-18,SHORT_PUT,-409.74999999999926,47.70167845300001,-457.45167845299926,-0.004574516784529993,-0.024168803328989963,RANGE_BOUND,22612.879657728958,22238.711861195312,22884.39376809772,2
2024-04-12,2024-04-18,SHORT_STRADDLE,-306.8499999999992,95.099826755,-401.9498267549992,-0.004019498267549992,-0.024168803328989963,RANGE_BOUND,22612.879657728958,22238.711861195312,22884.39376809772,1
2024-04-12,2024-04-18,SHORT_STRANGLE,-293.19999999999925,94.890119312,-388.0901193119993,-0.0038809011931199926,-0.024168803328989963,RANGE_BOUND,22612.879657728958,22238.711861195312,22884.39376809772,3
2024-04-19,2024-04-25,SHORT_PUT,168.7,47.524101346,121.17589865399998,0.0012117589865399997,0.023736143560173062,RANGE_BOUND,22134.900223774817,21768.55882005275,22400.735127912263,2
2024-04-19,2024-04-25,SHORT_STRADDLE,-186.40000000000072,95.23405072999998,-281.6340507300007,-0.0028163405073000068,0.023736143560173062,RANGE_BOUND,22134.900223774817,21768.55882005275,22400.735127912263,1
2024-04-19,2024-04-25,SHORT_STRANGLE,-178.25000000000074,95.01381529700001,-273.26381529700075,-0.0027326381529700077,0.023736143560173062,RANGE_BOUND,22134.900223774817,21768.55882005275,22400.735127912263,3
2024-04-26,2024-05-02,SHORT_PUT,158.25,47.504098164999995,110.74590183500001,0.0011074590183500002,0.009662617485369784,RANGE_BOUND,22560.417997845787,22187.00262765436,22831.3861115499,2
2024-04-26,2024-05-02,SHORT_STRADDLE,36.54999999999927,95.00047636100001,-58.45047636100074,-0.0005845047636100074,0.009662617485369784,RANGE_BOUND,22560.417997845787,22187.00262765436,22831.3861115499,1
2024-04-26,2024-05-02,SHORT_STRANGLE,49.89999999999927,94.79019466399998,-44.89019466400072,-0.0004489019466400072,0.009662617485369784,RANGE_BOUND,22560.417997845787,22187.00262765436,22831.3861115499,3
2024-05-03,2024-05-09,LONG_CALL,-104.45,47.246394601,-151.696394601,-0.00151696394601,-0.02212162018498176,BULLISH,22730.068533934103,22356.335307070054,23001.26729969457,2
2024-05-03,2024-05-09,LONG_SYNTHETIC_FUTURE,-443.6500000000007,95.034536237,-538.6845362370007,-0.005386845362370007,-0.02212162018498176,BULLISH,22730.068533934103,22356.335307070054,23001.26729969457,1
2024-05-03,2024-05-09,RANGE_FORWARD,-359.9500000000007,94.87425197900001,-454.82425197900073,-0.004548242519790007,-0.02212162018498176,BULLISH,22730.068533934103,22356.335307070054,23001.26729969457,3
2024-05-10,2024-05-16,SHORT_PUT,188.45,47.561906401,140.888093599,0.00140888093599,0.01408046755733805,RANGE_BOUND,22142.478849936164,21775.94044129721,22408.45671029604,2
2024-05-10,2024-05-16,SHORT_STRADDLE,-2.399999999998556,95.11081447400001,-97.51081447399856,-0.0009751081447399857,0.01408046755733805,RANGE_BOUND,22142.478849936164,21775.94044129721,22408.45671029604,1
2024-05-10,2024-05-16,SHORT_STRANGLE,8.05000000000146,94.894981655,-86.84498165499853,-0.0008684498165499854,0.01408046755733805,RANGE_BOUND,22142.478849936164,21775.94044129721,22408.45671029604,3
2024-05-17,2024-05-23,SHORT_PUT,151.55,47.491273159,104.05872684100001,0.00104058726841,0.022446738999986726,RANGE_BOUND,22488.18547542808,22115.735263779046,22758.453223773577,2
2024-05-17,2024-05-23,SHORT_STRADDLE,-238.00000000000074,95.132331092,-333.13233109200075,-0.0033313233109200074,0.022446738999986726,RANGE_BOUND,22488.18547542808,22115.735263779046,22758.453223773577,1
2024-05-17,2024-05-23,SHORT_STRANGLE,-226.10000000000073,94.91927383400001,-321.0192738340007,-0.0032101927383400074,0.022446738999986726,RANGE_BOUND,22488.18547542808,22115.735263779046,22758.453223773577,3
2024-05-24,2024-05-30,SHORT_PUT,-372.35,47.708885557,-420.05888555700005,-0.00420058885557,-0.023332290743540263,RANGE_BOUND,23085.701519032482,22704.611234600023,23362.238918847306,2
2024-05-24,2024-05-30,SHORT_STRADDLE,-209.25000000000003,95.222267495,-304.47226749500004,-0.0030447226749500005,-0.023332290743540263,RANGE_BOUND,23085.701519032482,22704.611234600023,23362.238918847306,1
2024-05-24,2024-05-30,SHORT_STRANGLE,-198.2,95.00758318400001,-293.207583184,-0.00293207583184,-0.023332290743540263,RANGE_BOUND,23085.701519032482,22704.611234600023,23362.238918847306,3
2024-05-31,2024-06-06,LONG_CALL,-177.2,47.748022336,-224.94802233599998,-0.0022494802233599996,0.008757439197910166,BULLISH,22905.079209719504,22529.26832595889,23177.785623035827,2
2024-05-31,2024-06-06,LONG_SYNTHETIC_FUTURE,290.95,95.845324883,195.104675117,0.00195104675117,0.008757439197910166,BULLISH,22905.079209719504,22529.26832595889,23177.785623035827,1
2024-05-31,2024-06-06,RANGE_FORWARD,193.05,95.541069923,97.50893007700002,0.0009750893007700002,0.008757439197910166,BULLISH,22905.079209719504,22529.26832595889,23177.785623035827,3
2024-06-07,2024-06-13,LONG_CALL,-135.3,47.375067603999995,-182.675067604,-0.0018267506760399998,0.003176828444833024,BULLISH,23459.547721694886,23073.39904630827,23739.755732750284,2
2024-06-07,2024-06-13,LONG_SYNTHETIC_FUTURE,100.35,95.02732330100001,5.3226766989999845,5.322676698999985e-05,0.003176828444833024,BULLISH,23459.547721694886,23073.39904630827,23739.755732750284,1
2024-06-07,2024-06-13,RANGE_FORWARD,51.900000000000006,94.824092114,-42.92409211399999,-0.0004292409211399999,0.003176828444833024,BULLISH,23459.547721694886,23073.39904630827,23739.755732750284,3
2024-06-14,2024-06-20,SHORT_PUT,108.6,47.409059127999996,61.190940872,0.00061190940872,0.00493679327897234,RANGE_BOUND,23547.043045554357,23158.55183271065,23828.950914212568,2
2024-06-14,2024-06-20,SHORT_STRADDLE,102.6,94.91123592800001,7.688764071999984,7.688764071999984e-05,0.00493679327897234,RANGE_BOUND,23547.043045554357,23158.55183271065,23828.950914212568,1
2024-06-14,2024-06-20,SHORT_STRANGLE,115.55,94.700188559,20.849811441,0.00020849811441,0.00493679327897234,RANGE_BOUND,23547.043045554357,23158.55183271065,23828.950914212568,3
2024-06-21,2024-06-27,SHORT_PUT,133.75,47.457200754999995,86.292799245,0.00086292799245,0.023448842565982453,RANGE_BOUND,23490.221448420194,23101.38837410307,23772.377388170265,2
2024-06-21,2024-06-27,SHORT_STRADDLE,-277.8999999999993,95.13932333599999,-373.03932333599926,-0.0037303932333599926,0.023448842565982453,RANGE_BOUND,23490.221448420194,23101.38837410307,23772.377388170265,1
2024-06-21,2024-06-27,SHORT_STRANGLE,-262.24999999999926,94.93344425299999,-357.18344425299927,-0.0035718344425299925,0.023448842565982453,RANGE_BOUND,23490.221448420194,23101.38837410307,23772.377388170265,3
2024-06-28,2024-07-04,SHORT_PUT,187.5,47.560087929999995,139.93991207,0.0013993991206999999,0.009414787266003088,RANGE_BOUND,24217.801954657705,23818.291710496414,24507.705761269517,2
2024-06-28,2024-07-04,SHORT_STRADDLE,87.84999999999927,95.064477575,-7.214477575000728,-7.214477575000729e-05,0.009414787266003088,RANGE_BOUND,24217.801954657705,23818.291710496414,24507.705761269517,1
2024-06-28,2024-07-04,SHORT_STRANGLE,99.64999999999927,94.851228899,4.798771100999261,4.798771100999261e-05,0.009414787266003088,RANGE_BOUND,24217.801954657705,23818.291710496414,24507.705761269517,3
2024-07-05,2024-07-11,SHORT_PUT,129.90000000000146,47.490748708000005,82.40925129200144,0.0008240925129200144,0.00013330926930121834,RANGE_BOUND,24456.453641659155,24052.851820589603,24749.32649284013,2
2024-07-05,2024-07-11,SHORT_STRADDLE,221.55000000000146,94.867362485,126.68263751500146,0.0012668263751500145,0.00013330926930121834,RANGE_BOUND,24456.453641659155,24052.851820589603,24749.32649284013,1
2024-07-05,2024-07-11,SHORT_STRANGLE,155.95,94.70087473100001,61.249125268999975,0.0006124912526899997,0.00013330926930121834,RANGE_BOUND,24456.453641659155,24052.851820589603,24749.32649284013,3
2024-07-12,2024-07-18,SHORT_PUT,108.1,47.408102038,60.69189796199999,0.0006069189796199999,0.011722318282656907,RANGE_BOUND,24602.332636064737,24196.376689013574,24896.913754038083,2
2024-07-12,2024-07-18,SHORT_STRADDLE,-72.39999999999927,94.992622886,-167.3926228859993,-0.0016739262288599929,0.011722318282656907,RANGE_BOUND,24602.332636064737,24196.376689013574,24896.913754038083,1
2024-07-12,2024-07-18,SHORT_STRANGLE,-58.749999999999275,94.78291544300002,-153.5329154429993,-0.0015353291544299929,0.011722318282656907,RANGE_BOUND,24602.332636064737,24196.376689013574,24896.913754038083,3
2024-07-19,2024-07-25,SHORT_PUT,100.30000000000001,47.734544043999996,52.565455956000015,0.0005256545595600002,-0.005049104940662241,RANGE_BOUND,24461.405250621385,24055.32514080748,24756.07646705424,2
2024-07-19,2024-07-25,SHORT_STRADDLE,322.45000000000005,95.360958311,227.08904168900006,0.0022708904168900006,-0.005049104940662241,RANGE_BOUND,24461.405250621385,24055.32514080748,24756.07646705424,1
2024-07-19,2024-07-25,SHORT_STRANGLE,329.4,95.138425862,234.26157413799996,0.0023426157413799996,-0.005049104940662241,RANGE_BOUND,24461.405250621385,24055.32514080748,24756.07646705424,3
2024-07-26,2024-08-01,SHORT_PUT,148.25,47.484956364999995,100.76504363500001,0.00100765043635,0.0046878543233215275,RANGE_BOUND,25021.69631213159,24609.220164532904,25321.008800542175,2
2024-07-26,2024-08-01,SHORT_STRADDLE,134.95,94.97257006099998,39.977429939000004,0.00039977429939,0.0046878543233215275,RANGE_BOUND,25021.69631213159,24609.220164532904,25321.008800542175,1
2024-07-26,2024-08-01,SHORT_STRANGLE,148.55,94.76276690899998,53.78723309100003,0.0005378723309100004,0.0046878543233215275,RANGE_BOUND,25021.69631213159,24609.220164532904,25321.008800542175,3
2024-08-02,2024-08-08,SHORT_PUT,-397.9000000000007,47.768344899999995,-445.6683449000007,-0.004456683449000007,-0.023268471625616405,RANGE_BOUND,24802.11305024132,24393.012474285748,25098.97606186594,2
2024-08-02,2024-08-08,SHORT_STRADDLE,-255.40000000000072,95.24229473,-350.6422947300007,-0.003506422947300007,-0.023268471625616405,RANGE_BOUND,24802.11305024132,24393.012474285748,25098.97606186594,1
2024-08-02,2024-08-08,SHORT_STRANGLE,-243.9500000000007,95.02837609099998,-338.97837609100065,-0.0033897837609100064,-0.023268471625616405,RANGE_BOUND,24802.11305024132,24393.012474285748,25098.97606186594,3
2024-08-09,2024-08-14,SHORT_PUT,-69.74999999999855,47.599121550999996,-117.34912155099855,-0.0011734912155099855,-0.009296559637727131,RANGE_BOUND,24456.18574505092,24052.218057707152,24749.324086359262,2
2024-08-09,2024-08-14,SHORT_STRADDLE,65.50000000000145,95.059193576,-29.55919357599855,-0.0002955919357599855,-0.009296559637727131,RANGE_BOUND,24456.18574505092,24052.218057707152,24749.324086359262,1
2024-08-09,2024-08-14,SHORT_STRANGLE,76.00000000000146,94.84345646599998,-18.843456465998514,-0.00018843456465998513,-0.009296559637727131,RANGE_BOUND,24456.18574505092,24052.218057707152,24749.324086359262,3
2024-08-16,2024-08-22,SHORT_PUT,146.45,47.481510841,98.96848915899999,0.00098968489159,0.010369933497386796,RANGE_BOUND,24617.2959550177,24210.282141227966,24912.644711866098,2
2024-08-16,2024-08-22,SHORT_STRADDLE,19.949999999999264,95.007613913,-75.05761391300074,-0.0007505761391300074,0.010369933497386796,RANGE_BOUND,24617.2959550177,24210.282141227966,24912.644711866098,1
2024-08-16,2024-08-22,SHORT_STRANGLE,33.84999999999927,94.798385015,-60.948385015000724,-0.0006094838501500072,0.010369933497386796,RANGE_BOUND,24617.2959550177,24210.282141227966,24912.644711866098,3
2024-08-23,2024-08-29,SHORT_PUT,127.1,47.444471457999995,79.655528542,0.00079655528542,0.012710227729942902,RANGE_BOUND,24931.143932111732,24519.68509141579,25229.718213810705,2
2024-08-23,2024-08-29,SHORT_STRADDLE,-60.50000000000145,95.040989834,-155.54098983400144,-0.0015554098983400144,0.012710227729942902,RANGE_BOUND,24931.143932111732,24519.68509141579,25229.718213810705,1
2024-08-23,2024-08-29,SHORT_STRANGLE,-48.10000000000147,94.82888966600001,-142.92888966600148,-0.0014292888966600148,0.012710227729942902,RANGE_BOUND,24931.143932111732,24519.68509141579,25229.718213810705,3
2024-08-30,2024-09-05,LONG_CALL,-72.65,47.232269677,-119.88226967700001,-0.0011988226967700002,-0.005522739184061098,BULLISH,25581.54206367511,25161.426595160712,25886.398009971348,2
2024-08-30,2024-09-05,LONG_SYNTHETIC_FUTURE,-66.0,94.831180424,-160.831180424,-0.00160831180424,-0.005522739184061098,BULLISH,25581.54206367511,25161.426595160712,25886.398009971348,1
2024-08-30,2024-09-05,RANGE_FORWARD,16.199999999999996,94.67309536999998,-78.47309536999998,-0.0007847309536999998,-0.005522739184061098,BULLISH,25581.54206367511,25161.426595160712,25886.398009971348,3
2024-09-06,2024-09-12,SHORT_PUT,177.1,47.540180457999995,129.559819542,0.00129559819542,0.018079980727535583,RANGE_BOUND,24948.350058436434,24536.030355918807,25247.549022788033,2
2024-09-06,2024-09-12,SHORT_STRADDLE,-138.34999999999926,95.21365122499999,-233.56365122499926,-0.0023356365122499927,0.018079980727535583,RANGE_BOUND,24948.350058436434,24536.030355918807,25247.549022788033,1
2024-09-06,2024-09-12,SHORT_STRANGLE,-127.59999999999926,94.99839265999998,-222.59839265999923,-0.0022259839265999924,0.018079980727535583,RANGE_BOUND,24948.350058436434,24536.030355918807,25247.549022788033,3
2024-09-13,2024-09-19,SHORT_PUT,137.0,47.463421839999995,89.53657816,0.0008953657816000001,0.0045915672812404384,RANGE_BOUND,25411.819695171278,24991.77541330752,25716.623985017395,2
2024-09-13,2024-09-19,SHORT_STRADDLE,122.20000000000145,94.964319032,27.235680968001446,0.00027235680968001446,0.0045915672812404384,RANGE_BOUND,25411.819695171278,24991.77541330752,25716.623985017395,1
2024-09-13,2024-09-19,SHORT_STRANGLE,133.05000000000143,94.749251885,38.300748115001426,0.00038300748115001424,0.0045915672812404384,RANGE_BOUND,25411.819695171278,24991.77541330752,25716.623985017395,3
2024-09-20,2024-09-26,SHORT_PUT,134.7,47.459019226,87.24098077399998,0.0008724098077399998,0.017803261829224537,RANGE_BOUND,25860.279418235787,25433.693414278965,26169.830695585457,2
2024-09-20,2024-09-26,SHORT_STRADDLE,-200.05,95.143185191,-295.193185191,-0.00295193185191,0.017803261829224537,RANGE_BOUND,25860.279418235787,25433.693414278965,26169.830695585457,1
2024-09-20,2024-09-26,SHORT_STRANGLE,-185.2,94.935774764,-280.13577476399996,-0.00280135774764,0.017803261829224537,RANGE_BOUND,25860.279418235787,25433.693414278965,26169.830695585457,3
2024-09-27,2024-10-03,SHORT_PUT,-686.4499999999992,47.949104467,-734.3991044669992,-0.007343991044669993,-0.03300227935692146,RANGE_BOUND,26407.685339587155,25971.540458402607,26724.17299700655,2
2024-09-27,2024-10-03,SHORT_STRADDLE,-609.0499999999993,95.298441179,-704.3484411789992,-0.007043484411789992,-0.03300227935692146,RANGE_BOUND,26407.685339587155,25971.540458402607,26724.17299700655,1
2024-09-27,2024-10-03,SHORT_STRANGLE,-595.3499999999993,95.088829445,-690.4388294449993,-0.006904388294449993,-0.03300227935692146,RANGE_BOUND,26407.685339587155,25971.540458402607,26724.17299700655,3
2024-10-04,2024-10-10,SHORT_PUT,209.40000000000146,47.677711828,161.72228817200147,0.0016172228817200147,-0.0022225444260610683,RANGE_BOUND,25230.048376641967,24813.294407990903,25532.465057310983,2
2024-10-04,2024-10-10,SHORT_STRADDLE,338.70000000000147,95.12639448200001,243.57360551800144,0.0024357360551800146,-0.0022225444260610683,RANGE_BOUND,25230.048376641967,24813.294407990903,25532.465057310983,1
2024-10-04,2024-10-10,SHORT_STRANGLE,281.25,94.94072148499998,186.30927851500002,0.0018630927851500001,-0.0022225444260610683,RANGE_BOUND,25230.048376641967,24813.294407990903,25532.465057310983,3
2024-10-11,2024-10-17,LONG_CALL,-102.15,47.245372986999996,-149.395372987,-0.00149395372987,-0.008213720406154978,BULLISH,25190.725775115287,24776.029597318753,25491.649223981967,2
2024-10-11,2024-10-17,LONG_SYNTHETIC_FUTURE,-119.20000000000073,94.90020923,-214.10020923000073,-0.0021410020923000074,-0.008213720406154978,BULLISH,25190.725775115287,24776.029597318753,25491.649223981967,1
2024-10-11,2024-10-17,RANGE_FORWARD,-33.95000000000073,94.74088734499999,-128.6908873450007,-0.001286908873450007,-0.008213720406154978,BULLISH,25190.725775115287,24776.029597318753,25491.649223981967,3
2024-10-18,2024-10-24,SHORT_PUT,-334.05,47.736210631000006,-381.786210631,-0.0038178621063100003,-0.019926530563165512,RANGE_BOUND,24940.171235360456,24527.137183081177,25239.88856618245,2
2024-10-18,2024-10-24,SHORT_STRADDLE,-229.20000000000002,95.13809158400002,-324.33809158400004,-0.0032433809158400003,-0.019926530563165512,RANGE_BOUND,24940.171235360456,24527.137183081177,25239.88856618245,1
2024-10-18,2024-10-24,SHORT_STRANGLE,-216.1,94.927331342,-311.027331342,-0.0031102733134200002,-0.019926530563165512,RANGE_BOUND,24940.171235360456,24527.137183081177,25239.88856618245,3
2024-10-25,2024-10-31,SHORT_PUT,156.05,47.499886968999995,108.55011303100002,0.0010855011303100002,0.0004360810573416085,RANGE_BOUND,24298.73909864594,23898.22727486519,24589.369699497827,2
2024-10-25,2024-10-31,SHORT_STRADDLE,300.6500000000008,94.98563916500001,205.66436083500076,0.0020566436083500074,0.0004360810573416085,RANGE_BOUND,24298.73909864594,23898.22727486519,24589.369699497827,1
2024-10-25,2024-10-31,SHORT_STRANGLE,220.3,94.824052214,125.475947786,0.00125475947786,0.0004360810573416085,RANGE_BOUND,24298.73909864594,23898.22727486519,24589.369699497827,3
2024-11-01,2024-11-07,SHORT_PUT,166.25,47.754068425,118.495931575,0.00118495931575,-0.0034100719129417367,RANGE_BOUND,24431.66855709716,24027.996377128722,24724.592464071862,2
2024-11-01,2024-11-07,SHORT_STRADDLE,311.05,95.23242086899998,215.81757913100003,0.00215817579131,-0.0034100719129417367,RANGE_BOUND,24431.66855709716,24027.996377128722,24724.592464071862,1
2024-11-01,2024-11-07,SHORT_STRANGLE,318.15,95.011354727,223.13864527299998,0.00223138645273,-0.0034100719129417367,RANGE_BOUND,24431.66855709716,24027.996377128722,24724.592464071862,3
2024-11-08,2024-11-14,SHORT_PUT,-429.44999999999925,47.790141367,-477.24014136699924,-0.004772401413669992,-0.02552245368984518,RANGE_BOUND,24267.769283321264,23866.808818091136,24558.725439940194,2
2024-11-08,2024-11-14,SHORT_STRADDLE,-305.8499999999992,95.227913195,-401.0779131949992,-0.0040107791319499925,-0.02552245368984518,RANGE_BOUND,24267.769283321264,23866.808818091136,24558.725439940194,1
2024-11-08,2024-11-14,SHORT_STRANGLE,-292.5499999999993,95.01753578900001,-387.5675357889993,-0.003875675357889993,-0.02552245368984518,RANGE_BOUND,24267.769283321264,23866.808818091136,24558.725439940194,3
2024-11-18,2024-11-21,SHORT_PUT,-11.749999999999261,47.53550743300001,-59.28550743299927,-0.0005928550743299927,-0.007027743105688322,RANGE_BOUND,23607.130602474637,23217.8563364739,23889.60669208418,2
2024-11-18,2024-11-21,SHORT_STRADDLE,85.30000000000074,94.922457782,-9.622457781999259,-9.622457781999258e-05,-0.007027743105688322,RANGE_BOUND,23607.130602474637,23217.8563364739,23889.60669208418,1
2024-11-18,2024-11-21,SHORT_STRANGLE,99.55000000000074,94.71389884700001,4.836101153000726,4.836101153000726e-05,-0.007027743105688322,RANGE_BOUND,23607.130602474637,23217.8563364739,23889.60669208418,3
2024-11-22,2024-11-28,SHORT_PUT,205.95,47.595404550999994,158.354595449,0.0015835459544899998,0.0007116975871359621,RANGE_BOUND,23919.108166198654,23523.665494144832,24206.060347276813,2
2024-11-22,2024-11-28,SHORT_STRADDLE,395.1500000000007,95.16711876499998,299.9828812350007,0.002999828812350007,0.0007116975871359621,RANGE_BOUND,23919.108166198654,23523.665494144832,24206.060347276813,1
2024-11-22,2024-11-28,SHORT_STRANGLE,307.0,94.99001161999999,212.00998838,0.0021200998838,0.0007116975871359621,RANGE_BOUND,23919.108166198654,23523.665494144832,24206.060347276813,3
2024-11-29,2024-12-05,LONG_CALL,361.54999999999853,48.13333200699999,313.41666799299855,0.0031341666799299854,0.01893503784333106,BULLISH,24438.814593849336,24036.458539165975,24730.783457153197,2
2024-11-29,2024-12-05,LONG_SYNTHETIC_FUTURE,573.5999999999985,95.740413056,477.8595869439986,0.004778595869439986,0.01893503784333106,BULLISH,24438.814593849336,24036.458539165975,24730.783457153197,1
2024-11-29,2024-12-05,RANGE_FORWARD,457.1499999999985,95.431426655,361.7185733449985,0.003617185733449985,0.01893503784333106,BULLISH,24438.814593849336,24036.458539165975,24730.783457153197,3
2024-12-06,2024-12-12,LONG_CALL,-135.2,47.260053135999996,-182.460053136,-0.00182460053136,-0.00543512251218059,BULLISH,24919.82651147079,24509.538939503393,25217.550864368357,2
2024-12-06,2024-12-12,LONG_SYNTHETIC_FUTURE,-53.650000000000716,94.97450731699999,-148.6245073170007,-0.0014862450731700071,-0.00543512251218059,BULLISH,24919.82651147079,24509.538939503393,25217.550864368357,1
2024-12-06,2024-12-12,RANGE_FORWARD,34.14999999999928,94.814760281,-60.664760281000724,-0.0006066476028100073,-0.00543512251218059,BULLISH,24919.82651147079,24509.538939503393,25217.550864368357,3
2024-12-13,2024-12-19,LONG_CALL,-105.8,47.24699424400001,-153.04699424400002,-0.0015304699424400002,-0.03269937476717377,BULLISH,24985.840023045315,24574.766086913878,25284.1349995198,2
2024-12-13,2024-12-19,LONG_SYNTHETIC_FUTURE,-753.8000000000006,95.168053616,-848.9680536160006,-0.008489680536160006,-0.03269937476717377,BULLISH,24985.840023045315,24574.766086913878,25284.1349995198,1
2024-12-13,2024-12-19,RANGE_FORWARD,-664.7500000000007,95.015651861,-759.7656518610007,-0.007597656518610007,-0.03269937476717377,BULLISH,24985.840023045315,24574.766086913878,25284.1349995198,3
2024-12-20,2024-12-26,SHORT_PUT,194.95,47.57434857099999,147.37565142900002,0.0014737565142900002,0.0052083223107088905,RANGE_BOUND,23734.232303480963,23343.108840067103,24018.050259480857,2
2024-12-20,2024-12-26,SHORT_STRADDLE,267.94999999999925,95.14803302299998,172.80196697699927,0.0017280196697699926,0.0052083223107088905,RANGE_BOUND,23734.232303480963,23343.108840067103,24018.050259480857,1
2024-12-20,2024-12-26,SHORT_STRANGLE,277.7,94.93392614599998,182.766073854,0.00182766073854,0.0052083223107088905,RANGE_BOUND,23734.232303480963,23343.108840067103,24018.050259480857,3
2024-12-27,2025-01-02,SHORT_PUT,210.3,47.603731233999994,162.696268766,0.00162696268766,0.012087034987798395,RANGE_BOUND,24059.630310944023,23662.431149673263,24347.857084896095,2
2024-12-27,2025-01-02,SHORT_STRADDLE,7.549999999998562,95.08340087300002,-87.53340087300145,-0.0008753340087300145,0.012087034987798395,RANGE_BOUND,24059.630310944023,23662.431149673263,24347.857084896095,1
2024-12-27,2025-01-02,SHORT_STRANGLE,18.399999999998556,94.868333726,-76.46833372600145,-0.0007646833372600145,0.012087034987798395,RANGE_BOUND,24059.630310944023,23662.431149673263,24347.857084896095,3
2025-01-03,2025-01-09,LONG_PUT,239.30000000000146,48.158271430000006,191.14172857000145,0.0019114172857000145,-0.018441500224137153,BEARISH,23955.992412642652,23563.46701581384,24288.71992847551,3
2025-01-03,2025-01-09,SHORT_CALL,112.0,47.415567339999996,64.58443266,0.0006458443266,-0.018441500224137153,BEARISH,23955.992412642652,23563.46701581384,24288.71992847551,2
2025-01-03,2025-01-09,SHORT_SYNTHETIC_FUTURE,351.30000000000143,95.57383877000001,255.72616123000142,0.0025572616123000144,-0.018441500224137153,BEARISH,23955.992412642652,23563.46701581384,24288.71992847551,1
2025-01-10,2025-01-16,SHORT_PUT,64.89999999999927,47.61419064400001,17.285809355999255,0.00017285809355999256,-0.005238152987257938,RANGE_BOUND,23423.91506895195,23041.030758257082,23748.47023551723,2
2025-01-10,2025-01-16,SHORT_STRADDLE,199.14999999999927,95.07234848899999,104.07765151099927,0.0010407765151099928,-0.005238152987257938,RANGE_BOUND,23423.91506895195,23041.030758257082,23748.47023551723,1
2025-01-10,2025-01-16,SHORT_STRANGLE,211.14999999999927,94.859482649,116.29051735099927,0.0011629051735099927,-0.005238152987257938,RANGE_BOUND,23423.91506895195,23041.030758257082,23748.47023551723,3
2025-01-17,2025-01-23,LONG_PUT,-169.85,47.275443972999994,-217.125443973,-0.00217125443973,-0.00015042635125839254,BEARISH,23126.88137537302,22747.800548510804,23448.212486278793,3
2025-01-17,2025-01-23,SHORT_CALL,143.19999999999928,47.507599288,95.69240071199928,0.0009569240071199928,-0.00015042635125839254,BEARISH,23126.88137537302,22747.800548510804,23448.212486278793,2
2025-01-17,2025-01-23,SHORT_SYNTHETIC_FUTURE,-26.650000000000716,94.78304326099999,-121.4330432610007,-0.001214330432610007,-0.00015042635125839254,BEARISH,23126.88137537302,22747.800548510804,23448.212486278793,1
2025-01-24,2025-01-30,LONG_PUT,-161.2,47.271601816,-208.47160181599997,-0.00208471601816,0.005243598008124906,BEARISH,22972.939469070665,22596.356282266468,23292.153433981137,3
2025-01-24,2025-01-30,SHORT_CALL,39.30000000000146,47.59502088999999,-8.295020889998526,-8.295020889998525e-05,0.005243598008124906,BEARISH,22972.939469070665,22596.356282266468,23292.153433981137,2
2025-01-24,2025-01-30,SHORT_SYNTHETIC_FUTURE,-121.89999999999853,94.866622706,-216.76662270599854,-0.0021676662270599853,0.005243598008124906,BEARISH,22972.939469070665,22596.356282266468,23292.153433981137,1
2025-01-31,2025-02-06,SHORT_PUT,257.85,47.694750493,210.155249507,0.00210155249507,0.002908527446846332,BULLISH,23751.694229894336,23366.862150974186,24077.900438884524,2
2025-01-31,2025-02-06,LONG_SYNTHETIC_FUTURE,119.65000000000148,95.16461519299999,24.485384807001495,0.00024485384807001494,0.002908527446846332,BULLISH,23751.694229894336,23366.862150974186,24077.900438884524,1
2025-01-31,2025-02-06,RANGE_FORWARD,38.5,94.892540666,-56.392540666,-0.00056392540666,0.002908527446846332,BULLISH,23751.694229894336,23366.862150974186,24077.900438884524,3
2025-02-07,2025-02-13,SHORT_PUT,-325.65,47.738729172999996,-373.388729173,-0.00373388729173,-0.0214779197076429,RANGE_BOUND,23629.96201784104,23245.215474539313,23956.09572183139,2
2025-02-07,2025-02-13,SHORT_STRADDLE,-190.54999999999998,95.19851407099999,-285.748514071,-0.00285748514071,-0.0214779197076429,RANGE_BOUND,23629.96201784104,23245.215474539313,23956.09572183139,1
2025-02-07,2025-02-13,SHORT_STRANGLE,-177.59999999999997,94.987466702,-272.587466702,-0.0027258746670199997,-0.0214779197076429,RANGE_BOUND,23629.96201784104,23245.215474539313,23956.09572183139,3
2025-02-14,2025-02-20,LONG_PUT,-127.05000000000001,47.390859589,-174.440859589,-0.0017444085958900001,-0.0023113067036591994,BEARISH,22844.099325062507,22469.442726235226,23161.68020116708,3
2025-02-14,2025-02-20,SHORT_CALL,149.5,47.487349089999995,102.01265091,0.0010201265091000001,-0.0023113067036591994,BEARISH,22844.099325062507,22469.442726235226,23161.68020116708,2
2025-02-14,2025-02-20,SHORT_SYNTHETIC_FUTURE,22.44999999999999,94.87820867900002,-72.42820867900004,-0.0007242820867900003,-0.0023113067036591994,BEARISH,22844.099325062507,22469.442726235226,23161.68020116708,1
2025-02-21,2025-02-27,LONG_PUT,118.9,47.740904128,71.15909587200001,0.0007115909587200001,-0.012042887313452377,BEARISH,22700.663167396397,22328.825985477404,23015.854140601514,3
2025-02-21,2025-02-27,SHORT_CALL,154.0,47.495962899999995,106.5040371,0.001065040371,-0.012042887313452377,BEARISH,22700.663167396397,22328.825985477404,23015.854140601514,2
2025-02-21,2025-02-27,SHORT_SYNTHETIC_FUTURE,272.9,95.236867028,177.66313297199997,0.0017766313297199997,-0.012042887313452377,BEARISH,22700.663167396397,22328.825985477404,23015.854140601514,1
2025-02-28,2025-03-06,SHORT_PUT,207.3,47.597988693999994,159.70201130600003,0.0015970201130600004,0.015300683795592906,RANGE_BOUND,22202.77995432481,21839.78226760137,22510.478053689418,2
2025-02-28,2025-03-06,SHORT_STRADDLE,-18.850000000000705,95.123191709,-113.9731917090007,-0.001139731917090007,0.015300683795592906,RANGE_BOUND,22202.77995432481,21839.78226760137,22510.478053689418,1
2025-02-28,2025-03-06,SHORT_STRANGLE,-8.050000000000722,94.90802885299999,-102.95802885300071,-0.0010295802885300072,0.015300683795592906,RANGE_BOUND,22202.77995432481,21839.78226760137,22510.478053689418,3
2025-03-07,2025-03-13,SHORT_PUT,-38.099999999999994,47.613481492000005,-85.713481492,-0.00085713481492,-0.009081697752092222,RANGE_BOUND,22687.1134677071,22318.089185696892,22999.920062203222,2
2025-03-07,2025-03-13,SHORT_STRADDLE,68.55000000000001,95.018807969,-26.468807968999982,-0.00026468807968999984,-0.009081697752092222,RANGE_BOUND,22687.1134677071,22318.089185696892,22999.920062203222,1
2025-03-07,2025-03-13,SHORT_STRANGLE,80.4,94.805655002,-14.405655001999989,-0.0001440565500199999,-0.009081697752092222,RANGE_BOUND,22687.1134677071,22318.089185696892,22999.920062203222,3
2025-03-17,2025-03-20,SHORT_PUT,148.05,47.484573529,100.56542647100001,0.0010056542647100002,0.027273371324327167,RANGE_BOUND,22598.60791982286,22230.65324035544,22910.507856559092,2
2025-03-17,2025-03-20,SHORT_STRADDLE,-371.09999999999997,95.107611752,-466.20761175199993,-0.004662076117519999,0.027273371324327167,RANGE_BOUND,22598.60791982286,22230.65324035544,22910.507856559092,1
2025-03-17,2025-03-20,SHORT_STRANGLE,-357.25,94.898287145,-452.148287145,-0.00452148287145,0.027273371324327167,RANGE_BOUND,22598.60791982286,22230.65324035544,22910.507856559092,3
2025-03-21,2025-03-27,SHORT_PUT,138.7,47.466675945999995,91.233324054,0.0009123332405399999,0.009142488082686695,RANGE_BOUND,23427.1203007558,23046.204123909654,23750.007161800975,2
2025-03-21,2025-03-27,SHORT_STRADDLE,60.50000000000145,94.974744746,-34.47474474599855,-0.00034474744745998547,0.009142488082686695,RANGE_BOUND,23427.1203007558,23046.204123909654,23750.007161800975,1
2025-03-21,2025-03-27,SHORT_STRANGLE,73.45000000000147,94.763697377,-21.313697376998533,-0.00021313697376998533,0.009142488082686695,RANGE_BOUND,23427.1203007558,23046.204123909654,23750.007161800975,3
2025-03-28,2025-04-03,SHORT_PUT,-145.84999999999928,47.68622258500001,-193.53622258499928,-0.0019353622258499927,-0.013186590037503776,RANGE_BOUND,23751.309806164645,23366.19342314135,24077.757007963824,2
2025-03-28,2025-04-03,SHORT_STRADDLE,-74.94999999999928,95.02311712699999,-169.97311712699928,-0.0016997311712699929,-0.013186590037503776,RANGE_BOUND,23751.309806164645,23366.19342314135,24077.757007963824,1
2025-03-28,2025-04-03,SHORT_STRANGLE,-59.749999999999275,94.816376663,-154.5663766629993,-0.0015456637666299928,-0.013186590037503776,RANGE_BOUND,23751.309806164645,23366.19342314135,24077.757007963824,3
2025-04-04,2025-04-09,SHORT_PUT,-314.89999999999856,47.707658523999996,-362.60765852399857,-0.0036260765852399856,-0.020842271698721326,RANGE_BOUND,22854.74613314295,22480.700503018707,23171.80911639153,2
2025-04-04,2025-04-09,SHORT_STRADDLE,-226.84999999999854,95.077381253,-321.92738125299854,-0.0032192738125299855,-0.020842271698721326,RANGE_BOUND,22854.74613314295,22480.700503018707,23171.80911639153,1
2025-04-04,2025-04-09,SHORT_STRANGLE,-211.49999999999852,94.87092791599999,-306.3709279159985,-0.003063709279159985,-0.020842271698721326,RANGE_BOUND,22854.74613314295,22480.700503018707,23171.80911639153,3
2025-04-11,2025-04-17,SHORT_PUT,265.7,47.709776805999994,217.990223194,0.0021799022319400002,0.04073934282092617,RANGE_BOUND,22989.376883353376,22615.991099428415,23305.88054231748,2
2025-04-11,2025-04-17,SHORT_STRADDLE,-458.0999999999993,95.76898037000001,-553.8689803699992,-0.005538689803699992,0.04073934282092617,RANGE_BOUND,22989.376883353376,22615.991099428415,23305.88054231748,1
2025-04-11,2025-04-17,SHORT_STRANGLE,-451.3499999999993,95.54606508500001,-546.8960650849992,-0.005468960650849992,0.04073934282092617,RANGE_BOUND,22989.376883353376,22615.991099428415,23305.88054231748,3
2025-04-21,2025-04-24,SHORT_PUT,132.15,47.454138066999995,84.695861933,0.00084695861933,0.004565888421619535,RANGE_BOUND,24221.946538860462,23828.718935335626,24555.269286215807,2
2025-04-21,2025-04-24,SHORT_STRADDLE,153.69999999999928,94.92226287800001,58.777737121999266,0.0005877773712199926,0.004565888421619535,RANGE_BOUND,24221.946538860462,23828.718935335626,24555.269286215807,1
2025-04-21,2025-04-24,SHORT_STRANGLE,164.8,94.71781522399999,70.08218477600002,0.0007008218477600002,0.004565888421619535,RANGE_BOUND,24221.946538860462,23828.718935335626,24555.269286215807,3
2025-04-25,2025-04-30,SHORT_PUT,217.4,47.617321911999994,169.782678088,0.0016978267808800001,0.0115704396601366,RANGE_BOUND,24121.452268044584,23728.16601152426,24454.824733114103,2
2025-04-25,2025-04-30,SHORT_STRADDLE,72.39999999999856,95.17392881599999,-22.77392881600143,-0.0002277392881600143,0.0115704396601366,RANGE_BOUND,24121.452268044584,23728.16601152426,24454.824733114103,1
2025-04-25,2025-04-30,SHORT_STRANGLE,86.99999999999854,94.96603984400001,-7.966039844001472,-7.966039844001471e-05,0.0115704396601366,RANGE_BOUND,24121.452268044584,23728.16601152426,24454.824733114103,3
2025-05-02,2025-05-08,SHORT_PUT,72.10000000000144,47.64129747399999,24.458702526001453,0.0002445870252600145,-0.005278537091149005,RANGE_BOUND,24427.228890388637,24029.680516195916,24764.214176021564,2
2025-05-02,2025-05-08,SHORT_STRADDLE,207.20000000000144,95.10108237200001,112.09891762800143,0.0011209891762800142,-0.005278537091149005,RANGE_BOUND,24427.228890388637,24029.680516195916,24764.214176021564,1
2025-05-02,2025-05-08,SHORT_STRANGLE,220.25000000000148,94.890226421,125.35977357900148,0.0012535977357900148,-0.005278537091149005,RANGE_BOUND,24427.228890388637,24029.680516195916,24764.214176021564,3
2025-05-09,2025-05-15,LONG_PUT,-261.3,47.316064233999995,-308.616064234,-0.0030861606423400003,0.04210176393592491,BEARISH,23912.83872631345,23520.75159770095,24245.194740337607,3
2025-05-09,2025-05-15,SHORT_CALL,-830.2000000000007,48.038071876,-878.2380718760007,-0.008782380718760007,0.04210176393592491,BEARISH,23912.83872631345,23520.75159770095,24245.194740337607,2
2025-05-09,2025-05-15,SHORT_SYNTHETIC_FUTURE,-1091.5000000000007,95.35413611000001,-1186.8541361100006,-0.011868541361100006,0.04210176393592491,BEARISH,23912.83872631345,23520.75159770095,24245.194740337607,1
2025-05-16,2025-05-22,SHORT_PUT,-236.69999999999928,47.804166382,-284.50416638199926,-0.0028450416638199924,-0.0170064636524222,RANGE_BOUND,25073.215228881698,24664.620540538042,25419.56401735099,2
2025-05-16,2025-05-22,SHORT_STRADDLE,-90.84999999999928,95.284528715,-186.13452871499928,-0.0018613452871499927,-0.0170064636524222,RANGE_BOUND,25073.215228881698,24664.620540538042,25419.56401735099,1
2025-05-16,2025-05-22,SHORT_STRANGLE,-80.49999999999928,95.06850447800001,-175.56850447799928,-0.0017556850447799927,-0.0170064636524222,RANGE_BOUND,25073.215228881698,24664.620540538042,25419.56401735099,3
2025-05-23,2025-05-29,SHORT_PUT,127.15000000000072,47.646914455,79.50308554500072,0.0007950308554500071,-0.0026406858548466694,RANGE_BOUND,24935.7238381626,24530.368098569987,25279.327103971315,2
2025-05-23,2025-05-29,SHORT_STRADDLE,319.5000000000007,95.216286158,224.28371384200068,0.002242837138420007,-0.0026406858548466694,RANGE_BOUND,24935.7238381626,24530.368098569987,25279.327103971315,1
2025-05-23,2025-05-29,SHORT_STRANGLE,313.8,95.00302804399999,218.79697195600002,0.0021879697195600002,-0.0026406858548466694,RANGE_BOUND,24935.7238381626,24530.368098569987,25279.327103971315,3
2025-05-30,2025-06-05,SHORT_PUT,235.45,47.651872860999994,187.798127139,0.00187798127139,-0.00039403004278038,RANGE_BOUND,24914.826317723066,24509.612322869554,25258.30943238919,2
2025-05-30,2025-06-05,SHORT_STRADDLE,401.09999999999854,95.197021262,305.9029787379985,0.0030590297873799854,-0.00039403004278038,RANGE_BOUND,24914.826317723066,24509.612322869554,25258.30943238919,1
2025-05-30,2025-06-05,SHORT_STRANGLE,320.1,95.015087378,225.08491262200002,0.0022508491262200002,-0.00039403004278038,RANGE_BOUND,24914.826317723066,24509.612322869554,25258.30943238919,3
2025-06-06,2025-06-12,SHORT_PUT,40.75000000000145,47.662651351,-6.912651350998551,-6.912651350998551e-05,-0.006331610635830653,RANGE_BOUND,25158.583523326375,24749.702087004764,25505.175376176077,2
2025-06-06,2025-06-12,SHORT_STRADDLE,173.70000000000144,95.118320762,78.58167923800144,0.0007858167923800144,-0.006331610635830653,RANGE_BOUND,25158.583523326375,24749.702087004764,25505.175376176077,1
2025-06-06,2025-06-12,SHORT_STRANGLE,183.50000000000145,94.90124372599999,88.59875627400146,0.0008859875627400146,-0.006331610635830653,RANGE_BOUND,25158.583523326375,24749.702087004764,25505.175376176077,3
2025-06-13,2025-06-19,LONG_PUT,-213.05,47.294632549,-260.34463254900004,-0.0026034463254900005,0.0030613813017137392,BEARISH,24587.264995903777,24184.393862370187,24928.76216409812,3
2025-06-13,2025-06-19,SHORT_CALL,92.50000000000145,47.503469746,44.99653025400145,0.0004499653025400145,0.0030613813017137392,BEARISH,24587.264995903777,24184.393862370187,24928.76216409812,2
2025-06-13,2025-06-19,SHORT_SYNTHETIC_FUTURE,-120.54999999999856,94.79810229499999,-215.34810229499857,-0.0021534810229499857,0.0030613813017137392,BEARISH,24587.264995903777,24184.393862370187,24928.76216409812,1
2025-06-20,2025-06-26,SHORT_PUT,150.75,47.489741814999995,103.260258185,0.00103260258185,0.017493837533898438,RANGE_BOUND,25203.36854454007,24794.236203737742,25550.17307872263,2
2025-06-20,2025-06-26,SHORT_STRADDLE,-134.7,95.208138674,-229.90813867399999,-0.00229908138674,0.017493837533898438,RANGE_BOUND,25203.36854454007,24794.236203737742,25550.17307872263,1
2025-06-20,2025-06-26,SHORT_STRANGLE,-122.85000000000001,94.994985707,-217.844985707,-0.00217844985707,0.017493837533898438,RANGE_BOUND,25203.36854454007,24794.236203737742,25550.17307872263,3
2025-06-27,2025-07-03,SHORT_PUT,-54.80000000000146,47.665590220000006,-102.46559022000147,-0.0010246559022000147,-0.009382451398435854,RANGE_BOUND,25780.85203295229,25361.316931699563,26136.4745561629,2
2025-06-27,2025-07-03,SHORT_STRADDLE,40.04999999999853,95.048329373,-54.99832937300147,-0.0005499832937300147,-0.009382451398435854,RANGE_BOUND,25780.85203295229,25361.316931699563,26136.4745561629,1
2025-06-27,2025-07-03,SHORT_STRANGLE,52.54999999999853,94.83642062299998,-42.28642062300145,-0.00042286420623001447,-0.009382451398435854,RANGE_BOUND,25780.85203295229,25361.316931699563,26136.4745561629,3
2025-07-04,2025-07-10,SHORT_PUT,50.75000000000145,47.600429731,3.149570269001451,3.149570269001451e-05,-0.004628016335096463,RANGE_BOUND,25632.25869570383,25216.146648437993,25984.979637873257,2
2025-07-04,2025-07-10,SHORT_STRADDLE,150.20000000000147,94.99197411199998,55.20802588800149,0.0005520802588800149,-0.004628016335096463,RANGE_BOUND,25632.25869570383,25216.146648437993,25984.979637873257,1
2025-07-04,2025-07-10,SHORT_STRANGLE,162.50000000000148,94.77968252600002,67.72031747400146,0.0006772031747400146,-0.004628016335096463,RANGE_BOUND,25632.25869570383,25216.146648437993,25984.979637873257,3
2025-07-11,2025-07-17,LONG_PUT,-103.59999999999854,47.30474021200001,-150.90474021199856,-0.0015090474021199857,-0.001934711418762114,BEARISH,25043.168112000418,24632.215899087973,25391.515276370035,3
2025-07-11,2025-07-17,SHORT_CALL,117.5,47.426095329999995,70.07390467,0.0007007390467,-0.001934711418762114,BEARISH,25043.168112000418,24632.215899087973,25391.515276370035,2
2025-07-11,2025-07-17,SHORT_SYNTHETIC_FUTURE,13.900000000001455,94.730835542,-80.83083554199854,-0.0008083083554199854,-0.001934711418762114,BEARISH,25043.168112000418,24632.215899087973,25391.515276370035,1
2025-07-18,2025-07-24,LONG_PUT,-143.0,47.26351774,-190.26351774,-0.0019026351774,0.002520743199786013,BEARISH,24898.783873747547,24490.94515734578,25244.49185612302,3
2025-07-18,2025-07-24,SHORT_CALL,63.99999999999855,47.430756244,16.56924375599855,0.0001656924375599855,0.002520743199786013,BEARISH,24898.783873747547,24490.94515734578,25244.49185612302,2
2025-07-18,2025-07-24,SHORT_SYNTHETIC_FUTURE,-79.00000000000145,94.69427398399999,-173.69427398400143,-0.0017369427398400143,0.002520743199786013,BEARISH,24898.783873747547,24490.94515734578,25244.49185612302,1
2025-07-25,2025-07-31,LONG_PUT,-42.20000000000145,47.401753131999996,-89.60175313200145,-0.0008960175313200145,-0.0031589028748028047,BEARISH,24717.484569070388,24312.60945819083,25060.680425832386,3
2025-07-25,2025-07-31,SHORT_CALL,122.7,47.436049066,75.26395093400001,0.0007526395093400001,-0.0031589028748028047,BEARISH,24717.484569070388,24312.60945819083,25060.680425832386,2
2025-07-25,2025-07-31,SHORT_SYNTHETIC_FUTURE,80.49999999999855,94.83780219799999,-14.337802198001441,-0.0001433780219800144,-0.0031589028748028047,BEARISH,24717.484569070388,24312.60945819083,25060.680425832386,1
2025-08-01,2025-08-07,LONG_PUT,-182.25,47.280951805,-229.530951805,-0.00229530951805,0.0018759745322245447,BEARISH,24501.711303995766,24100.47267883669,24841.8246624789,3
2025-08-01,2025-08-07,SHORT_CALL,93.54999999999855,47.435436343,46.11456365699855,0.00046114563656998546,0.0018759745322245447,BEARISH,24501.711303995766,24100.47267883669,24841.8246624789,2
2025-08-01,2025-08-07,SHORT_SYNTHETIC_FUTURE,-88.70000000000145,94.71638814800001,-183.41638814800146,-0.0018341638814800146,0.0018759745322245447,BEARISH,24501.711303995766,24100.47267883669,24841.8246624789,1
2025-08-08,2025-08-14,SHORT_PUT,151.95,47.492038831,104.45796116899999,0.0010445796116899998,0.00996681818739753,RANGE_BOUND,24349.857332128428,23951.650740986297,24687.400560998212,2
2025-08-08,2025-08-14,SHORT_STRADDLE,29.549999999999258,95.01242947099999,-65.46242947100073,-0.0006546242947100073,0.00996681818739753,RANGE_BOUND,24349.857332128428,23951.650740986297,24687.400560998212,1
2025-08-08,2025-08-14,SHORT_STRANGLE,45.24999999999926,94.806646097,-49.55664609700074,-0.0004955664609700074,0.00996681818739753,RANGE_BOUND,24349.857332128428,23951.650740986297,24687.400560998212,3
2025-08-18,2025-08-21,SHORT_PUT,116.25,47.423702605,68.826297395,0.00068826297395,0.0062362817822068095,RANGE_BOUND,25039.94448115627,24633.172923422484,25384.747877343274,2
2025-08-18,2025-08-21,SHORT_STRADDLE,46.25,94.897706285,-48.647706285,-0.00048647706284999997,0.0062362817822068095,RANGE_BOUND,25039.94448115627,24633.172923422484,25384.747877343274,1
2025-08-18,2025-08-21,SHORT_STRANGLE,61.35,94.690774403,-33.340774403000005,-0.00033340774403,0.0062362817822068095,RANGE_BOUND,25039.94448115627,24633.172923422484,25384.747877343274,3
2025-08-22,2025-08-28,LONG_PUT,289.6000000000007,48.022256224,241.57774377600072,0.002415777437760007,-0.016141729120980663,BEARISH,24706.014078487395,24300.360186167694,25049.870076009836,3
2025-08-22,2025-08-28,SHORT_CALL,114.35,47.420065662999995,66.92993433699999,0.0006692993433699999,-0.016141729120980663,BEARISH,24706.014078487395,24300.360186167694,25049.870076009836,2
2025-08-22,2025-08-28,SHORT_SYNTHETIC_FUTURE,403.9500000000007,95.442321887,308.50767811300074,0.0030850767811300074,-0.016141729120980663,BEARISH,24706.014078487395,24300.360186167694,25049.870076009836,1
2025-08-29,2025-09-02,SHORT_PUT,134.7,47.459019226,87.24098077399998,0.0008724098077399998,0.005018621405458168,RANGE_BOUND,24641.490133429037,24241.207877946454,24980.792816961584,2
2025-08-29,2025-09-02,SHORT_STRADDLE,46.00000000000071,94.824826088,-48.824826087999284,-0.00048824826087999284,0.005018621405458168,RANGE_BOUND,24641.490133429037,24241.207877946454,24980.792816961584,1
2025-08-29,2025-09-02,SHORT_STRANGLE,65.65000000000073,94.626603725,-28.976603724999265,-0.00028976603724999264,0.005018621405458168,RANGE_BOUND,24641.490133429037,24241.207877946454,24980.792816961584,3
2025-09-03,2025-09-09,SHORT_PUT,146.45,47.481510841,98.96848915899999,0.00098968489159,0.005529337325848038,RANGE_BOUND,24920.89953351343,24516.632132837163,25263.58025951467,2
2025-09-03,2025-09-09,SHORT_STRADDLE,77.25000000000071,94.904690273,-17.65469027299929,-0.0001765469027299929,0.005529337325848038,RANGE_BOUND,24920.89953351343,24516.632132837163,25263.58025951467,1
2025-09-03,2025-09-09,SHORT_STRANGLE,93.05000000000072,94.699098317,-1.6490983169992717,-1.6490983169992718e-05,0.005529337325848038,RANGE_BOUND,24920.89953351343,24516.632132837163,25263.58025951467,3
2025-09-10,2025-09-16,SHORT_PUT,124.5,47.43949459,77.06050540999999,0.0007706050540999999,0.010334113743055262,RANGE_BOUND,25128.05401163864,24719.56359528697,25474.314413060503,2
2025-09-10,2025-09-16,SHORT_STRADDLE,-63.900000000001455,94.943684762,-158.84368476200146,-0.0015884368476200147,0.010334113743055262,RANGE_BOUND,25128.05401163864,24719.56359528697,25474.314413060503,1
2025-09-10,2025-09-16,SHORT_STRANGLE,-46.900000000001455,94.740389822,-141.64038982200145,-0.0014164038982200145,0.010334113743055262,RANGE_BOUND,25128.05401163864,24719.56359528697,25474.314413060503,3
2025-09-17,2025-09-23,SHORT_PUT,-31.700000000000728,47.480575185999996,-79.18057518600072,-0.0007918057518600072,-0.00659235192775165,BULLISH,25575.474622359776,25161.26390969779,25926.583881961353,2
2025-09-17,2025-09-23,LONG_SYNTHETIC_FUTURE,-129.80000000000072,94.724149244,-224.52414924400074,-0.0022452414924400074,-0.00659235192775165,BULLISH,25575.474622359776,25161.26390969779,25926.583881961353,1
2025-09-17,2025-09-23,RANGE_FORWARD,-30.700000000000728,94.581197804,-125.28119780400073,-0.0012528119780400072,-0.00659235192775165,BULLISH,25575.474622359776,25161.26390969779,25926.583881961353,3
2025-09-26,2025-09-30,LONG_PUT,-7.75,47.409798895,-55.159798895,-0.00055159798895,-0.0031551363107992225,BEARISH,24539.74260285524,24137.482438024683,24880.72187819359,3
2025-09-26,2025-09-30,SHORT_CALL,84.5,47.36292738999999,37.13707261000001,0.0003713707261000001,-0.0031551363107992225,BEARISH,24539.74260285524,24137.482438024683,24880.72187819359,2
2025-09-26,2025-09-30,SHORT_SYNTHETIC_FUTURE,76.75,94.772726285,-18.022726285000005,-0.00018022726285000005,-0.0031551363107992225,BEARISH,24539.74260285524,24137.482438024683,24880.72187819359,1
2025-10-01,2025-10-07,SHORT_PUT,137.25,47.463900384999995,89.78609961500001,0.0008978609961500002,0.01033756288250176,RANGE_BOUND,25064.306864405404,24657.528789672117,25409.11578478287,2
2025-10-01,2025-10-07,SHORT_STRADDLE,-80.24999999999926,94.89800192300001,-175.14800192299927,-0.0017514800192299927,0.01033756288250176,RANGE_BOUND,25064.306864405404,24657.528789672117,25409.11578478287,1
2025-10-01,2025-10-07,SHORT_STRANGLE,-61.249999999999275,94.698535343,-155.94853534299926,-0.0015594853534299927,0.01033756288250176,RANGE_BOUND,25064.306864405404,24657.528789672117,25409.11578478287,3
2025-10-08,2025-10-14,SHORT_PUT,121.3,47.433369213999995,73.866630786,0.00073866630786,0.0034075890511298113,RANGE_BOUND,25153.31878028751,24744.04469474608,25500.243465612664,2
2025-10-08,2025-10-14,SHORT_STRADDLE,96.5,94.83706289,1.6629371100000014,1.6629371100000013e-05,0.0034075890511298113,RANGE_BOUND,25153.31878028751,24744.04469474608,25500.243465612664,1
2025-10-08,2025-10-14,SHORT_STRANGLE,114.65,94.63596925699999,20.01403074300002,0.0002001403074300002,0.0034075890511298113,RANGE_BOUND,25153.31878028751,24744.04469474608,25500.243465612664,3
2025-10-15,2025-10-20,SHORT_PUT,108.6,47.409059127999996,61.190940872,0.00061190940872,0.019284320820616152,BULLISH,25564.741585153977,25150.508062993747,25915.870179422178,2
2025-10-15,2025-10-20,LONG_SYNTHETIC_FUTURE,529.0499999999986,95.635915703,433.41408429699857,0.004334140842969986,0.019284320820616152,BULLISH,25564.741585153977,25150.508062993747,25915.870179422178,1
2025-10-15,2025-10-20,RANGE_FORWARD,433.69999999999857,95.35080998,338.34919001999856,0.0033834919001999855,0.019284320820616152,BULLISH,25564.741585153977,25150.508062993747,25915.870179422178,3
2025-10-21,2025-10-28,SHORT_PUT,128.4,47.446959892,80.95304010800001,0.0008095304010800001,0.0006214704531330995,RANGE_BOUND,25943.305457771043,25521.2270974638,26301.0837963102,2
2025-10-21,2025-10-28,SHORT_STRADDLE,249.29999999999856,94.93239069799999,154.36760930199858,0.001543676093019986,0.0006214704531330995,RANGE_BOUND,25943.305457771043,25521.2270974638,26301.0837963102,1
2025-10-21,2025-10-28,SHORT_STRANGLE,184.60000000000002,94.755715988,89.84428401200002,0.0008984428401200002,0.0006214704531330995,RANGE_BOUND,25943.305457771043,25521.2270974638,26301.0837963102,3
2025-10-29,2025-11-04,SHORT_PUT,-332.3500000000007,47.842525069000004,-380.1925250690007,-0.003801925250690007,-0.0202144161105543,RANGE_BOUND,26319.804937456025,25892.31095056505,26682.173878270703,2
2025-10-29,2025-11-04,SHORT_STRADDLE,-241.1000000000007,95.218373174,-336.3183731740007,-0.003363183731740007,-0.0202144161105543,RANGE_BOUND,26319.804937456025,25892.31095056505,26682.173878270703,1
2025-10-29,2025-11-04,SHORT_STRANGLE,-229.95000000000073,95.003880281,-324.9538802810007,-0.003249538802810007,-0.0202144161105543,RANGE_BOUND,26319.804937456025,25892.31095056505,26682.173878270703,3
2025-11-06,2025-11-11,SHORT_PUT,161.7,47.51070208599999,114.18929791400001,0.00114189297914,0.007187675594680698,RANGE_BOUND,25601.924228047712,25184.39310414095,25955.848062690664,2
2025-11-06,2025-11-11,SHORT_STRADDLE,64.79999999999853,94.907036528,-30.107036528001473,-0.00030107036528001475,0.007187675594680698,RANGE_BOUND,25601.924228047712,25184.39310414095,25955.848062690664,1
2025-11-06,2025-11-11,SHORT_STRANGLE,79.34999999999854,94.69905184700002,-15.349051847001476,-0.00015349051847001477,0.007187675594680698,RANGE_BOUND,25601.924228047712,25184.39310414095,25955.848062690664,3
2025-11-12,2025-11-18,SHORT_PUT,112.19999999999928,47.53669820799999,64.66330179199929,0.0006466330179199928,-0.001435382762322912,RANGE_BOUND,26014.73941508929,25591.360913381985,26373.619829626,2
2025-11-12,2025-11-18,SHORT_STRADDLE,213.8999999999993,94.93254949400001,118.96745050599928,0.001189674505059993,-0.001435382762322912,RANGE_BOUND,26014.73941508929,25591.360913381985,26373.619829626,1
2025-11-12,2025-11-18,SHORT_STRANGLE,178.10000000000002,94.74327381799998,83.35672618200005,0.0008335672618200005,-0.001435382762322912,RANGE_BOUND,26014.73941508929,25591.360913381985,26373.619829626,3
2025-11-19,2025-11-25,SHORT_PUT,-29.00000000000074,47.530552312,-76.53055231200074,-0.0007653055231200074,-0.007065321621725351,RANGE_BOUND,26046.445560439264,25621.683825588276,26406.49848440194,2
2025-11-19,2025-11-25,SHORT_STRADDLE,125.44999999999925,95.02737659300001,30.422623406999236,0.00030422623406999234,-0.007065321621725351,RANGE_BOUND,26046.445560439264,25621.683825588276,26406.49848440194,1
2025-11-19,2025-11-25,SHORT_STRANGLE,137.34999999999928,94.814319335,42.53568066499929,0.0004253568066499929,-0.007065321621725351,RANGE_BOUND,26046.445560439264,25621.683825588276,26406.49848440194,3
2025-11-26,2025-12-02,SHORT_PUT,46.400000000000006,47.731010452,-1.331010451999994,-1.331010451999994e-05,-0.006375752429760628,BULLISH,26550.07280667787,26120.25713871535,26914.40974034532,2
2025-11-26,2025-12-02,LONG_SYNTHETIC_FUTURE,-12.799999999999997,94.957305908,-107.75730590799999,-0.0010775730590799999,-0.006375752429760628,BULLISH,26550.07280667787,26120.25713871535,26914.40974034532,1
2025-11-26,2025-12-02,RANGE_FORWARD,49.64999999999999,94.78205144900001,-45.132051449000016,-0.00045132051449000015,-0.006375752429760628,BULLISH,26550.07280667787,26120.25713871535,26914.40974034532,3
2025-12-03,2025-12-09,SHORT_PUT,5.950000000000728,47.660185279000004,-41.710185278999276,-0.0004171018527899928,-0.006733955203893416,RANGE_BOUND,26165.72156494696,25739.897559177625,26526.67493195526,2
2025-12-03,2025-12-09,SHORT_STRADDLE,76.20000000000073,94.995835604,-18.79583560399928,-0.0001879583560399928,-0.006733955203893416,RANGE_BOUND,26165.72156494696,25739.897559177625,26526.67493195526,1
2025-12-03,2025-12-09,SHORT_STRANGLE,88.20000000000073,94.782969764,-6.582969763999273,-6.582969763999273e-05,-0.006733955203893416,RANGE_BOUND,26165.72156494696,25739.897559177625,26526.67493195526,3
2025-12-10,2025-12-16,SHORT_PUT,157.3,47.502279694,109.797720306,0.00109797720306,0.002969389767204511,RANGE_BOUND,25801.963731045154,25380.576172684814,26159.156505395134,2
2025-12-10,2025-12-16,SHORT_STRADDLE,169.6499999999993,94.94100224900002,74.70899775099927,0.0007470899775099927,0.002969389767204511,RANGE_BOUND,25801.963731045154,25380.576172684814,26159.156505395134,1
2025-12-10,2025-12-16,SHORT_STRANGLE,173.7,94.73485142599999,78.965148574,0.0007896514857399999,0.002969389767204511,RANGE_BOUND,25801.963731045154,25380.576172684814,26159.156505395134,3
2025-12-17,2025-12-23,SHORT_PUT,136.95,47.463326131,89.48667386899999,0.0008948667386899998,0.011935376750148663,RANGE_BOUND,25883.24629721524,25461.30642314735,26240.907246707033,2
2025-12-17,2025-12-23,SHORT_STRADDLE,-73.35000000000147,94.985733941,-168.33573394100148,-0.0016833573394100148,0.011935376750148663,RANGE_BOUND,25883.24629721524,25461.30642314735,26240.907246707033,1
2025-12-17,2025-12-23,SHORT_STRANGLE,-58.900000000001455,94.777557842,-153.67755784200145,-0.0015367755784200146,0.011935376750148663,RANGE_BOUND,25883.24629721524,25461.30642314735,26240.907246707033,3
2025-12-26,2025-12-30,SHORT_PUT,-52.250000000000725,47.368129626999995,-99.61812962700071,-0.000996181296270007,-0.004735190059938166,RANGE_BOUND,26040.77360331399,25616.18782744948,26400.677374134142,2
2025-12-26,2025-12-30,SHORT_STRADDLE,18.799999999999272,94.70531129600002,-75.90531129600075,-0.0007590531129600074,-0.004735190059938166,RANGE_BOUND,26040.77360331399,25616.18782744948,26400.677374134142,1
2025-12-26,2025-12-30,SHORT_STRANGLE,45.29999999999927,94.52020106600001,-49.22020106600074,-0.0004922020106600075,-0.004735190059938166,RANGE_BOUND,26040.77360331399,25616.18782744948,26400.677374134142,3
2025-12-31,2026-01-06,SHORT_PUT,154.74999999999855,47.532538099,107.21746190099856,0.0010721746190099856,-0.00042591543296965906,RANGE_BOUND,26393.24084792411,25964.808413105267,26756.405272165593,2
2025-12-31,2026-01-06,SHORT_STRADDLE,202.44999999999857,94.825023665,107.62497633499856,0.0010762497633499857,-0.00042591543296965906,RANGE_BOUND,26393.24084792411,25964.808413105267,26756.405272165593,1
2025-12-31,2026-01-06,SHORT_STRANGLE,133.25,94.65742284499999,38.592577155000015,0.0003859257715500002,-0.00042591543296965906,RANGE_BOUND,26393.24084792411,25964.808413105267,26756.405272165593,3
2026-01-07,2026-01-13,SHORT_PUT,-314.1000000000007,47.682894153999996,-361.7828941540007,-0.003617828941540007,-0.01694282131326874,RANGE_BOUND,26240.043454749964,25913.8643617607,26539.86273816138,2
2026-01-07,2026-01-13,SHORT_STRADDLE,-256.7000000000007,94.99394726599999,-351.6939472660007,-0.003516939472660007,-0.01694282131326874,RANGE_BOUND,26240.043454749964,25913.8643617607,26539.86273816138,1
2026-01-07,2026-01-13,SHORT_STRANGLE,-240.40000000000072,94.7893124,-335.18931240000074,-0.0033518931240000076,-0.01694282131326874,RANGE_BOUND,26240.043454749964,25913.8643617607,26539.86273816138,3
2026-01-14,2026-01-20,SHORT_PUT,-308.8999999999993,47.64945406599999,-356.54945406599927,-0.0035654945406599927,-0.01787783350830119,RANGE_BOUND,25670.433390327198,25350.67336880692,25964.35235256732,2
2026-01-14,2026-01-20,SHORT_STRADDLE,-192.5499999999993,95.073348089,-287.6233480889993,-0.002876233480889993,-0.01787783350830119,RANGE_BOUND,25670.433390327198,25350.67336880692,25964.35235256732,1
2026-01-14,2026-01-20,SHORT_STRANGLE,-177.79999999999927,94.865746244,-272.66574624399925,-0.0027266574624399925,-0.01787783350830119,RANGE_BOUND,25670.433390327198,25350.67336880692,25964.35235256732,3
2026-01-21,2026-01-27,SHORT_PUT,130.25000000000074,47.534930413,82.71506958700074,0.0008271506958700074,-0.0005560365713196402,RANGE_BOUND,25142.77353541029,24829.73718975759,25430.51218835458,2
2026-01-21,2026-01-27,SHORT_STRADDLE,275.8500000000007,95.01481420100001,180.8351857990007,0.0018083518579900069,-0.0005560365713196402,RANGE_BOUND,25142.77353541029,24829.73718975759,25430.51218835458,1
2026-01-21,2026-01-27,SHORT_STRANGLE,222.7,94.82864624599999,127.871353754,0.00127871353754,-0.0005560365713196402,RANGE_BOUND,25142.77353541029,24829.73718975759,25430.51218835458,3
2026-01-28,2026-02-03,SHORT_PUT,250.3,47.680298434,202.619701566,0.00202619701566,0.014408417942350482,RANGE_BOUND,25573.346806271133,25256.926243585975,25864.19618441943,2
2026-01-28,2026-02-03,SHORT_STRADDLE,52.900000000001455,95.36937243800001,-42.46937243799856,-0.0004246937243799856,0.014408417942350482,RANGE_BOUND,25573.346806271133,25256.926243585975,25864.19618441943,1
2026-01-28,2026-02-03,SHORT_STRANGLE,61.600000000001444,95.15018980400001,-33.55018980399856,-0.0003355018980399856,0.014408417942350482,RANGE_BOUND,25573.346806271133,25256.926243585975,25864.19618441943,3
2026-02-04,2026-02-10,SHORT_PUT,185.2,47.555685316,137.644314684,0.00137644314684,0.00529231531057528,RANGE_BOUND,25860.70817619375,25539.334373002595,26156.110504089564,2
2026-02-04,2026-02-10,SHORT_STRADDLE,184.90000000000146,95.076083858,89.82391614200145,0.0008982391614200145,0.00529231531057528,RANGE_BOUND,25860.70817619375,25539.334373002595,26156.110504089564,1
2026-02-04,2026-02-10,SHORT_STRANGLE,197.85000000000144,94.865036489,102.98496351100144,0.0010298496351100145,0.00529231531057528,RANGE_BOUND,25860.70817619375,25539.334373002595,26156.110504089564,3
2026-02-11,2026-02-17,SHORT_PUT,-126.49999999999855,47.573624026,-174.07362402599855,-0.0017407362402599856,-0.009802186641635457,RANGE_BOUND,25968.99156132657,25645.81002427605,26266.05553303084,2
2026-02-11,2026-02-17,SHORT_STRADDLE,-20.449999999998553,94.977801995,-115.42780199499855,-0.0011542780199499854,-0.009802186641635457,RANGE_BOUND,25968.99156132657,25645.81002427605,26266.05553303084,1
2026-02-11,2026-02-17,SHORT_STRANGLE,-4.7499999999985505,94.77201862099999,-99.52201862099854,-0.0009952201862099854,-0.009802186641635457,RANGE_BOUND,25968.99156132657,25645.81002427605,26266.05553303084,3
2026-02-18,2026-02-24,SHORT_PUT,-288.7999999999993,47.65844958400001,-336.45844958399925,-0.0033645844958399927,-0.01572336784395101,RANGE_BOUND,25830.779326047206,25509.666612340556,26125.941664121994,2
2026-02-18,2026-02-24,SHORT_STRADDLE,-167.74999999999926,95.091340253,-262.84134025299926,-0.0026284134025299924,-0.01572336784395101,RANGE_BOUND,25830.779326047206,25509.666612340556,26125.941664121994,1
2026-02-18,2026-02-24,SHORT_STRANGLE,-153.1499999999993,94.88345128099999,-248.0334512809993,-0.0024803345128099927,-0.01572336784395101,RANGE_BOUND,25830.779326047206,25509.666612340556,26125.941664121994,3
2026-02-25,2026-03-02,SHORT_PUT,-443.2999999999993,47.927535993999996,-491.22753599399925,-0.0049122753599399925,-0.025229429391934066,RANGE_BOUND,25663.25954443187,25344.620964411693,25956.147693250237,2
2026-02-25,2026-03-02,SHORT_STRADDLE,-358.99999999999926,95.29008054799999,-454.29008054799925,-0.0045429008054799925,-0.025229429391934066,RANGE_BOUND,25663.25954443187,25344.620964411693,25956.147693250237,1
2026-02-25,2026-03-02,SHORT_STRANGLE,-347.0999999999993,95.07702328999999,-442.1770232899993,-0.004421770232899993,-0.025229429391934066,RANGE_BOUND,25663.25954443187,25344.620964411693,25956.147693250237,3
2026-03-04,2026-03-10,SHORT_PUT,153.34999999999854,47.98148418700001,105.36851581299854,0.0010536851581299854,-0.007773127188861473,RANGE_BOUND,24558.110696146738,24252.45323663939,24839.066779625286,2
2026-03-04,2026-03-10,SHORT_STRADDLE,416.44999999999857,95.686284125,320.7637158749986,0.003207637158749986,-0.007773127188861473,RANGE_BOUND,24558.110696146738,24252.45323663939,24839.066779625286,1
2026-03-04,2026-03-10,SHORT_STRANGLE,421.44999999999857,95.460019025,325.98998097499856,0.0032598998097499855,-0.007773127188861473,RANGE_BOUND,24558.110696146738,24252.45323663939,24839.066779625286,3
2026-03-11,2026-03-17,SHORT_PUT,-12.599999999998545,47.961451048,-60.561451047998546,-0.0006056145104799854,-0.01343826626731992,RANGE_BOUND,23891.912432834633,23594.281610050853,24165.490543529548,2
2026-03-11,2026-03-17,SHORT_STRADDLE,253.35000000000144,95.671706399,157.67829360100143,0.0015767829360100144,-0.01343826626731992,RANGE_BOUND,23891.912432834633,23594.281610050853,24165.490543529548,1
2026-03-11,2026-03-17,SHORT_STRANGLE,259.2500000000015,95.447164061,163.80283593900148,0.0016380283593900149,-0.01343826626731992,RANGE_BOUND,23891.912432834633,23594.281610050853,24165.490543529548,3
2026-03-18,2026-03-24,SHORT_PUT,-643.2999999999986,48.025333761999995,-691.3253337619985,-0.006913253337619985,-0.03566561800777246,RANGE_BOUND,23814.53407641623,23518.926075495718,24086.252837402506,2
2026-03-18,2026-03-24,SHORT_STRADDLE,-444.4999999999986,95.60705192600001,-540.1070519259986,-0.005401070519259986,-0.03566561800777246,RANGE_BOUND,23814.53407641623,23518.926075495718,24086.252837402506,1
2026-03-18,2026-03-24,SHORT_STRANGLE,-435.34999999999854,95.38873067300001,-530.7387306729986,-0.005307387306729986,-0.03566561800777246,RANGE_BOUND,23814.53407641623,23518.926075495718,24086.252837402506,3
2026-03-27,2026-03-30,SHORT_PUT,-278.54999999999853,47.803770517000004,-326.35377051699857,-0.0032635377051699857,-0.021834979795411935,RANGE_BOUND,22841.16223107671,22557.48726288123,23101.91231443329,2
2026-03-27,2026-03-30,SHORT_STRADDLE,-55.599999999998545,95.431716128,-151.03171612799855,-0.0015103171612799854,-0.021834979795411935,RANGE_BOUND,22841.16223107671,22557.48726288123,23101.91231443329,1
2026-03-27,2026-03-30,SHORT_STRANGLE,-48.04999999999856,95.21033218699999,-143.26033218699854,-0.0014326033218699855,-0.021834979795411935,RANGE_BOUND,22841.16223107671,22557.48726288123,23101.91231443329,3
