signal_date,expiry,target_date,spot,target_close,target_return,pred_return_ridge,pred_close_ridge,pred_regime_ridge,pred_return_hgbr,pred_close_hgbr,pred_regime_hgbr,pred_return_rf,pred_close_rf,pred_regime_rf,pred_return_et,pred_close_et,pred_regime_et,pred_return_ensemble,pred_close_ensemble,pred_regime_ensemble,pred_low,pred_high,residual_q_low,residual_q_high,window
2021-01-01,2021-01-07,2021-01-07,14053.85,14191.1,0.009766007179527358,0.006768055982054722,14148.967243563398,BULLISH,0.012972239479513871,14236.159907809168,BULLISH,0.006482535845377547,14144.954586390559,BULLISH,0.007759263397613125,14162.897523900545,BULLISH,0.008495523676139816,14173.244815415916,BULLISH,13784.70388734149,14645.630658585687,-0.027646582827796397,0.03361255763863796,1
2021-01-08,2021-01-14,2021-01-14,14370.9,14628.1,0.01789727852813683,0.004950939273432228,14442.049453204565,RANGE_BOUND,0.015692251346147358,14596.411774870347,BULLISH,0.005283559530673602,14446.829505659356,BULLISH,0.00423246085809115,14431.724271745543,RANGE_BOUND,0.007539802752086085,14479.253751369954,BULLISH,14081.947474209974,14962.296455939055,-0.027646582827796397,0.03361255763863796,1
2021-01-15,2021-01-21,2021-01-21,14458.5,14598.65,0.009693260020057437,-0.0011689988103514332,14441.598030700534,RANGE_BOUND,-0.013000187215057427,14270.536793151092,BEARISH,0.002753364482185357,14498.309520365676,RANGE_BOUND,0.0011297643005753594,14474.83469713987,RANGE_BOUND,-0.0025715143106620356,14421.319760339293,RANGE_BOUND,14021.5916425236,14907.30692495754,-0.027646582827796397,0.03361255763863796,1
2021-01-22,2021-01-28,2021-01-28,14380.15,13813.5,-0.03940501316050249,0.009588728798616802,14518.037358433428,BULLISH,0.019671148442391283,14663.024065273852,BULLISH,0.005649485936599782,14461.390455191196,BULLISH,0.004323590829026403,14442.323884660023,RANGE_BOUND,0.009808238501658567,14521.193940889623,BULLISH,14123.631932838487,15004.547561616882,-0.027646582827796397,0.03361255763863796,1
2021-01-29,2021-02-04,2021-02-04,13709.1,14895.35,0.08653011503308017,0.000446452227825281,13715.220458236481,RANGE_BOUND,-0.00965213648651434,13576.777895692727,BEARISH,0.0054744433509212,13784.149691342116,BULLISH,-0.002996485166228609,13668.020885207656,RANGE_BOUND,-0.001681931518499117,13686.042232619744,RANGE_BOUND,13307.0324639752,14146.840146543596,-0.027646582827796397,0.03361255763863796,1
2021-02-05,2021-02-11,2021-02-11,14930.65,15184.95,0.017032078308714116,-0.01632632714199954,14686.887323657304,BEARISH,0.0011094623296948908,14947.21499373286,RANGE_BOUND,0.004551043392798171,14998.600036032682,RANGE_BOUND,0.005237519272347011,15008.849567123669,BULLISH,-0.0013570755367898666,14910.387980136627,RANGE_BOUND,14497.60652823879,15412.245313843958,-0.027646582827796397,0.03361255763863796,1
2021-02-12,2021-02-18,2021-02-18,15161.45,15116.1,-0.0029911387103476184,0.01761264419232573,15428.483224289737,BULLISH,0.014000784982609432,15373.722201474584,BULLISH,0.006299817638435087,15256.964370134252,BULLISH,0.00910073444185107,15299.430330203402,BULLISH,0.01175349531380533,15339.650031525496,BULLISH,14920.487748311001,15849.265143535822,-0.027646582827796397,0.03361255763863796,1
2021-02-19,2021-02-25,2021-02-25,14987.0,15100.55,0.007576566357509806,-0.014991898017125985,14762.316424417333,BEARISH,0.022402219597039766,15322.742065100834,BULLISH,0.007719223836529799,15102.688007638071,BULLISH,0.004524814652537089,15054.813397197575,RANGE_BOUND,0.004913590017245168,15060.639973588453,RANGE_BOUND,14646.300636748269,15564.391374918721,-0.027646582827796397,0.03361255763863796,1
2021-02-26,2021-03-04,2021-03-04,14578.45,15106.25,0.036204123209257366,0.002106654101766374,14609.161751489899,RANGE_BOUND,-0.019174067087122312,14298.921821673743,BEARISH,0.016677380468458486,14821.5803572904,BULLISH,0.003726144705833787,14632.771414286764,RANGE_BOUND,0.0008340280472340833,14590.6088361852,RANGE_BOUND,14187.564510759312,15080.627827092201,-0.027646582827796397,0.03361255763863796,1
2021-03-05,2021-03-10,2021-03-10,14953.05,15209.3,0.017136972055868283,0.008822184520392764,15084.96856624266,BULLISH,0.015135834236448983,15179.376886129332,BULLISH,0.005411805311222249,15033.97299540897,BULLISH,0.004310317234001751,15017.502389115889,RANGE_BOUND,0.008420035325516436,15078.955209224212,BULLISH,14665.55447387103,15581.565464222647,-0.027646582827796397,0.03361255763863796,1
2021-03-12,2021-03-18,2021-03-18,15051.4,14577.05,-0.03151534076564311,0.016866225499628993,15305.260306485116,BULLISH,0.005895562891665527,15140.136475307614,BULLISH,0.001933075657533439,15080.4954949518,RANGE_BOUND,0.0031009691646242442,15098.073927284424,RANGE_BOUND,0.006948958303363051,15155.991551007239,BULLISH,14739.871774232943,15661.907601049434,-0.027646582827796397,0.03361255763863796,1
2021-03-19,2021-03-25,2021-03-25,14756.45,14334.1,-0.02862138251408708,0.004843477577605965,14827.922534700067,RANGE_BOUND,0.0015044363473410908,14778.650139737721,RANGE_BOUND,0.012314341824657111,14938.165969418464,BULLISH,0.007230774424213889,14863.150561252192,BULLISH,0.006473257543454514,14851.97230127711,BULLISH,14444.006884107874,15347.974327443788,-0.027646582827796397,0.03361255763863796,1
2021-03-26,2021-04-01,2021-04-01,14608.5,14953.35,0.023606119724817853,-0.007272751011149935,14502.256016853617,BEARISH,-0.033542503053840184,14118.494344137975,BEARISH,0.008302438417460868,14729.786171621476,BULLISH,0.004083041194086335,14668.147107283812,RANGE_BOUND,-0.00710744361336073,14504.67090997422,BEARISH,14100.795804734356,14995.699958238261,-0.027646582827796397,0.03361255763863796,1
2021-04-05,2021-04-08,2021-04-08,14698.45,14924.4,0.015372369195391311,0.001826563131252225,14725.297646856554,RANGE_BOUND,0.007497757264054922,14808.655410257848,BULLISH,0.007422945204116316,14807.555788935444,BULLISH,0.004955042553094271,14771.281445214529,RANGE_BOUND,0.005425577038129434,14778.197572816096,BULLISH,14371.83565745087,15272.250070639733,-0.027646582827796397,0.03361255763863796,1
2021-04-09,2021-04-15,2021-04-15,14889.4,14592.0,-0.019973941193063505,0.016251330897442712,15131.372566264385,BULLISH,0.018172655364567532,15159.979934785191,BULLISH,0.005327998150393342,14968.730695660466,BULLISH,0.003622605848709618,14943.338427523777,RANGE_BOUND,0.010843647565278301,15050.855406058454,BULLISH,14639.21437570226,15551.32622176319,-0.027646582827796397,0.03361255763863796,1
2021-04-16,2021-04-22,2021-04-22,14645.7,14403.6,-0.016530449210348408,-0.006691969785040835,14547.691418119228,BEARISH,0.01616917868930096,14882.508940329897,BULLISH,0.011778013883547593,14818.197257934273,BULLISH,0.0038712387127005205,14702.397000814597,RANGE_BOUND,0.0062816153751270596,14737.698654299498,BULLISH,14332.79509617844,15229.978089707698,-0.027646582827796397,0.03361255763863796,1
2021-04-23,2021-04-29,2021-04-29,14338.6,14901.15,0.03923325847711756,0.001517844651921027,14360.363767326036,RANGE_BOUND,-0.023361210706302052,14003.632944166618,BEARISH,0.010728689510316969,14492.43438741263,BULLISH,-0.00012255781564246394,14336.84269250463,RANGE_BOUND,-0.0028093085899266296,14298.318447852478,RANGE_BOUND,13901.905155317836,14780.275466809853,-0.027646582827796397,0.03361255763863796,1
2021-04-30,2021-05-06,2021-05-06,14690.8,14769.95,0.00538772565142831,0.014138943664764744,14898.512393590325,BULLISH,-0.002384010033441617,14655.776985400717,RANGE_BOUND,0.006816610660527065,14790.94146389167,BULLISH,0.005829706721531585,14776.443055504677,BULLISH,0.006100312753345444,14780.418474596847,BULLISH,14374.268055590255,15274.213836354547,-0.027646582827796397,0.03361255763863796,1
2021-05-07,2021-05-12,2021-05-12,14869.55,14710.05,-0.010726619164668771,0.01901354703098201,15152.272888254538,BULLISH,-0.005611298457386061,14786.112517022975,BEARISH,0.002591220204640855,14908.080278393914,RANGE_BOUND,0.002201927151896198,14902.29166588148,RANGE_BOUND,0.00454884898253325,14937.189337388225,RANGE_BOUND,14526.097091701165,15436.992943823834,-0.027646582827796397,0.03361255763863796,1
2021-05-14,2021-05-20,2021-05-20,14714.95,14933.25,0.01483525258325713,0.005798095166687877,14800.268680473055,BULLISH,-0.009003586198965012,14582.46267926154,BEARISH,0.0058042965594455,14800.359933657415,BULLISH,0.0025112700832400792,14751.903213711375,RANGE_BOUND,0.001277518902602111,14733.748626775847,RANGE_BOUND,14326.930542793963,15228.355731800522,-0.027646582827796397,0.03361255763863796,1
2021-05-21,2021-05-27,2021-05-27,15206.2,15333.55,0.008374873406899797,-0.0065919800887347035,15105.961032374682,BEARISH,-0.016275882812692342,14958.70567077364,BEARISH,0.002107872356812975,15238.25272863217,RANGE_BOUND,0.002023455944229599,15236.969075779145,RANGE_BOUND,-0.0046841336500961185,15134.972126889908,RANGE_BOUND,14714.572659093872,15646.091400854566,-0.027646582827796397,0.03361255763863796,1
2021-05-28,2021-06-03,2021-06-03,15463.85,15712.4,0.01607297018530307,0.02030964665850684,15777.915329480153,BULLISH,-0.00751820663956737,15347.589580256727,BEARISH,0.0006241283966304813,15473.501427906232,RANGE_BOUND,0.0023641967449989083,15500.409583835153,RANGE_BOUND,0.0039449412901422145,15524.853980369566,RANGE_BOUND,15097.331370507947,16044.633529809817,-0.027646582827796397,0.03361255763863796,1
2021-06-04,2021-06-10,2021-06-10,15700.85,15751.25,0.0032100172920574988,0.008671397951089604,15836.998318520364,BULLISH,-0.003421159643869407,15647.134885605554,RANGE_BOUND,0.0036760985574385147,15758.567872035557,RANGE_BOUND,0.002126606724525371,15734.239533190765,RANGE_BOUND,0.0027632358972960206,15744.23515233806,RANGE_BOUND,15310.160302346252,16271.980877938668,-0.027646582827796397,0.03361255763863796,1
2021-06-11,2021-06-17,2021-06-17,15817.3,15692.15,-0.007912222692874282,-0.00333045630952761,15764.621173415308,RANGE_BOUND,0.0019345424702832297,15847.89923861521,RANGE_BOUND,0.003404754441653351,15871.154022429962,RANGE_BOUND,0.0012689653260771995,15837.37160525216,RANGE_BOUND,0.0008194514821215425,15830.261509928161,RANGE_BOUND,15392.967215366058,16361.921417865788,-0.027646582827796397,0.03361255763863796,1
2021-06-18,2021-06-24,2021-06-24,15696.7,15791.45,0.006036300623697866,-0.010655703212816031,15529.44062337939,BEARISH,-0.0033630503593576463,15643.911207424271,RANGE_BOUND,0.003585522452601601,15752.980870281752,RANGE_BOUND,0.0017082767343540627,15723.514307416137,RANGE_BOUND,-0.0021812385963045034,15662.461752125388,RANGE_BOUND,15228.501635452316,16190.067985611797,-0.027646582827796397,0.03361255763863796,1
2021-06-25,2021-07-01,2021-07-01,15888.0,15710.6,-0.011165659617321189,0.0007348827044194694,15899.675816407818,RANGE_BOUND,-0.00611066912526745,15790.91368893775,BEARISH,0.00015565807183334893,15890.473095445288,RANGE_BOUND,0.0005089937970731946,15896.0868934479,RANGE_BOUND,-0.0011777836379853592,15869.287373559688,RANGE_BOUND,15430.038465591659,16403.323689322366,-0.027646582827796397,0.03361255763863796,1
2021-07-02,2021-07-08,2021-07-08,15741.55,15735.4,-0.00039068579650669566,0.021224412852302137,16075.655156135153,BULLISH,-0.0014207119287376726,15719.185792138178,RANGE_BOUND,-0.006005033249245819,15647.021468855333,BEARISH,0.002049300640177852,15773.809168492391,RANGE_BOUND,0.003961992078624125,15803.917896405263,RANGE_BOUND,15368.717830492365,16333.031653101763,-0.027646582827796397,0.03361255763863796,1
2021-07-09,2021-07-15,2021-07-15,15722.45,15937.3,0.013665173048729606,-0.008934239117688793,15581.981872184095,BEARISH,-0.013856305484318359,15504.59492983808,BEARISH,-0.006791337189935549,15615.6735405981,BEARISH,-0.0008286837630444318,15709.421060969722,RANGE_BOUND,-0.007602641388746783,15602.917850897498,BEARISH,15168.24583471661,16131.389607743104,-0.027646582827796397,0.03361255763863796,1
2021-07-16,2021-07-22,2021-07-22,15936.0,15816.9,-0.007473644578313232,7.917692559614132e-05,15937.2617634863,RANGE_BOUND,0.0009913887296087356,15951.798770795043,RANGE_BOUND,-0.00423654474132173,15868.486423002298,RANGE_BOUND,-0.0029157804731293137,15889.534122380212,RANGE_BOUND,-0.0015204398898115417,15911.770269915964,RANGE_BOUND,15471.1943259722,16447.419988445297,-0.027646582827796397,0.03361255763863796,1
2021-07-23,2021-07-29,2021-07-29,15853.1,15781.05,-0.004544852426339396,0.01552659263502169,16099.244625702262,BULLISH,-0.0005569821680433705,15844.270105991793,RANGE_BOUND,-0.004600604460255403,15780.166157431124,RANGE_BOUND,-0.0015118166302872237,15829.133019778394,RANGE_BOUND,0.0022142973441089233,15888.203477225892,RANGE_BOUND,15449.919434998552,16421.06671472698,-0.027646582827796397,0.03361255763863796,1
2021-07-30,2021-08-05,2021-08-05,15777.25,16300.65,0.03317434914196071,-0.002339233005062627,15740.343336070875,RANGE_BOUND,0.0040271474568129625,15840.787312213002,RANGE_BOUND,-0.0018606703722523804,15747.893738369381,RANGE_BOUND,0.0021408218664835535,15811.026281792978,RANGE_BOUND,0.0004920164864953771,15785.01266711156,RANGE_BOUND,15348.82561819171,16315.32639211576,-0.027646582827796397,0.03361255763863796,1
2021-08-06,2021-08-12,2021-08-12,16251.7,16358.6,0.006577773402167031,0.0078073582919566675,16378.582844753393,BULLISH,-0.01496728084328023,16008.456241919263,BEARISH,-0.0012191018440408797,16231.887522561203,RANGE_BOUND,-6.713369265844397e-05,16250.608963367024,RANGE_BOUND,-0.002111539522005721,16217.38389315022,RANGE_BOUND,15768.079923007721,16763.64509612607,-0.027646582827796397,0.03361255763863796,1
2021-08-13,2021-08-18,2021-08-18,16517.35,16572.3,0.003326804844602904,0.0029653040719305173,16566.3289652125,RANGE_BOUND,0.001845405049938397,16547.8312011016,RANGE_BOUND,0.002871010144897631,16564.771479416824,RANGE_BOUND,0.0014859769279188828,16541.894401010362,RANGE_BOUND,0.0022919240486713567,16555.206511685323,RANGE_BOUND,16098.558226814617,17110.396890597876,-0.027646582827796397,0.03361255763863796,1
2021-08-20,2021-08-26,2021-08-26,16433.7,16634.4,0.012212709249895148,-0.005069819233088919,16350.384111669187,BEARISH,-0.0059401940938581315,16336.080632319765,BEARISH,0.0024130591206148306,16473.355489670448,RANGE_BOUND,0.0006378063090956543,16444.181517541787,RANGE_BOUND,-0.0019897869743091415,16401.000437800296,RANGE_BOUND,15946.664789583137,16953.37912626638,-0.027646582827796397,0.03361255763863796,1
2021-08-27,2021-09-02,2021-09-02,16718.15,17247.25,0.03164823859099242,-0.004226749249438671,16647.486572035497,RANGE_BOUND,-0.008441462097137096,16577.024370440748,BEARISH,-0.0035916178171717756,16658.10479458985,RANGE_BOUND,-0.002728185738983878,16672.539781587806,RANGE_BOUND,-0.0047470037256828555,16638.788879663476,RANGE_BOUND,16176.589160960952,17200.728660149874,-0.027646582827796397,0.03361255763863796,1
2021-09-03,2021-09-09,2021-09-09,17329.35,17364.3,0.002016809632213512,0.009242572963378774,17489.517781782924,BULLISH,-0.006660195105428972,17213.933147949734,BEARISH,0.002391721214256522,17370.796974024277,RANGE_BOUND,0.0014906449706765714,17355.181908422594,RANGE_BOUND,0.0016161860107207237,17357.357453044882,RANGE_BOUND,16878.260142918007,17939.84122876001,-0.027646582827796397,0.03361255763863796,1
2021-09-13,2021-09-16,2021-09-16,17359.3,17611.25,0.01451383408317164,0.010192362268772959,17536.23227433231,BULLISH,0.0005160111430061266,17368.257592234782,RANGE_BOUND,0.003767501681141849,17424.701191933444,RANGE_BOUND,0.001866932572828377,17391.7086426115,RANGE_BOUND,0.004085701916437328,17430.22492527801,RANGE_BOUND,16950.299599995444,18013.715397094416,-0.027646582827796397,0.03361255763863796,1
2021-09-17,2021-09-23,2021-09-23,17603.15,17833.1,0.013063002928453082,-0.006700366543112519,17485.20244268661,BEARISH,-0.010638804166406349,17415.873534438124,BEARISH,0.0001004435862490549,17604.918123515283,RANGE_BOUND,0.0012496677971828055,17625.14808968398,RANGE_BOUND,-0.003997264831521752,17532.785547581,RANGE_BOUND,17046.118603075876,18124.47244157759,-0.027646582827796397,0.03361255763863796,1
2021-09-24,2021-09-30,2021-09-30,17853.6,17621.75,-0.012986176457409071,-0.015371027665722153,17579.17182046726,BEARISH,-0.018175443271573957,17529.102906006625,BEARISH,-0.015235422506461848,17581.59286073863,BEARISH,-0.005239650449493419,17760.053376734922,BEARISH,-0.013505385973312845,17612.48024098686,BEARISH,17118.889209812514,18212.58540004405,-0.027646582827796397,0.03361255763863796,1
2021-10-01,2021-10-07,2021-10-07,17530.2,17808.15,0.015855495088475946,-0.015601890580476611,17256.69573774613,BEARISH,0.00690492424045983,17651.244702920107,BULLISH,-0.003326379851544363,17471.88789592646,RANGE_BOUND,0.0010682864725777897,17548.927275521582,RANGE_BOUND,-0.002738764929745839,17482.18890302857,RANGE_BOUND,16997.538776740734,18071.423760945425,-0.027646582827796397,0.03361255763863796,1
2021-10-08,2021-10-14,2021-10-14,17900.1,18355.0,0.02541326584767689,-0.007133118090387551,17772.416472870253,BEARISH,-0.010767240045163702,17707.365326467563,BEARISH,-0.0031423868523978,17843.850961103395,RANGE_BOUND,-0.002014986489608507,17864.031540337357,RANGE_BOUND,-0.005764432869389389,17796.91607519464,BEARISH,17302.039477918803,18398.584218182026,-0.027646582827796397,0.03361255763863796,1
2021-10-18,2021-10-21,2021-10-21,18495.4,18202.9,-0.01581474312531761,0.06317841098392135,19663.90998251202,BULLISH,0.0016795662555511815,18526.46424972292,RANGE_BOUND,0.005249429508692308,18592.490298535067,BULLISH,0.0030318206099229673,18551.47473490877,RANGE_BOUND,0.018284806839521953,18833.584816419698,BULLISH,18322.25020838647,19455.26251496936,-0.027646582827796397,0.03361255763863796,1
2021-10-22,2021-10-28,2021-10-28,18144.55,17882.75,-0.014428574971547925,0.0004565021666207963,18152.833026387358,RANGE_BOUND,-0.012526672133150637,17917.25917114644,BEARISH,-0.00837887722997095,17992.519043156928,BEARISH,-0.0018780496226706912,18110.47363471897,RANGE_BOUND,-0.005581774204792871,18043.271218852424,BEARISH,17541.636414404333,18653.155951554574,-0.027646582827796397,0.03361255763863796,1
2021-10-29,2021-11-03,2021-11-03,17715.3,17847.15,0.007442719005605447,-0.004621087834131927,17633.436042692003,RANGE_BOUND,-0.008634864979618144,17562.33077642657,BEARISH,0.007999607320022693,17857.015443556396,BULLISH,0.0018677613775691978,17748.387953132053,RANGE_BOUND,-0.0008471460290395453,17700.292553951753,RANGE_BOUND,17210.525045182494,18295.749096287516,-0.027646582827796397,0.03361255763863796,1
2021-11-04,2021-11-11,2021-11-11,17916.7,17896.85,-0.0011079049155258147,0.009571791141654854,18088.194910347687,BULLISH,-0.013573062215520248,17673.515516203188,BEARISH,-0.0009450910394753625,17899.76708737303,RANGE_BOUND,0.002507830446663011,17961.632045763727,RANGE_BOUND,-0.0006096329166694364,17905.77738992191,RANGE_BOUND,17410.441859371127,18508.003501366093,-0.027646582827796397,0.03361255763863796,1
2021-11-12,2021-11-18,2021-11-18,18133.45,17792.9,-0.0187802100537956,0.01730728908881677,18447.290861327605,BULLISH,0.004745053313354042,18219.49418700504,RANGE_BOUND,0.0058103357340691855,18238.811432516955,BULLISH,0.0018954599745015354,18167.821228674627,RANGE_BOUND,0.007439534527685384,18268.35442738106,BULLISH,17767.026500002354,18877.866060693417,-0.027646582827796397,0.03361255763863796,1
2021-11-22,2021-11-25,2021-11-25,17435.05,17526.6,0.005250916974714581,-0.04810563389977972,16596.325867675645,BEARISH,0.0064865855354746755,17548.14394314028,BULLISH,0.010492015192224527,17617.978809477194,BULLISH,0.00020107593621170272,17438.555769001647,RANGE_BOUND,-0.007731489308967203,17300.251097323693,BEARISH,16818.23154339192,17886.287720381228,-0.027646582827796397,0.03361255763863796,1
2021-11-26,2021-12-02,2021-12-02,17052.15,17432.65,0.022313901766052968,-0.0023796640152577604,17011.57161226222,RANGE_BOUND,-0.028330069703507696,16569.061401905332,BEARISH,-0.006059051905624503,16948.830138047506,BEARISH,-0.010658235462838206,16870.404170152364,BEARISH,-0.011856755271807042,16849.966830591857,BEARISH,16378.533153224847,17423.13320532956,-0.027646582827796397,0.03361255763863796,1
2021-12-03,2021-12-09,2021-12-09,17239.0,17561.4,0.0187017808457568,-0.010030322222795773,17066.087275201226,BEARISH,-0.028973229115451426,16739.530503278733,BEARISH,-0.01355323503233272,17005.355781277616,BEARISH,-0.008831894151394942,17086.746976724102,BEARISH,-0.015347170130493717,16974.43013412042,BEARISH,16497.830692752035,17553.8770152529,-0.027646582827796397,0.03361255763863796,1
2021-12-10,2021-12-16,2021-12-16,17559.35,17317.5,-0.013773288874588063,0.026534231850933298,18025.273864051687,BULLISH,0.0007429605050252387,17572.395903543915,RANGE_BOUND,-0.0010597252075978736,17540.741914175964,RANGE_BOUND,-0.00026290530300611766,17554.73355376766,RANGE_BOUND,0.006488640461338636,17673.286308884806,BULLISH,17187.83028470754,18263.500972856822,-0.027646582827796397,0.03361255763863796,1
2021-12-17,2021-12-23,2021-12-23,17023.5,17078.45,0.0032278908567568987,0.009386899771970898,17183.297888268145,BULLISH,-0.003720922134801251,16960.156882038213,RANGE_BOUND,0.007622997039316235,17153.2700900988,BULLISH,0.0024887744785534833,17065.867652335655,RANGE_BOUND,0.003944437288759841,17090.648128185203,RANGE_BOUND,16620.00652541621,17662.851503146554,-0.027646582827796397,0.03361255763863796,1
2021-12-24,2021-12-30,2021-12-30,17003.8,17201.7,0.011638574906785548,0.003992531117113587,17071.688200609176,RANGE_BOUND,-0.002592321596761753,16959.72068203298,RANGE_BOUND,-0.003106073503470468,16950.98494736169,RANGE_BOUND,-0.0025881634233387955,16959.79138678223,RANGE_BOUND,-0.0010735068516143575,16985.54630419652,RANGE_BOUND,16515.449339109236,17557.08751177239,-0.027646582827796397,0.03361255763863796,1
2021-12-31,2022-01-06,2022-01-06,17409.95,17788.65,0.021751929212892707,0.0031145759737245776,17464.174611973747,RANGE_BOUND,-0.002441830368908991,17367.437855368815,RANGE_BOUND,-0.0029142314765414658,17359.21337570499,RANGE_BOUND,0.0002689918520123549,17414.633134693944,RANGE_BOUND,-0.000493123504928381,17401.364744435374,RANGE_BOUND,16920.03911973258,17986.557692296177,-0.027646582827796397,0.03361255763863796,1
2022-01-07,2022-01-13,2022-01-13,17854.3,18287.25,0.024249060450423743,-0.008742094202038107,17698.21602748855,BEARISH,0.008082659481900399,17998.61022718769,BULLISH,0.00644362448592252,17969.346404659005,BULLISH,0.0042667590706910955,17930.47999647584,RANGE_BOUND,0.0025127372091189766,17899.163163952773,RANGE_BOUND,17535.26522578107,18466.499358373032,-0.020381529277076264,0.03177588560852357,2
2022-01-14,2022-01-20,2022-01-20,18295.0,17804.1,-0.026832467887401013,0.0012883524899289195,18318.57040880325,RANGE_BOUND,0.0033490265599529483,18356.27044091434,RANGE_BOUND,0.004053108169946895,18369.151613969178,RANGE_BOUND,0.0034896175343626357,18358.842552791164,RANGE_BOUND,0.00304502618854785,18350.70875411948,RANGE_BOUND,17977.82867599537,18932.048581327417,-0.020381529277076264,0.03177588560852357,2
2022-01-21,2022-01-27,2022-01-27,17617.8,17097.35,-0.02954114588654655,-0.00883725771130277,17462.10696109381,BEARISH,0.008178179427973255,17761.881529526145,BULLISH,0.013288956190931588,17851.922172380593,BULLISH,0.01056087163936688,17803.859324368037,BULLISH,0.005797687386742238,17719.942496842148,BULLISH,17360.864790344473,18279.763694315992,-0.020381529277076264,0.03177588560852357,2
2022-01-28,2022-02-03,2022-02-03,17125.65,17547.1,0.024609284903054585,-0.010170751048703481,16951.469277302775,BEARISH,-0.01233730637074405,16914.365609151868,BEARISH,-0.004417446733162359,17049.998353354218,RANGE_BOUND,0.0031927823528464655,17180.328473101024,RANGE_BOUND,-0.005933180449940856,17024.040428227472,BEARISH,16674.99349136351,17568.223123599084,-0.020381529277076264,0.03177588560852357,2
2022-02-04,2022-02-10,2022-02-10,17529.65,17617.65,0.005020066002458634,2.6974213061956888e-05,17530.122848514,RANGE_BOUND,0.00404733098554166,17600.5982956107,RANGE_BOUND,0.0036528773752207712,17593.68366188054,RANGE_BOUND,0.003002622713162374,17582.284925243788,RANGE_BOUND,0.0026824513217466907,17576.67243281226,RANGE_BOUND,17219.39135812036,18133.69258596971,-0.020381529277076264,0.03177588560852357,2
2022-02-11,2022-02-17,2022-02-17,17355.8,17290.2,-0.0037797162908076443,0.002524718874601776,17399.618515843813,RANGE_BOUND,0.0063105585875786584,17465.324792734296,BULLISH,-0.002189493317707363,17317.799591876534,RANGE_BOUND,0.0017191667752685482,17385.637514718204,RANGE_BOUND,0.0020912377299354052,17392.09510379321,RANGE_BOUND,17038.35735796613,17943.591019237625,-0.020381529277076264,0.03177588560852357,2
2022-02-18,2022-02-24,2022-02-24,17278.05,16262.5,-0.05877688743810783,-0.010024008490111584,17104.854680107426,BEARISH,-0.002383351252030941,17236.870337899847,RANGE_BOUND,0.006799519065756867,17395.532430394098,BULLISH,0.006414684548049936,17388.883240355433,BULLISH,0.0002017109679160697,17281.5351721892,RANGE_BOUND,16929.382090263414,17830.56051252755,-0.020381529277076264,0.03177588560852357,2
2022-02-25,2022-03-03,2022-03-03,16656.05,16505.6,-0.00903275386421154,-0.014560019914434102,16413.53758030419,BEARISH,-0.009431453977566203,16498.959230976958,BEARISH,-0.009121984454724452,16504.113770822885,BEARISH,-0.0010339848713823122,16638.82789628301,RANGE_BOUND,-0.008536860804526768,16513.859619596762,BEARISH,16174.383848881316,17043.12035908661,-0.020381529277076264,0.03177588560852357,2
2022-03-04,2022-03-10,2022-03-10,16258.95,16611.9,0.02170804387737224,-0.01157194118620103,16070.802386850617,BEARISH,-0.0343487078034903,15700.476077258441,BEARISH,-0.018776016470740068,15953.671687003061,BEARISH,-0.015528168343645765,16006.47828730908,BEARISH,-0.02005620845101929,15932.8571096053,BEARISH,15601.474844165781,16449.499644920004,-0.020381529277076264,0.03177588560852357,2
2022-03-11,2022-03-17,2022-03-17,16647.75,17322.05,0.040503972008229194,-0.002343003471277038,16608.74426396105,RANGE_BOUND,-0.0011226086607070414,16629.061091668715,RANGE_BOUND,0.007223121503183625,16767.998721004627,BULLISH,0.003900224701448715,16712.679965773543,RANGE_BOUND,0.001914433518162065,16679.621010601983,RANGE_BOUND,16340.314406579535,17208.61801024128,-0.020381529277076264,0.03177588560852357,2
2022-03-21,2022-03-24,2022-03-24,17158.65,17242.8,0.004904231976291751,0.002659663343652206,17204.286232431557,RANGE_BOUND,-0.0008639290629556981,17143.826143583916,RANGE_BOUND,0.0035194262462081467,17219.0386031595,RANGE_BOUND,0.005283600687181613,17249.30945493111,BULLISH,0.002649690303521567,17204.115108526523,RANGE_BOUND,16854.39558119642,17749.346408123212,-0.020381529277076264,0.03177588560852357,2
2022-03-25,2022-03-31,2022-03-31,17194.05,17467.0,0.015874677577417895,0.002115691057396447,17230.427297825427,RANGE_BOUND,0.01352624447106229,17426.620923747665,BULLISH,0.012865575146371835,17415.26134234547,BULLISH,0.008007737651362137,17331.7354415644,BULLISH,0.009128812081548178,17351.011251370743,BULLISH,17000.57021790423,17897.36741731798,-0.020381529277076264,0.03177588560852357,2
2022-04-01,2022-04-07,2022-04-07,17713.0,17730.35,0.0009795065770901168,0.0025728474756000763,17758.572847335305,RANGE_BOUND,0.003386057061530398,17772.97722873089,RANGE_BOUND,0.005060592141690024,17802.638268605755,BULLISH,0.0029506344808782324,17765.264588559796,RANGE_BOUND,0.003492532789924683,17774.863233307937,RANGE_BOUND,17413.845205223082,18337.709495091713,-0.020381529277076264,0.03177588560852357,2
2022-04-08,2022-04-13,2022-04-13,17878.75,17519.25,-0.020107669719639287,0.004585516875218413,17960.733309832813,RANGE_BOUND,0.014788003480017832,18143.141017218368,BULLISH,0.008606393731355808,18032.62156192448,BULLISH,0.005461300813187924,17976.39123191378,BULLISH,0.008360303724944994,18028.221780222357,BULLISH,17663.82551365983,18596.334895045748,-0.020381529277076264,0.03177588560852357,2
2022-04-18,2022-04-21,2022-04-21,17229.6,17410.15,0.010479059293309279,0.005588953622453427,17325.895435333423,BULLISH,0.02419748653275635,17646.513013964777,BULLISH,0.012039655536259332,17437.038449027532,BULLISH,0.008194892380585333,17370.79471776053,BULLISH,0.012505247018013612,17445.060404021566,BULLISH,17093.894807189252,17992.546202702182,-0.020381529277076264,0.03177588560852357,2
2022-04-22,2022-04-28,2022-04-28,17177.75,17256.2,0.004566954345010199,0.0002408795237168579,17181.887768238525,RANGE_BOUND,0.03409110888993209,17763.35854573403,BULLISH,0.012362915630830647,17390.1170739775,BULLISH,0.008866602882640729,17330.05828766728,BULLISH,0.01389037673178008,17416.355418904335,BULLISH,17066.24660436504,17962.193637916153,-0.020381529277076264,0.03177588560852357,2
2022-04-29,2022-05-05,2022-05-05,17135.25,16694.3,-0.025733502575101097,-0.005390152901325615,17042.88838249756,BEARISH,0.011461445874884726,17331.64474042762,BULLISH,0.007358001858999259,17261.331201354416,BULLISH,0.008690132251386574,17284.15758866057,BULLISH,0.005529856770986236,17230.00547823504,BULLISH,16880.76287869002,17774.493222108496,-0.020381529277076264,0.03177588560852357,2
2022-05-06,2022-05-12,2022-05-12,16419.4,15810.75,-0.03706895501662677,0.00130670680044609,16440.855341639246,RANGE_BOUND,0.04588942209823954,17172.876777199835,BULLISH,0.010185934516797073,16586.646933205102,BULLISH,0.002310344160927725,16457.33446491594,RANGE_BOUND,0.014923101894102606,16664.428379240027,BULLISH,16329.775897428002,17186.16935540062,-0.020381529277076264,0.03177588560852357,2
2022-05-13,2022-05-19,2022-05-19,15786.6,15769.45,-0.0010863643849846616,-0.023516564967627933,15415.353395482047,BEARISH,-0.009314808144798847,15639.550849741318,BEARISH,0.0051218809446574665,15867.45708572093,BULLISH,-0.006344164956353414,15686.447205500031,BEARISH,-0.008513414281030682,15652.202134111081,BEARISH,15330.447084025589,16153.8353298586,-0.020381529277076264,0.03177588560852357,2
2022-05-20,2022-05-26,2022-05-26,16253.25,16159.05,-0.005795763924138275,-0.010315730598432308,16085.58585165103,BEARISH,0.00459439763321981,16327.923893332132,RANGE_BOUND,0.0004620979689366686,16260.76059381362,RANGE_BOUND,0.00010576229876192034,16254.968981082353,RANGE_BOUND,-0.0012883681743784772,16232.309829969783,RANGE_BOUND,15901.043739247143,16748.77124273652,-0.020381529277076264,0.03177588560852357,2
2022-05-27,2022-06-02,2022-06-02,16326.9,16621.2,0.018025467173805154,-0.005769639111178858,16232.699679195694,BEARISH,-0.018838967669481586,16019.31805875714,BEARISH,0.003956232612579092,16391.493014242318,RANGE_BOUND,0.003402267166180512,16382.44847579551,RANGE_BOUND,-0.00431252675047521,16256.489806997666,RANGE_BOUND,15923.722616643769,16775.29151373947,-0.020381529277076264,0.03177588560852357,2
2022-06-03,2022-06-09,2022-06-09,16604.65,16475.45,-0.007780952925837137,0.008937756027989756,16753.05831063016,BULLISH,-0.008295745522694695,16466.90204910659,BEARISH,0.006022958698859648,16704.65912115902,BULLISH,0.0031114789464109422,16656.315018887522,RANGE_BOUND,0.002444112037641413,16645.233624945824,RANGE_BOUND,16306.80546483522,17172.861083915395,-0.020381529277076264,0.03177588560852357,2
2022-06-10,2022-06-16,2022-06-16,16219.35,15348.55,-0.05368895794221107,0.004893950144351109,16298.72669027378,RANGE_BOUND,0.005638348363947604,16310.800345536793,BULLISH,0.002347320233241709,16257.42200842503,RANGE_BOUND,0.0019455166388177105,16250.90501529581,RANGE_BOUND,0.0037062838450895334,16279.463514882855,RANGE_BOUND,15948.888358002709,16794.84772512746,-0.020381529277076264,0.03177588560852357,2
2022-06-17,2022-06-23,2022-06-23,15319.25,15572.95,0.016560862966529033,-0.011620524285110935,15141.232283345314,BEARISH,0.010705237523448189,15483.246209931083,BULLISH,0.004980967823508893,15395.554691330288,RANGE_BOUND,-0.0012383432626422042,15300.279509973769,RANGE_BOUND,0.0007068344498009857,15330.078173645112,RANGE_BOUND,15017.848431267263,15816.860909253486,-0.020381529277076264,0.03177588560852357,2
2022-06-24,2022-06-30,2022-06-30,15712.3,15786.35,0.004712868262444214,-0.009343303145977075,15565.495217979464,BEARISH,-0.03162807374240021,15215.350216937284,BEARISH,-3.493145746932433e-05,15711.751146460803,RANGE_BOUND,0.0007731696814149585,15724.448273985297,RANGE_BOUND,-0.010058284666107913,15554.261213840711,BEARISH,15234.020511380506,16053.533461287516,-0.020381529277076264,0.03177588560852357,2
2022-07-01,2022-07-07,2022-07-07,15754.25,16148.15,0.02500277702842091,-0.0035002514455674547,15699.10616366367,RANGE_BOUND,-0.007887149851895706,15629.99386944577,BEARISH,-0.000885284379324488,15740.303008567027,RANGE_BOUND,-0.00012519525662412696,15752.277642628329,RANGE_BOUND,-0.0030994702333529437,15705.420171076199,RANGE_BOUND,15384.324463462819,16206.025416924282,-0.020381529277076264,0.03177588560852357,2
2022-07-08,2022-07-14,2022-07-14,16225.2,15932.55,-0.01803675763626955,0.0023493761110722506,16263.31909727737,RANGE_BOUND,0.012744303258673222,16431.978869232626,BULLISH,0.007227884540278063,16342.47387224292,BULLISH,0.005336366271439113,16311.783610027356,BULLISH,0.006914482545365662,16337.38886219507,BULLISH,16006.69447336865,16852.958961370485,-0.020381529277076264,0.03177588560852357,2
2022-07-15,2022-07-21,2022-07-21,16068.3,16597.5,0.03293441123205332,0.0016068187717451408,16094.11884607003,RANGE_BOUND,0.004586524065037689,16141.997644634246,RANGE_BOUND,0.005567592735168873,16157.761750346512,BULLISH,0.0021366465140184197,16102.632277181203,RANGE_BOUND,0.0034743955214925305,16124.127629557996,RANGE_BOUND,15796.631102675152,16634.712092281436,-0.020381529277076264,0.03177588560852357,2
2022-07-22,2022-07-28,2022-07-28,16722.6,16923.65,0.012022651979955334,-0.003014436330026197,16672.190787027503,RANGE_BOUND,0.007634494936338285,16850.268605022407,BULLISH,0.0038143554813150613,16786.38594097184,RANGE_BOUND,0.004892272166636589,16804.4115105338,RANGE_BOUND,0.003331671563565935,16778.314210888886,RANGE_BOUND,16437.48204940005,17309.68963556598,-0.020381529277076264,0.03177588560852357,2
2022-07-29,2022-08-04,2022-08-04,17201.85,17387.85,0.010812790484744372,-0.000883327911775666,17186.65512576082,RANGE_BOUND,-0.00021855117267887336,17198.090515510252,RANGE_BOUND,0.004683990580686394,17282.42330337038,RANGE_BOUND,0.0036543218771735784,17264.71109678286,RANGE_BOUND,0.0018091083433513582,17232.970010356075,RANGE_BOUND,16882.370000961204,17779.574028211056,-0.020381529277076264,0.03177588560852357,2
2022-08-05,2022-08-11,2022-08-11,17416.15,17684.95,0.015433950672220753,0.010240292982435518,17594.496478626046,BULLISH,-0.00418950841547984,17343.184893009744,RANGE_BOUND,0.003280802547076404,17473.288949280264,RANGE_BOUND,0.004141583556453508,17488.28044045673,RANGE_BOUND,0.0033682926676213976,17474.812690343195,RANGE_BOUND,17119.84491922424,18028.22628048408,-0.020381529277076264,0.03177588560852357,2
2022-08-12,2022-08-18,2022-08-18,17713.05,17980.35,0.015090568817905492,-0.008831445997895085,17556.618155466982,BEARISH,-0.0037048097080990493,17647.426520399957,RANGE_BOUND,0.001229512902190069,17734.828423512135,RANGE_BOUND,0.003162668318968268,17769.0705020673,RANGE_BOUND,-0.0020360186212089494,17676.985900361593,RANGE_BOUND,17315.96685320028,18239.83375093965,-0.020381529277076264,0.03177588560852357,2
2022-08-19,2022-08-25,2022-08-25,17759.5,17531.5,-0.01283819927362817,0.007450375871559029,17891.81495029095,BULLISH,-0.00124210233014928,17737.440883667714,RANGE_BOUND,0.0021353044196240614,17797.42193884031,RANGE_BOUND,0.0028497526530748174,17810.110182242282,RANGE_BOUND,0.0027983326535271566,17809.196988760315,RANGE_BOUND,17447.23121956408,18373.52082922489,-0.020381529277076264,0.03177588560852357,2
2022-08-26,2022-09-01,2022-09-01,17653.75,17592.4,-0.003475182326701076,-0.01156781806648096,17449.53463180886,BEARISH,-0.011030119641039848,17459.027025386993,BEARISH,0.007822578415392765,17791.84784370074,BULLISH,0.0058642473261891325,17757.275956234713,BULLISH,-0.0022277779914847274,17614.421364282825,RANGE_BOUND,17254.61094180764,18175.384904844297,-0.020381529277076264,0.03177588560852357,2
2022-09-02,2022-09-08,2022-09-08,17562.75,17824.35,0.01489516163470972,0.0007443908043230172,17575.823549598623,RANGE_BOUND,-0.003420977533954838,17502.668226815535,RANGE_BOUND,0.007009761847171622,17685.860694881412,BULLISH,0.004990257303038142,17650.392641448932,RANGE_BOUND,0.002330858105144486,17603.686278186127,RANGE_BOUND,17245.730574875153,18161.758213157224,-0.020381529277076264,0.03177588560852357,2
2022-09-09,2022-09-15,2022-09-15,17866.45,17891.8,0.0014188604899125767,0.002017883532620043,17902.502415241383,RANGE_BOUND,0.00010427121789638794,17868.312956500988,RANGE_BOUND,0.005152329879152873,17958.503844169394,BULLISH,0.0033855725191018985,17926.93816213391,RANGE_BOUND,0.0026650142871928006,17914.06434451142,RANGE_BOUND,17549.918770759,18481.786615941823,-0.020381529277076264,0.03177588560852357,2
2022-09-16,2022-09-22,2022-09-22,17566.15,17647.6,0.004636758766149551,0.002747988114151188,17614.4215714114,RANGE_BOUND,0.0017547396536718046,17596.97401996735,RANGE_BOUND,0.005885369935844198,17669.53329109853,BULLISH,0.005459373113024079,17662.05016700935,BULLISH,0.003961867704172817,17635.744762371658,RANGE_BOUND,17277.719761861143,18193.924735353823,-0.020381529277076264,0.03177588560852357,2
2022-09-23,2022-09-29,2022-09-29,17335.85,16814.0,-0.030102360138095308,-0.0024028251336927434,17294.194983906073,RANGE_BOUND,0.009721858164204464,17504.386674855923,BULLISH,0.009005909840429633,17491.97510210721,BULLISH,0.010057668506681505,17510.208232581554,BULLISH,0.006595652844405715,17450.19124836269,BULLISH,17096.860114044688,18001.053234889212,-0.020381529277076264,0.03177588560852357,2
2022-09-30,2022-10-06,2022-10-06,17103.2,17325.45,0.012994644277094292,-0.01834464675636057,16789.447837596614,BEARISH,-0.005325988989717987,17012.108545111056,BEARISH,0.0012025444561804938,17123.767358342946,RANGE_BOUND,0.006171824119440003,17208.757942279604,BULLISH,-0.004074066792614515,17033.520420832556,RANGE_BOUND,16684.931049300867,17576.989747572257,-0.020381529277076264,0.03177588560852357,2
2022-10-07,2022-10-13,2022-10-13,17328.85,17010.85,-0.01835090037711673,-0.0010893071702435591,17309.973559442922,RANGE_BOUND,0.006218971208751532,17436.617619230772,BULLISH,0.0030507657835742346,17381.71626264869,RANGE_BOUND,0.002623387762785121,17374.310293033137,RANGE_BOUND,0.002700954396216832,17375.654433588883,RANGE_BOUND,17022.46596997582,17926.293988916143,-0.020381529277076264,0.03177588560852357,2
2022-10-14,2022-10-20,2022-10-20,17195.5,17540.7,0.02007501962722813,-0.010646816087862365,17012.422673961162,BEARISH,-0.013765823158350962,16958.789787880578,BEARISH,0.0036964587184541847,17259.06245589318,RANGE_BOUND,0.003761556996242851,17260.181853328893,RANGE_BOUND,-0.004238655882879073,17122.614192765952,RANGE_BOUND,16772.143606081987,17669.016433747318,-0.020381529277076264,0.03177588560852357,2
2022-10-21,2022-10-27,2022-10-27,17564.45,17721.7,0.008952742613631548,-0.0005690299197883193,17554.455302425373,RANGE_BOUND,-0.001612243961099847,17536.13182155746,RANGE_BOUND,0.0025678970120404238,17609.553698673135,RANGE_BOUND,0.0016164754498711555,17592.842502215488,RANGE_BOUND,0.0005007746452558533,17573.245831217864,RANGE_BOUND,17215.255479307125,18131.371785194497,-0.020381529277076264,0.03177588560852357,2
2022-10-28,2022-11-03,2022-11-03,17830.2,18118.8,0.01618602146919268,0.005889173523541218,17935.205141759445,BULLISH,0.010618592699662515,18019.531631553524,BULLISH,0.00520559082772884,17923.016725576574,BULLISH,0.0049442301247338725,17918.35661197003,RANGE_BOUND,0.006664396793916612,17949.027527714894,BULLISH,17585.62078439877,18515.59792329199,-0.020381529277076264,0.03177588560852357,2
2022-11-04,2022-11-10,2022-11-10,18194.0,18092.65,-0.005570517753105353,-0.002035625422317564,18156.963831066354,RANGE_BOUND,0.01305831705611531,18431.583020518963,BULLISH,0.006598836112690989,18314.0592242343,BULLISH,0.005115751156482584,18287.075976541044,BULLISH,0.005684319725742831,18297.420513090165,BULLISH,17926.598969423037,18875.550975851642,-0.020381529277076264,0.03177588560852357,2
2022-11-11,2022-11-17,2022-11-17,18424.0,18378.4,-0.0024750325662179495,0.002101711741334645,18462.72193712235,RANGE_BOUND,-0.004363972147239282,18343.598177159263,RANGE_BOUND,0.0013618842993397965,18449.091356331035,RANGE_BOUND,0.0028920948200315717,18477.28395496426,RANGE_BOUND,0.0004979296783666827,18433.173856394227,RANGE_BOUND,18057.664560993377,19018.612772845667,-0.020381529277076264,0.03177588560852357,2
2022-11-18,2022-11-24,2022-11-24,18355.9,18460.2,0.005682096764527911,0.0012817881615087116,18379.42837531384,RANGE_BOUND,-0.020626528951192585,17977.281497224805,BEARISH,0.0016515492378303396,18386.215672654693,RANGE_BOUND,0.0019046511714831695,18390.861586438627,RANGE_BOUND,-0.003947135095092591,18283.44678290799,RANGE_BOUND,17909.325469650907,18866.72176154949,-0.020381529277076264,0.03177588560852357,2
2022-11-25,2022-12-01,2022-12-01,18646.1,18948.3,0.016207142512375317,-0.0012503261739620622,18622.786293127687,RANGE_BOUND,0.003343542398044585,18708.44402590818,RANGE_BOUND,0.003711795671295261,18715.310513266537,RANGE_BOUND,0.005381384052773537,18746.44182518642,BULLISH,0.00279659898703783,18698.245664372203,RANGE_BOUND,18318.20963131891,19290.742005017295,-0.020381529277076264,0.03177588560852357,2
2022-12-02,2022-12-08,2022-12-08,18812.55,18720.15,-0.004911614852850743,0.0041290339578329725,18890.22765778343,RANGE_BOUND,0.014548151712422443,19086.237831497532,BULLISH,0.005813689205893574,18921.920318870332,BULLISH,0.0041648718672094714,18890.90186024547,RANGE_BOUND,0.007163936685839615,18947.32191709919,BULLISH,18563.89337849773,19545.10735390382,-0.020381529277076264,0.03177588560852357,2
2022-12-09,2022-12-15,2022-12-15,18583.65,18467.0,-0.006277023082117972,-0.007103906690978896,18451.63348442219,BEARISH,0.02890002691721636,19120.71798522013,BULLISH,0.011348193998047408,18794.540865391813,BULLISH,0.008527444982523726,18742.12105294948,BULLISH,0.01041793980170215,18777.2533469959,BULLISH,18398.490140445963,19367.76528358474,-0.020381529277076264,0.03177588560852357,2
2022-12-16,2022-12-22,2022-12-22,18328.65,18170.35,-0.008636751752038596,-0.0061108327132356356,18216.646685990556,BEARISH,0.016841086711053697,18637.324383946558,BULLISH,0.007181514730967513,18460.27746997375,BULLISH,0.007245887208420502,18461.457330582616,BULLISH,0.006289413984301519,18443.92646762337,BULLISH,18070.360551039084,19026.335553382032,-0.020381529277076264,0.03177588560852357,2
2022-12-23,2022-12-29,2022-12-29,17863.9,18182.05,0.017809660824343876,-0.013485361936425352,17622.998842903893,BEARISH,0.007760031797140208,18002.524432020935,BULLISH,-0.00870852702391566,17708.331744097475,BEARISH,0.0030735352410873147,17918.805326193262,RANGE_BOUND,-0.0028400804805283723,17813.16508630389,RANGE_BOUND,17449.071485451128,18380.806329225994,-0.020381529277076264,0.03177588560852357,2
2022-12-30,2023-01-05,2023-01-05,18206.85,18066.0,-0.007736099325253876,-0.012460187010191116,17979.9892441335,BEARISH,0.008612220103517983,18363.651399591734,BULLISH,0.0047575002726781565,18293.46909383961,RANGE_BOUND,0.004360392719562786,18286.23901618617,RANGE_BOUND,0.0013174815213919523,18230.837188437752,RANGE_BOUND,17859.753742119417,18809.3759713293,-0.020381529277076264,0.03177588560852357,2
2023-01-06,2023-01-12,2023-01-12,17943.2,17918.65,-0.0013682063400062283,0.0012813097060786426,17966.19079631811,RANGE_BOUND,0.016535466262411973,18239.89917823971,BULLISH,0.00658196504309797,18061.301515161318,BULLISH,0.00531446179224709,18038.55845083065,BULLISH,0.007428300700958919,18076.487485137448,BULLISH,17598.125987998974,18631.878371726092,-0.026659765099785713,0.030952722289705508,3
2023-01-13,2023-01-19,2023-01-19,18025.25,18113.15,0.004876492697743595,0.00725974048566973,18156.108637189318,BULLISH,-0.0012424444859816934,18002.85462752906,RANGE_BOUND,-0.0010494451296053566,18006.33348917758,RANGE_BOUND,-0.0012080864938958302,18003.473938925905,RANGE_BOUND,0.0009399410940467124,18042.192673205467,RANGE_BOUND,17561.64374234055,18600.12323065798,-0.026659765099785713,0.030952722289705508,3
2023-01-20,2023-01-25,2023-01-25,18055.8,17888.5,-0.009265720710242675,0.004409908977596978,18135.424434517696,RANGE_BOUND,-0.028974801754953074,17532.636774472918,BEARISH,-0.002845617439770542,18004.420100630992,RANGE_BOUND,-0.002887088082532085,18003.671314999414,RANGE_BOUND,-0.00757439957491468,17919.038156155253,BEARISH,17437.674769466543,18477.914319273717,-0.026659765099785713,0.030952722289705508,3
2023-01-27,2023-02-02,2023-02-02,17687.15,17685.25,-0.00010742262037699568,0.0017085015415173885,17717.36852304005,RANGE_BOUND,0.009025374540558602,17846.78315330504,BULLISH,0.0018916288485983802,17720.60752318949,RANGE_BOUND,0.0005557735582247741,17696.980050290356,RANGE_BOUND,0.0032953196222247866,17745.434812456235,RANGE_BOUND,17273.899548171557,18292.900254502598,-0.026659765099785713,0.030952722289705508,3
2023-02-03,2023-02-09,2023-02-09,17902.15,17945.85,0.0024410475836700307,-0.0056236962396786026,17801.473746362837,BEARISH,-0.010678357680778718,17710.98443904505,BEARISH,0.0023891036203966525,17944.920091377888,RANGE_BOUND,0.0029630110909772407,17955.194269002342,RANGE_BOUND,-0.002737484802270856,17853.143136447026,RANGE_BOUND,17375.8760226659,18407.26341378568,-0.026659765099785713,0.030952722289705508,3
2023-02-10,2023-02-16,2023-02-16,17877.1,18062.85,0.010390387702703396,0.00023707980401783176,17881.338299364408,RANGE_BOUND,-0.011213571280369044,17676.633864863714,BEARISH,0.0027848750957142087,17926.88549057359,RANGE_BOUND,0.0003203400707068978,17882.82675147803,RANGE_BOUND,-0.001967819077482527,17841.921101569937,RANGE_BOUND,17365.321814904557,18395.26601321523,-0.026659765099785713,0.030952722289705508,3
2023-02-17,2023-02-23,2023-02-23,17951.0,17512.05,-0.024452676731101408,-0.0018114566223680845,17918.48254217187,RANGE_BOUND,-0.014051441578553356,17698.76257222339,BEARISH,-0.0023946183983491755,17908.014205131232,RANGE_BOUND,-0.0014318454111149396,17925.296943025074,RANGE_BOUND,-0.004922340502596388,17862.63906563789,RANGE_BOUND,17384.069622331637,18418.271383460393,-0.026659765099785713,0.030952722289705508,3
2023-02-24,2023-03-02,2023-03-02,17559.25,17399.4,-0.009103463986217974,-0.004252913892855326,17484.57202172688,RANGE_BOUND,-0.012832238744369015,17333.92551182794,BEARISH,-0.006496418494029595,17445.17776355871,BEARISH,0.0004139560731734389,17566.518758177874,RANGE_BOUND,-0.0057919037645201244,17457.54851382285,BEARISH,16989.423033494437,18001.055102688362,-0.026659765099785713,0.030952722289705508,3
2023-03-03,2023-03-09,2023-03-09,17671.55,17645.1,-0.0014967560853462736,-0.0021401506998031013,17633.730219900892,RANGE_BOUND,0.00012360160227483142,17673.73423189468,RANGE_BOUND,0.0026999401496523496,17719.262127351587,RANGE_BOUND,0.0006585132893265692,17683.186950518,RANGE_BOUND,0.00033547608536266217,17677.47838241629,RANGE_BOUND,17206.35901046717,18224.460961994933,-0.026659765099785713,0.030952722289705508,3
2023-03-10,2023-03-16,2023-03-16,17452.55,17047.3,-0.02322010250651052,0.0034117105130275823,17512.09304831414,RANGE_BOUND,0.008186208267654472,17595.420209101652,BULLISH,0.006652865864261527,17568.659474139316,BULLISH,0.004574250928977683,17532.38234305053,RANGE_BOUND,0.005706258893480316,17552.13876865141,BULLISH,17086.857885259145,18092.34270204861,-0.026659765099785713,0.030952722289705508,3
2023-03-17,2023-03-23,2023-03-23,17178.15,17087.5,-0.005277052534760851,-0.01001718461210957,17006.07330015549,BEARISH,0.007457534592160501,17306.256647854323,BULLISH,-0.0042238227232616835,17105.592539686404,RANGE_BOUND,0.0024651895101753247,17220.49739518422,RANGE_BOUND,-0.0010795708082588567,17159.60497072011,RANGE_BOUND,16701.639526871226,17691.315477121017,-0.026659765099785713,0.030952722289705508,3
2023-03-24,2023-03-29,2023-03-29,16955.05,17064.1,0.0064317120857797505,-0.0009788304207541225,16938.453881274592,RANGE_BOUND,0.01475165379393645,17205.16502765888,BULLISH,-0.0001184557768231607,16953.041576381176,RANGE_BOUND,0.003037091983513387,17006.54404643507,RANGE_BOUND,0.004172864894968138,17025.801132937428,RANGE_BOUND,16573.783482682305,17550.6060869955,-0.026659765099785713,0.030952722289705508,3
2023-03-31,2023-04-06,2023-04-06,17442.65,17644.2,0.011555010276534716,0.005873801672359543,17545.104666740386,BULLISH,0.0105348535142579,17626.405762650473,BULLISH,0.0008528677938604572,17457.52627442458,RANGE_BOUND,0.0038661499577948067,17510.08590056133,RANGE_BOUND,0.005281918234568177,17534.780651094192,BULLISH,17069.763699376417,18074.678152540724,-0.026659765099785713,0.030952722289705508,3
2023-04-10,2023-04-13,2023-04-13,17681.5,17879.65,0.01120662839691211,0.0032643945356507064,17739.219391982107,RANGE_BOUND,0.009372514161163205,17847.220109140606,BULLISH,0.0026605725410823945,17728.54291338515,RANGE_BOUND,0.004356687958479265,17758.53277813785,RANGE_BOUND,0.004913542299093893,17768.378798161426,RANGE_BOUND,17296.994161549566,18315.669357326853,-0.026659765099785713,0.030952722289705508,3
2023-04-17,2023-04-20,2023-04-20,17760.1,17655.8,-0.005872714680660529,0.008937690043143069,17918.834268935225,BULLISH,0.0003526016861023454,17766.362241205345,RANGE_BOUND,0.0029744230208906875,17812.92605029332,RANGE_BOUND,0.003957489179869305,17830.385403583394,RANGE_BOUND,0.004055550982501352,17832.12699100432,RANGE_BOUND,17358.646896855615,18381.850434141717,-0.026659765099785713,0.030952722289705508,3
2023-04-21,2023-04-27,2023-04-27,17657.3,17908.1,0.01420375708630428,-0.004931002044544589,17570.231817598862,RANGE_BOUND,-0.011056947823593765,17462.064155194457,BEARISH,0.002079473685962964,17694.017890715153,RANGE_BOUND,0.0022089798985598123,17696.30462076284,RANGE_BOUND,-0.002924874070903895,17605.654621067828,RANGE_BOUND,17134.91515077138,18152.196124353846,-0.026659765099785713,0.030952722289705508,3
2023-04-28,2023-05-04,2023-05-04,18111.15,18294.65,0.010131880084920164,-0.005053083108128265,18019.632853866224,BEARISH,0.00017302664480242232,18114.283711518012,RANGE_BOUND,0.0056112450336789355,18212.776100491716,BULLISH,0.005432336667102435,18209.535864228394,BULLISH,0.001540881309363882,18139.057132526086,RANGE_BOUND,17656.2181278391,18699.646528823287,-0.026659765099785713,0.030952722289705508,3
2023-05-05,2023-05-11,2023-05-11,18129.7,18353.4,0.01233886936904649,0.0028787597926777514,18181.891051413313,RANGE_BOUND,-0.0011445289965673713,18108.950032650933,RANGE_BOUND,0.0032136664732492527,18187.962809060067,RANGE_BOUND,0.003383598319046614,18191.04362244482,RANGE_BOUND,0.0020828738971015617,18167.46187889228,RANGE_BOUND,17684.128335562695,18728.625448187955,-0.026659765099785713,0.030952722289705508,3
2023-05-12,2023-05-18,2023-05-18,18333.4,18175.45,-0.008615423216642881,-0.004145582692165587,18257.39737427145,RANGE_BOUND,-0.0026988348227454085,18283.92118166068,RANGE_BOUND,0.0014142642941114508,18359.328273009665,RANGE_BOUND,0.0013490765367596932,18358.13315977903,RANGE_BOUND,-0.001020269171009963,18314.694997180206,RANGE_BOUND,17825.930859699794,18882.163636006295,-0.026659765099785713,0.030952722289705508,3
2023-05-19,2023-05-25,2023-05-25,18225.4,18322.25,0.005314012312486849,-0.0035448929685112183,18160.792907691695,RANGE_BOUND,-0.0072044451417732636,18094.096105513127,BEARISH,0.003126906431405525,18282.389120474938,RANGE_BOUND,0.0017204436510294178,18256.755773717472,RANGE_BOUND,-0.0014754970069623848,18198.50847684931,RANGE_BOUND,17712.623593999673,18762.634221668108,-0.026659765099785713,0.030952722289705508,3
2023-05-26,2023-06-01,2023-06-01,18573.3,18570.0,-0.00017767440357929765,-0.0058403042061385985,18464.826277888125,BEARISH,-0.004444197698211417,18490.75658289181,RANGE_BOUND,0.00576110188559229,18680.30267365167,BULLISH,0.004679588942935832,18660.21540931383,RANGE_BOUND,3.9047231044526346e-05,18574.02523593636,RANGE_BOUND,18078.86542080851,19148.919432839746,-0.026659765099785713,0.030952722289705508,3
2023-06-02,2023-06-08,2023-06-08,18635.95,18709.95,0.003970819840147577,0.002109710028893319,18675.266450612955,RANGE_BOUND,0.0005499140125383524,18646.198170041967,RANGE_BOUND,0.002749935193722251,18687.197654773452,RANGE_BOUND,0.0015696452825762388,18665.201831003826,RANGE_BOUND,0.0017448011294325405,18668.46602660805,RANGE_BOUND,18171.635977196696,19245.299411562886,-0.026659765099785713,0.030952722289705508,3
2023-06-09,2023-06-15,2023-06-15,18631.55,18745.45,0.0061132863342019395,-0.0008445000562102151,18615.815654977716,RANGE_BOUND,-0.008257389044793562,18477.702043142475,BEARISH,9.022262022052727e-05,18633.230987259773,RANGE_BOUND,-0.0004446538867574512,18623.265408876185,RANGE_BOUND,-0.0023640800918851754,18587.503523564035,RANGE_BOUND,18090.790777119124,19164.2007165408,-0.026659765099785713,0.030952722289705508,3
2023-06-16,2023-06-22,2023-06-22,18899.15,18830.05,-0.0036562490905677203,-0.0013575312925409016,18873.493812472578,RANGE_BOUND,-0.004690107520805211,18810.510954448175,RANGE_BOUND,0.002728154538117951,18950.70980183907,RANGE_BOUND,0.0035082139759350355,18965.452262163293,RANGE_BOUND,4.7182425176718374e-05,18900.04170773078,RANGE_BOUND,18396.194808145163,19485.021849192264,-0.026659765099785713,0.030952722289705508,3
2023-06-23,2023-06-28,2023-06-28,18705.9,18966.3,0.013920741584205976,-0.0011439591003760078,18684.50121546428,RANGE_BOUND,-0.01842922157659461,18361.16482411038,BEARISH,-0.0027413579700515367,18654.620431948017,RANGE_BOUND,-0.0009148985508572516,18688.78599919752,RANGE_BOUND,-0.005807359299469852,18597.268117680047,BEARISH,18098.573217699966,19176.26664555905,-0.026659765099785713,0.030952722289705508,3
2023-06-30,2023-07-06,2023-07-06,19261.25,19536.1,0.014269582711402329,-0.0041200821853674754,19181.89206700709,RANGE_BOUND,-0.0008090374127765151,19245.66692813316,RANGE_BOUND,0.0038815545694622566,19336.013592951054,RANGE_BOUND,0.0054438277623054185,19366.104927486707,BULLISH,0.0010990656834059212,19282.419378894505,RANGE_BOUND,18768.918978366255,19878.607501097093,-0.026659765099785713,0.030952722289705508,3
2023-07-07,2023-07-13,2023-07-13,19398.5,19474.8,0.003933293811377192,-0.0028804275392251026,19342.62402638034,RANGE_BOUND,0.0018211499335754762,19433.827576986463,RANGE_BOUND,0.004569682169311676,19487.144979561395,RANGE_BOUND,0.0029778201540863725,19456.265244259044,RANGE_BOUND,0.0016220561794371056,19429.96545679681,RANGE_BOUND,18912.806003508616,20030.40184013366,-0.026659765099785713,0.030952722289705508,3
2023-07-14,2023-07-20,2023-07-20,19598.85,19970.2,0.018947540289353748,-0.004352091308101055,19513.55401526622,RANGE_BOUND,0.007922954594336723,19754.130798651215,BULLISH,0.0034047906730596696,19665.579981682695,RANGE_BOUND,0.005248009324836163,19701.704947556063,BULLISH,0.003055915821032875,19658.74243578905,RANGE_BOUND,19136.241698563113,20265.38019703664,-0.026659765099785713,0.030952722289705508,3
2023-07-21,2023-07-27,2023-07-27,19776.4,19646.9,-0.006548208976355663,-0.004197774532868218,19693.383131728187,RANGE_BOUND,0.004281553390081705,19861.073712463614,RANGE_BOUND,0.0012153325092924203,19800.434901836776,RANGE_BOUND,0.0028903917699152804,19833.561543798554,RANGE_BOUND,0.0010473757841052969,19797.11332245678,RANGE_BOUND,19269.879143937378,20409.24673954691,-0.026659765099785713,0.030952722289705508,3
2023-07-28,2023-08-03,2023-08-03,19751.8,19468.15,-0.014360716491661374,-0.0021074765574158865,19710.173544533234,RANGE_BOUND,-0.003256920240363655,19687.469962796386,RANGE_BOUND,0.0008251566624882288,19768.098329366134,RANGE_BOUND,-0.00013701704596268328,19749.093666711553,RANGE_BOUND,-0.001169064295313499,19728.708875851826,RANGE_BOUND,19202.13052755388,20340.080855973632,-0.026659765099785713,0.030952722289705508,3
2023-08-04,2023-08-10,2023-08-10,19576.25,19596.8,0.0010497413958239221,-0.006776390417568308,19443.59368708808,BEARISH,-0.0022408960508805095,19532.38165868395,RANGE_BOUND,0.004176064769565698,19658.00168794521,RANGE_BOUND,0.0035555946749934,19645.85521025634,RANGE_BOUND,-0.00032140675597242983,19569.958060993395,RANGE_BOUND,19048.059834458712,20175.89629071724,-0.026659765099785713,0.030952722289705508,3
2023-08-11,2023-08-17,2023-08-17,19504.35,19393.9,-0.005662839315332069,-0.00565348593640945,19394.08243157619,BEARISH,-0.006033149354837606,19386.677343380972,BEARISH,-0.0011337644974367923,19482.23666042442,RANGE_BOUND,-0.0001450807491125564,19501.520294291044,RANGE_BOUND,-0.0032413701344491007,19441.129182418157,RANGE_BOUND,18921.14779299415,20044.841911409374,-0.026659765099785713,0.030952722289705508,3
2023-08-18,2023-08-24,2023-08-24,19331.5,19395.6,0.0033158316736932036,-0.007469644730762228,19187.10056288727,BEARISH,0.011576426954057523,19555.289697662363,BULLISH,0.001369101330440485,19357.96678236941,RANGE_BOUND,0.0015888426279899814,19362.214711262986,RANGE_BOUND,0.0017661815454314404,19365.64293854551,RANGE_BOUND,18850.269689519002,19964.00548948895,-0.026659765099785713,0.030952722289705508,3
2023-08-25,2023-08-31,2023-08-31,19250.3,19252.0,8.831031204703521e-05,-0.0007497698881844582,19235.866704721484,RANGE_BOUND,-0.000346203266984122,19243.635483249574,RANGE_BOUND,0.0012506676264117766,19274.37572700871,RANGE_BOUND,0.002529108301208679,19298.986093530755,RANGE_BOUND,0.0006709506931129688,19263.216002127632,RANGE_BOUND,18750.007526027228,19859.06519202115,-0.026659765099785713,0.030952722289705508,3
2023-09-01,2023-09-07,2023-09-07,19512.1,19768.7,0.01315081411021879,0.0022945028398365028,19556.87056886117,RANGE_BOUND,0.0036490134742670063,19583.299915811243,RANGE_BOUND,0.0026710217709467227,19564.21724389689,RANGE_BOUND,4.226036727855145e-05,19512.924588512375,RANGE_BOUND,0.002164199613082196,19554.328079270417,RANGE_BOUND,19034.14007666689,20158.28069185938,-0.026659765099785713,0.030952722289705508,3
2023-09-08,2023-09-14,2023-09-14,19872.45,20172.0,0.015073632088645317,-0.0031173158509040207,19810.501296618702,RANGE_BOUND,-0.0040169614522119965,19792.623134388992,RANGE_BOUND,0.00016333610600622703,19875.695888599806,RANGE_BOUND,0.0023744267225291474,19919.635676322127,RANGE_BOUND,-0.0011491286186451606,19849.613998982408,RANGE_BOUND,19319.81915002517,20464.720425048465,-0.026659765099785713,0.030952722289705508,3
2023-09-15,2023-09-21,2023-09-21,20249.6,19778.7,-0.023254780341339987,-0.003978884844715518,20169.029173448445,RANGE_BOUND,0.012991404642479568,20512.670747448352,BULLISH,0.0036763568532001845,20324.044755734558,RANGE_BOUND,0.005210365761321378,20355.10782252045,BULLISH,0.004474810603071403,20340.213124787955,RANGE_BOUND,19800.363545423334,20966.993370065575,-0.026659765099785713,0.030952722289705508,3
2023-09-22,2023-09-28,2023-09-28,19708.25,19522.95,-0.009402153920312517,-0.006775718699825647,19574.71244193416,BEARISH,0.0017009058869655513,19741.771878446787,RANGE_BOUND,0.003195151912861127,19771.22085268665,RANGE_BOUND,0.0015589408616429941,19738.973996236477,RANGE_BOUND,-8.018000958899362e-05,19706.669792326018,RANGE_BOUND,19181.252476798167,20316.693781392107,-0.026659765099785713,0.030952722289705508,3
2023-09-29,2023-10-05,2023-10-05,19709.0,19568.0,-0.007154092039169946,-0.008306191336049209,19545.293274957807,BEARISH,-0.012999030960522141,19452.802098799068,BEARISH,0.0008216359716403775,19725.19362336506,RANGE_BOUND,-0.001327946808326109,19682.8274963547,RANGE_BOUND,-0.00545288328331427,19601.52912336916,BEARISH,19076.091813017483,20211.576326976963,-0.026659765099785713,0.030952722289705508,3
2023-10-06,2023-10-12,2023-10-12,19678.5,19843.5,0.00838478542571841,-0.0002844549562726847,19672.90235314299,RANGE_BOUND,0.00693224052962358,19814.916095262197,BULLISH,0.00392498775925454,19755.73787162049,RANGE_BOUND,0.0022695422109019567,19723.161186397236,RANGE_BOUND,0.0032105788858768484,19741.67937660573,RANGE_BOUND,19217.055189089595,20350.782522183697,-0.026659765099785713,0.030952722289705508,3
2023-10-13,2023-10-19,2023-10-19,19742.05,19618.75,-0.00624555200701038,-0.002033414608641644,19701.906227125466,RANGE_BOUND,-0.011451864728259351,19515.966713941467,BEARISH,-0.0012735728960753185,19716.907060207035,RANGE_BOUND,-0.0005400649064605942,19731.38801161341,RANGE_BOUND,-0.003824729284859227,19666.542003221843,RANGE_BOUND,19140.22358763362,20277.612194301324,-0.026659765099785713,0.030952722289705508,3
2023-10-20,2023-10-26,2023-10-26,19527.85,18856.7,-0.03436886293165908,-0.0037692075772269166,19454.24547981305,RANGE_BOUND,-0.014221929921850908,19250.126285775583,BEARISH,-0.004185314424407026,19446.11980771734,RANGE_BOUND,-0.0010215977664267697,19507.900392056883,RANGE_BOUND,-0.005799512422477905,19414.597991340714,BEARISH,18893.99009743686,20019.03810930574,-0.026659765099785713,0.030952722289705508,3
2023-10-27,2023-11-02,2023-11-02,19131.35,19238.85,0.005619049361388573,-0.011593035667050045,18909.559577091182,BEARISH,0.0009486239630598869,19149.498457055684,RANGE_BOUND,0.01007635669076462,19324.12430657586,BULLISH,0.007206622193939895,19269.222411510033,BULLISH,0.001659641795178589,19163.10118805819,RANGE_BOUND,18653.063891016405,19755.268551635345,-0.026659765099785713,0.030952722289705508,3
2023-11-03,2023-11-09,2023-11-09,19303.6,19484.6,0.009376489359497642,-0.008258081576961007,19144.189296470973,BEARISH,0.0008301549507380013,19319.624979107062,RANGE_BOUND,0.004363249146087749,19387.826416216416,RANGE_BOUND,0.002049702578180694,19343.166638688166,RANGE_BOUND,-0.0002537437254886408,19298.701832620656,RANGE_BOUND,18784.072391040434,19896.200802612217,-0.026659765099785713,0.030952722289705508,3
2023-11-10,2023-11-16,2023-11-16,19482.65,19829.7,0.01781328515371361,0.0009548897900784866,19501.25378356867,RANGE_BOUND,-0.0003678102609911536,19475.4840814187,RANGE_BOUND,0.0005295881365768147,19492.967780309078,RANGE_BOUND,0.0005623367003097586,19493.60580911429,RANGE_BOUND,0.0004197510914934766,19490.827863602684,RANGE_BOUND,18971.424991081345,20093.868918520217,-0.026659765099785713,0.030952722289705508,3
2023-11-17,2023-11-23,2023-11-23,19806.5,19868.75,0.0031429076313331805,-0.0034696463291714226,19737.778449981266,RANGE_BOUND,0.0023560217961925535,19853.16454570629,RANGE_BOUND,0.0012545753064562113,19831.34874580732,RANGE_BOUND,0.003549797074839319,19876.809055762806,RANGE_BOUND,0.0009226869620791653,19824.77519931442,RANGE_BOUND,19296.738561865513,20437.84029334547,-0.026659765099785713,0.030952722289705508,3
2023-11-24,2023-11-30,2023-11-30,19826.95,20129.4,0.01525448947014052,-0.005709932190875296,19713.739459948123,BEARISH,0.003755910905405706,19901.418257725934,RANGE_BOUND,0.0026683393037606317,19879.855029958697,RANGE_BOUND,0.002938824195400999,19885.217920381005,RANGE_BOUND,0.0009132855534230102,19845.057667003442,RANGE_BOUND,19316.475837358244,20458.75574420532,-0.026659765099785713,0.030952722289705508,3
2023-12-01,2023-12-07,2023-12-07,20375.15,21030.8,0.03217890420438607,-0.00555916243802179,20261.88123145094,BEARISH,0.011442098269268926,20608.284468551097,BULLISH,0.005161224924025579,20480.310732010763,BULLISH,0.00528315442366108,20482.79506385526,BULLISH,0.004081828794733448,20458.317873967015,RANGE_BOUND,19915.121161094117,21088.98423352811,-0.026659765099785713,0.030952722289705508,3
2023-12-08,2023-12-14,2023-12-14,21075.0,21327.65,0.011988137603796023,-0.0011783611281757523,21050.166039223695,RANGE_BOUND,0.007979222722357331,21243.162118873683,BULLISH,0.002052511431744289,21118.256678424008,RANGE_BOUND,0.0033843143393246307,21146.324424701266,RANGE_BOUND,0.0030594218413126247,21139.477315305667,RANGE_BOUND,20577.62276582768,21791.805937561207,-0.026659765099785713,0.030952722289705508,3
2023-12-15,2023-12-21,2023-12-21,21557.1,21350.4,-0.009588488247491367,0.0004627067416276909,21567.07461549994,RANGE_BOUND,0.005031762541960023,21665.570208293284,BULLISH,0.004687654663066904,21658.1522403372,RANGE_BOUND,0.004486942775314113,21653.82547410172,RANGE_BOUND,0.0036672666804921823,21636.155634558036,RANGE_BOUND,21061.448412325448,22303.406564229448,-0.026659765099785713,0.030952722289705508,3
2023-12-22,2023-12-28,2023-12-28,21402.35,21774.7,0.017397622223727982,-0.010875996145220496,21169.578123901338,BEARISH,-0.00800242790662224,21231.079237092705,BEARISH,-0.0050752671224213505,21293.727356702446,BEARISH,0.000476618731128613,21412.550760900172,RANGE_BOUND,-0.005869268110783869,21276.73386964916,BEARISH,20706.15224606576,21939.19486554624,-0.026659765099785713,0.030952722289705508,3
2023-12-29,2024-01-04,2024-01-04,21885.95,21785.95,-0.0045691413897956945,-0.003122385262478121,21817.613632264667,RANGE_BOUND,0.017234991948029195,22263.15417202497,BULLISH,0.005133697124595329,21998.30583858404,BULLISH,0.004923603409708843,21993.70773804472,RANGE_BOUND,0.0060424768049638115,22018.1953452296,BULLISH,21434.721059243944,22695.625077625977,-0.026659765099785713,0.030952722289705508,3
2024-01-05,2024-01-11,2024-01-11,21793.85,21678.45,-0.005295071774835458,-0.0008930584401101067,21774.386818315004,RANGE_BOUND,0.009647719541104032,22004.11095252089,BULLISH,0.0038222023450334296,21877.150504577305,RANGE_BOUND,0.0037423759881516218,21875.41078092938,RANGE_BOUND,0.004079809858544744,21882.764764085645,RANGE_BOUND,21422.758492921468,22229.549616971177,-0.02110715964201723,0.015912051009139214,4
2024-01-12,2024-01-18,2024-01-18,21947.0,21527.45,-0.01911650795097275,0.0020515688535894406,21992.025781629727,RANGE_BOUND,0.00011861122749697966,21949.603160609873,RANGE_BOUND,0.00197580732836132,21990.363043435547,RANGE_BOUND,0.003844230004603025,22031.369315911023,RANGE_BOUND,0.0019975543535126913,21990.840325396544,RANGE_BOUND,21527.60149273319,22340.062108894123,-0.02110715964201723,0.015912051009139214,4
2024-01-19,2024-01-25,2024-01-25,21672.15,21325.45,-0.015997489866026227,0.007219335185472588,21828.60851503984,BULLISH,5.215011566317745e-05,21673.280205129173,RANGE_BOUND,0.002012482514417273,21715.76482292483,RANGE_BOUND,0.0018541571297546757,21712.333571439616,RANGE_BOUND,0.0027845312363269288,21732.496778633362,RANGE_BOUND,21275.059248797617,22077.34513491108,-0.02110715964201723,0.015912051009139214,4
2024-01-29,2024-02-01,2024-02-01,21855.25,21751.45,-0.00474943091476876,0.009284871778100938,22058.173193928338,BULLISH,-0.0008658483502780377,21836.326667842586,RANGE_BOUND,0.0007490420556258333,21871.620501386216,RANGE_BOUND,0.0014043488606258977,21885.942395436196,RANGE_BOUND,0.002643103586018658,21913.01568964833,RANGE_BOUND,21451.713438882136,22260.777542465825,-0.02110715964201723,0.015912051009139214,4
2024-02-02,2024-02-08,2024-02-08,21951.4,21814.6,-0.006231948759532591,0.006257484256057329,22088.76053989842,BULLISH,0.009065287241012784,22150.395746342372,BULLISH,0.005263742745118882,22066.946522495207,BULLISH,0.0034550006161545442,22027.242100525455,RANGE_BOUND,0.006010378714585885,22083.336227315365,BULLISH,21620.004523149586,22432.628023837384,-0.02110715964201723,0.015912051009139214,4
2024-02-09,2024-02-15,2024-02-15,21842.6,22005.05,0.007437301420160747,0.0048234704381336785,21947.957135391975,RANGE_BOUND,-0.0018261960257993754,21802.711130686872,RANGE_BOUND,0.002200685064132424,21890.66868358182,RANGE_BOUND,0.0026288841957986934,21900.02166593515,RANGE_BOUND,0.001956710918066355,21885.33965389895,RANGE_BOUND,21424.304408702228,22232.900219271178,-0.02110715964201723,0.015912051009139214,4
2024-02-16,2024-02-22,2024-02-22,22097.8,22243.25,0.006582103195793332,0.0034811850567402058,22174.726531146833,RANGE_BOUND,0.0016221457588749392,22133.645852550468,RANGE_BOUND,0.003427433988413543,22173.538750789165,RANGE_BOUND,0.0033567877405688428,22171.977624133542,RANGE_BOUND,0.0029718881361493824,22163.472189655,RANGE_BOUND,21697.05039731763,22515.09351044476,-0.02110715964201723,0.015912051009139214,4
2024-02-23,2024-02-29,2024-02-29,22228.85,21957.4,-0.012211607887947284,0.007718916025473047,22400.43262649284,BULLISH,-0.005244928934861068,22112.26126144631,BEARISH,0.002384742258224962,22281.860077946745,RANGE_BOUND,0.002855604782610743,22292.326810371935,RANGE_BOUND,0.001928583532861921,22271.720194064455,RANGE_BOUND,21802.532308456,22625.426789138965,-0.02110715964201723,0.015912051009139214,4
2024-03-01,2024-03-07,2024-03-07,22443.2,22552.35,0.004863388465102814,0.010354621581922734,22675.59084308741,BULLISH,0.004384460869046106,22541.60133217618,RANGE_BOUND,0.003924970476440904,22531.28889739686,RANGE_BOUND,0.00524216589605002,22560.85097763823,BULLISH,0.0059765547058649405,22577.33301257467,BULLISH,22103.62080729695,22934.450355782985,-0.02110715964201723,0.015912051009139214,4
2024-03-11,2024-03-14,2024-03-14,22421.35,22264.55,-0.006993334478075597,-0.005761035829260743,22292.1797993096,BEARISH,-0.0008823736770658335,22401.565990955718,RANGE_BOUND,0.0007971145807235746,22439.222385004505,RANGE_BOUND,0.0013487591416697137,22451.591000781074,RANGE_BOUND,-0.001124383945983322,22396.139794012724,RANGE_BOUND,21922.88878017318,22752.909458906488,-0.02110715964201723,0.015912051009139214,4
2024-03-15,2024-03-21,2024-03-21,22133.2,22102.5,-0.0013870565485334385,-0.009283954527728336,21927.716377646884,BEARISH,-0.007061995644364126,21976.89543800416,BEARISH,-0.0034399376216474836,22057.063172632552,RANGE_BOUND,-0.0031866438137894667,22062.66937514064,RANGE_BOUND,-0.005743132901882353,22006.086090856057,BEARISH,21538.91710506736,22358.270698251537,-0.02110715964201723,0.015912051009139214,4
2024-03-22,2024-03-28,2024-03-28,22165.45,22342.3,0.00797863341371352,0.002326699054616907,22217.022331560158,RANGE_BOUND,-0.006235962008705694,22027.227095894134,BEARISH,-7.447671891692356e-05,22163.799190010683,RANGE_BOUND,-0.0009586786067722984,22144.200457275518,RANGE_BOUND,-0.0012356045699445024,22138.062268685124,RANGE_BOUND,21670.212576997972,22490.760039725646,-0.02110715964201723,0.015912051009139214,4
2024-04-01,2024-04-04,2024-04-04,22602.6,22612.25,0.00042694203321747004,0.011412738404861737,22860.557561069723,BULLISH,0.002939594549530634,22669.042479765223,RANGE_BOUND,0.004511049044630509,22704.561437136163,RANGE_BOUND,0.004629182704338774,22707.231564993086,RANGE_BOUND,0.005873141175840413,22735.348260741048,BULLISH,22258.27157421639,23095.00198488022,-0.02110715964201723,0.015912051009139214,4
2024-04-05,2024-04-10,2024-04-10,22595.5,22812.4,0.009599256489124075,0.002014640752013111,22641.021815112115,RANGE_BOUND,0.009779060014316584,22816.46275055349,BULLISH,0.005988956869543971,22730.82347494578,BULLISH,0.00379590765827967,22681.270431492656,RANGE_BOUND,0.0053946413235383345,22717.394618026014,BULLISH,22240.46779233481,23076.93536660302,-0.02110715964201723,0.015912051009139214,4
2024-04-12,2024-04-18,2024-04-18,22601.45,22055.2,-0.024168803328989963,-0.005112234916593432,22485.906078144362,BEARISH,-0.002479212302285483,22545.416207110513,RANGE_BOUND,0.0008840703093675614,22621.431270893656,RANGE_BOUND,0.001736230301307934,22640.691322343497,RANGE_BOUND,-0.0012427866520508548,22573.361219623006,RANGE_BOUND,22096.308806331934,22932.996644903513,-0.02110715964201723,0.015912051009139214,4
2024-04-19,2024-04-25,2024-04-25,22128.7,22653.95,0.023736143560173062,0.006722997455818327,22277.471193800568,BULLISH,-0.005886248766069632,21998.444966930278,BEARISH,0.0008804697651829791,22148.183651292806,RANGE_BOUND,-0.0012672753390142665,22100.656844205554,RANGE_BOUND,0.00011248577897935184,22131.1891640573,RANGE_BOUND,21664.115160486996,22483.302167223243,-0.02110715964201723,0.015912051009139214,4
2024-04-26,2024-05-02,2024-05-02,22556.0,22773.95,0.009662617485369784,-0.004636493398656851,22451.419254899894,RANGE_BOUND,-0.015214352784782498,22212.825058586448,BEARISH,8.521023833445702e-05,22557.92200213587,RANGE_BOUND,0.0011814293324895206,22582.648320023633,RANGE_BOUND,-0.004646051653153843,22451.20365891146,RANGE_BOUND,21975.11056602612,22810.115881473605,-0.02110715964201723,0.015912051009139214,4
2024-05-03,2024-05-09,2024-05-09,22575.2,22075.8,-0.02212162018498176,0.019640715324746417,23018.593076599216,BULLISH,0.016749451595650396,22953.322219662125,BULLISH,0.007407138167007765,22742.417625547834,BULLISH,0.005531678703384116,22700.078753064638,BULLISH,0.012332245947697173,22853.602918718454,BULLISH,22377.104568367984,23212.820652659975,-0.02110715964201723,0.015912051009139214,4
2024-05-10,2024-05-16,2024-05-16,22140.6,22452.35,0.01408046755733805,0.014744578387292748,22467.053812241695,BULLISH,-0.005186304301738169,22025.772110976934,BEARISH,0.0002790916077568709,22146.7792556507,RANGE_BOUND,-0.0014793717865197932,22107.845821023377,RANGE_BOUND,0.002089498476697914,22186.862749973177,RANGE_BOUND,21719.53757120313,22539.165106546126,-0.02110715964201723,0.015912051009139214,4
2024-05-17,2024-05-23,2024-05-23,22497.7,23002.7,0.022446738999986726,0.01763264608974532,22894.393981933266,BULLISH,-0.007178221674008073,22336.20652224467,BEARISH,9.265070625476756e-05,22499.78442779411,RANGE_BOUND,0.001034515387683782,22520.974216837494,RANGE_BOUND,0.0028953976274189493,22562.83978720238,RANGE_BOUND,22087.97724172417,22920.824337190694,-0.02110715964201723,0.015912051009139214,4
2024-05-24,2024-05-30,2024-05-30,23019.6,22482.5,-0.023332290743540263,0.01407001728468097,23343.48616988644,BULLISH,0.010963220853979662,23271.968958770267,BULLISH,0.0034482383787782594,23098.977068184122,RANGE_BOUND,0.005039198981513361,23135.60034487484,BULLISH,0.008380168874738062,23212.508135428918,BULLISH,22726.629763333538,23578.7971848389,-0.02110715964201723,0.015912051009139214,4
2024-05-31,2024-06-06,2024-06-06,22700.7,22899.5,0.008757439197910166,0.011169910864402789,22954.26479555955,BULLISH,0.005849520450203594,22833.488208883937,BULLISH,0.009403733108065852,22914.171324166273,BULLISH,0.007620961417492923,22873.701158850083,BULLISH,0.00851103146004129,22893.906371864963,BULLISH,22414.75907297942,23255.12106820813,-0.02110715964201723,0.015912051009139214,4
2024-06-07,2024-06-13,2024-06-13,23325.15,23399.25,0.003176828444833024,-0.010070637981164168,23090.25085849365,BEARISH,0.007684818301748381,23504.39953961103,BULLISH,0.005094101616139796,23443.970684311706,BULLISH,0.005406270564119818,23451.25207184868,BULLISH,0.0020286381252109568,23372.468288566266,RANGE_BOUND,22880.140623842268,23743.61926516209,-0.02110715964201723,0.015912051009139214,4
2024-06-14,2024-06-20,2024-06-20,23466.65,23582.5,0.00493679327897234,-0.009820897179036524,23236.186443213563,BEARISH,0.011103271067059908,23727.206575985823,BULLISH,0.0034814429777319544,23548.347803853394,RANGE_BOUND,0.0032833710182093166,23543.699718504464,RANGE_BOUND,0.0020117969709911635,23513.86013538931,RANGE_BOUND,23018.545807575967,23887.26266720293,-0.02110715964201723,0.015912051009139214,4
2024-06-21,2024-06-27,2024-06-27,23487.3,24038.05,0.023448842565982453,-0.0022973189048563413,23433.342181685966,RANGE_BOUND,-0.0019574249139977414,23441.32537381746,RANGE_BOUND,0.0004672856199829158,23498.275277542227,RANGE_BOUND,0.0021451414251246,23537.683580194327,RANGE_BOUND,-0.0004105791934366417,23477.656603309995,RANGE_BOUND,22981.90641265004,23851.38771897695,-0.02110715964201723,0.015912051009139214,4
2024-06-28,2024-07-04,2024-07-04,24132.25,24359.45,0.009414787266003088,0.004660855972101739,24244.726941532754,RANGE_BOUND,0.006106423605687901,24279.61174105836,BULLISH,0.0033404346609279406,24212.86220434618,RANGE_BOUND,0.004110552076191038,24231.44687034066,RANGE_BOUND,0.004554566578727154,24242.16193931949,RANGE_BOUND,23732.79868604842,24626.155532284793,-0.02110715964201723,0.015912051009139214,4
2024-07-05,2024-07-11,2024-07-11,24379.4,24382.65,0.00013330926930121834,0.0021385182294415186,24431.535791322847,RANGE_BOUND,0.0005757792040138307,24393.437151526334,RANGE_BOUND,0.0033979928533496005,24462.241026968954,RANGE_BOUND,0.004076207388774815,24478.775490413896,RANGE_BOUND,0.0025471244188949413,24441.49736505801,RANGE_BOUND,23926.917477281415,24829.423621430222,-0.02110715964201723,0.015912051009139214,4
2024-07-12,2024-07-18,2024-07-18,24521.6,24809.05,0.011722318282656907,0.009577225158318152,24756.448884442212,BULLISH,-0.00045220788150727173,24510.51113921283,RANGE_BOUND,0.003284269306726993,24602.135538231836,RANGE_BOUND,0.004499111125880008,24631.92540338438,RANGE_BOUND,0.00422709942735447,24625.255241317816,RANGE_BOUND,24107.673915440126,25015.444191343526,-0.02110715964201723,0.015912051009139214,4
2024-07-19,2024-07-25,2024-07-25,24529.1,24405.25,-0.005049104940662241,-0.002971035908587748,24456.22316309466,RANGE_BOUND,-0.01692128154636733,24114.036192821,BEARISH,-0.0033216533457129617,24447.62283291767,RANGE_BOUND,-0.0008763190042283818,24507.604683513382,RANGE_BOUND,-0.006022572451224105,24381.371718086677,BEARISH,23863.632088511673,24771.680008494954,-0.02110715964201723,0.015912051009139214,4
2024-07-26,2024-08-01,2024-08-01,24915.45,25032.25,0.0046878543233215275,-0.00805432286430007,24714.772921390675,BEARISH,0.005997329049198342,25064.87615205885,BULLISH,0.004756616484871825,25033.963240198,RANGE_BOUND,0.0067600123699942775,25083.878750203974,BULLISH,0.0023649087599410933,24974.372765962875,RANGE_BOUND,24448.478385260176,25370.828677278536,-0.02110715964201723,0.015912051009139214,4
2024-08-02,2024-08-08,2024-08-08,24711.55,24136.55,-0.023268471625616405,0.008696336692296188,24926.44995898851,BULLISH,0.007641913494619698,24900.39352741797,BULLISH,0.003676905258045012,24802.41202812944,RANGE_BOUND,0.0035733597414205117,24799.853257918097,RANGE_BOUND,0.005897128796595352,24857.277193113507,BULLISH,24335.686562261817,25250.4886372284,-0.02110715964201723,0.015912051009139214,4
2024-08-09,2024-08-14,2024-08-14,24401.5,24174.65,-0.009296559637727131,0.004999121042850182,24523.486052127108,RANGE_BOUND,0.0072806412424188584,24579.158567276885,BULLISH,0.002331411098685712,24458.389927924578,RANGE_BOUND,0.0004629975938031264,24412.797835785186,RANGE_BOUND,0.00376854274443947,24493.45809577844,RANGE_BOUND,23978.411739773754,24881.73600847795,-0.02110715964201723,0.015912051009139214,4
2024-08-16,2024-08-22,2024-08-22,24585.5,24840.45,0.010369933497386796,0.0043967799097208195,24693.597032470443,RANGE_BOUND,-0.0031707221600664006,24507.546210333687,RANGE_BOUND,0.0011894104407762004,24614.7422503917,RANGE_BOUND,0.001316829253600219,24617.87490561439,RANGE_BOUND,0.0009330743610077095,24608.440099702555,RANGE_BOUND,24089.510026323736,24999.645829787747,-0.02110715964201723,0.015912051009139214,4
2024-08-23,2024-08-29,2024-08-29,24854.0,25169.9,0.012710227729942902,0.003215812076917388,24933.925793359707,RANGE_BOUND,0.007223449792920215,25033.53162115324,BULLISH,0.0033502226124128786,24937.266432808912,RANGE_BOUND,0.003501544896028319,24941.027396845886,RANGE_BOUND,0.0043227573445697,24961.437811041935,RANGE_BOUND,24436.840465299236,25356.915926823083,-0.02110715964201723,0.015912051009139214,4
2024-08-30,2024-09-05,2024-09-05,25376.9,25236.75,-0.005522739184061098,0.0041151552789667895,25481.329883998817,RANGE_BOUND,0.015292908905929352,25764.98662001488,BULLISH,0.008552021246460442,25593.923787969303,BULLISH,0.0076851096098501815,25571.92425805821,BULLISH,0.008911298760301691,25603.041137510303,BULLISH,25067.406857990794,26006.839664764128,-0.02110715964201723,0.015912051009139214,4
2024-09-06,2024-09-12,2024-09-12,24906.0,25356.3,0.018079980727535583,0.003640659169789102,24996.674257282768,RANGE_BOUND,0.007915653299407558,25103.147261075046,BULLISH,0.0013900571462057388,24940.6207632834,RANGE_BOUND,0.0008433045906275865,24927.00334413417,RANGE_BOUND,0.003447418551507496,24991.861406443844,RANGE_BOUND,24466.166488399762,25388.166948877468,-0.02110715964201723,0.015912051009139214,4
2024-09-13,2024-09-19,2024-09-19,25372.6,25489.1,0.0045915672812404384,-0.0005761231126401615,25357.98225871222,RANGE_BOUND,-0.00233449170637531,25313.36787573082,RANGE_BOUND,0.001945297883185239,25421.957265070905,RANGE_BOUND,0.004139520867994041,25477.630407175264,RANGE_BOUND,0.0007935509830409521,25392.734451672306,RANGE_BOUND,24857.19093293926,25796.464557106792,-0.02110715964201723,0.015912051009139214,4
2024-09-20,2024-09-26,2024-09-26,25767.75,26226.5,0.017803261829224537,0.0051495511624608855,25900.4423469665,BULLISH,0.0009316031831122747,25791.755317921645,RANGE_BOUND,0.004017657311705887,25871.27598919371,RANGE_BOUND,0.005522731352287442,25910.058360802905,BULLISH,0.003905385752391622,25868.38300372119,RANGE_BOUND,25324.498990855598,26278.40075611194,-0.02110715964201723,0.015912051009139214,4
2024-09-27,2024-10-03,2024-10-03,26345.15,25475.7,-0.03300227935692146,0.003113154438177319,26427.166520646948,RANGE_BOUND,-0.003687446183033393,26248.00367719106,RANGE_BOUND,0.002331085943070539,26406.562808833085,RANGE_BOUND,0.0030015319292411276,26424.22580890565,RANGE_BOUND,0.001189581531863898,26376.489703894185,RANGE_BOUND,25820.418417051293,26795.695074537613,-0.02110715964201723,0.015912051009139214,4
2024-10-04,2024-10-10,2024-10-10,25173.85,25117.9,-0.0022225444260610683,-0.0024958517103828223,25111.01980342058,RANGE_BOUND,0.003489365729527676,25261.690769470268,RANGE_BOUND,0.0020892089285582238,25226.443432186185,RANGE_BOUND,0.0007732174719579778,25193.314860656446,RANGE_BOUND,0.0009639851049152639,25198.11721643337,RANGE_BOUND,24666.768745679172,25598.68480172979,-0.02110715964201723,0.015912051009139214,4
2024-10-11,2024-10-17,2024-10-17,25049.55,24843.8,-0.008213720406154978,0.005542823796484806,25188.395241831233,BULLISH,0.013912660029352906,25398.055873038276,BULLISH,0.005843343354145326,25195.923121516833,BULLISH,0.00327650314502455,25131.62492935645,RANGE_BOUND,0.0071438325812518974,25228.499791435697,BULLISH,24699.774940625004,25627.08950879168,-0.02110715964201723,0.015912051009139214,4
2024-10-18,2024-10-24,2024-10-24,24949.15,24452.0,-0.019926530563165512,0.004468784641081186,25060.64237832803,RANGE_BOUND,0.0011572146827776037,24978.021522702824,RANGE_BOUND,9.705557388206894e-05,24951.571454071123,RANGE_BOUND,0.0009905856305404447,24973.864269484202,RANGE_BOUND,0.001678410132070326,24991.024906146544,RANGE_BOUND,24464.41921416391,25388.017053581214,-0.02110715964201723,0.015912051009139214,4
2024-10-25,2024-10-31,2024-10-31,24192.75,24203.3,0.0004360810573416085,-0.004208347877690043,24090.938491882014,RANGE_BOUND,0.004349249906124911,24297.9703156664,RANGE_BOUND,0.004104476567374372,24292.048575475346,RANGE_BOUND,0.00809075634982297,24388.48764568218,BULLISH,0.0030840337364080525,24267.361257176482,RANGE_BOUND,23756.72102074707,24652.31752922784,-0.02110715964201723,0.015912051009139214,4
2024-11-01,2024-11-07,2024-11-07,24383.65,24300.5,-0.0034100719129417367,0.00841075292306305,24588.734855512448,BULLISH,-0.004766963514959638,24267.414030088457,RANGE_BOUND,0.0017389441510895353,24426.051805549716,RANGE_BOUND,0.0016883088104847335,24424.817131126776,RANGE_BOUND,0.00176776059241942,24426.754455569346,RANGE_BOUND,23912.084862364274,24814.748338158348,-0.02110715964201723,0.015912051009139214,4
2024-11-08,2024-11-14,2024-11-14,24219.85,23601.7,-0.02552245368984518,0.0004183027434045577,24229.981229699846,RANGE_BOUND,0.0005141216838641913,24232.30195006494,RANGE_BOUND,0.0015567523843874203,24257.554309237003,RANGE_BOUND,0.0003431077445134097,24228.160018105955,RANGE_BOUND,0.0007080711390423948,24236.999376776934,RANGE_BOUND,23725.78713632122,24622.386865410637,-0.02110715964201723,0.015912051009139214,4
2024-11-18,2024-11-21,2024-11-21,23513.95,23348.7,-0.007027743105688322,0.0010177488645022042,23537.881295912463,RANGE_BOUND,0.00632449850083819,23662.663941523784,BULLISH,0.0035893481819783118,23598.349753683626,RANGE_BOUND,0.005678550469290566,23647.47515180738,BULLISH,0.004152536504152318,23611.592535731816,RANGE_BOUND,23115.2798392674,23985.747707558166,-0.02110715964201723,0.015912051009139214,4
2024-11-22,2024-11-28,2024-11-28,23886.55,23903.55,0.0007116975871359621,0.010312407739683206,24132.87784309433,BULLISH,0.0013720101849903927,23919.32258988428,RANGE_BOUND,0.0011023815694389478,23912.88209247748,RANGE_BOUND,0.0017879913417625562,23929.25894458458,RANGE_BOUND,0.003643697708968776,23973.58536751017,RANGE_BOUND,23469.408143363144,24353.669369542527,-0.02110715964201723,0.015912051009139214,4
2024-11-29,2024-12-05,2024-12-05,24304.15,24764.35,0.01893503784333106,0.004243393979192663,24407.282083779395,RANGE_BOUND,0.009473719428477346,24534.40069804763,BULLISH,0.005602793197464867,24440.321126290168,BULLISH,0.004739653972598681,24419.34326109814,RANGE_BOUND,0.00601489014443339,24450.336792303835,BULLISH,23937.3452182903,24837.065666837607,-0.02110715964201723,0.015912051009139214,4
2024-12-06,2024-12-12,2024-12-12,24783.25,24648.55,-0.00543512251218059,0.0004921641155127021,24795.44742631578,RANGE_BOUND,0.015473570886704185,25166.735375677912,BULLISH,0.005732462023809838,24925.319039451588,BULLISH,0.0049872404409811895,24906.850026658947,RANGE_BOUND,0.006671359366751979,24948.58796702606,BULLISH,24425.48395282803,25342.940305198306,-0.02110715964201723,0.015912051009139214,4
2024-12-13,2024-12-19,2024-12-19,24830.75,24018.8,-0.03269937476717377,-0.0010640263491319647,24804.329427731293,RANGE_BOUND,0.010162094540105377,25083.08242900172,BULLISH,0.006446106013257238,24990.811646888687,BULLISH,0.005935693045729423,24978.13771009525,BULLISH,0.005369966812490018,24964.090303429235,BULLISH,24439.983699148215,25359.198464024423,-0.02110715964201723,0.015912051009139214,4
2024-12-20,2024-12-26,2024-12-26,23625.65,23748.7,0.0052083223107088905,-0.007304236563674007,23453.08266342944,BEARISH,0.0076227248549132496,23805.741829468483,BULLISH,0.004167775279581761,23724.11640003405,RANGE_BOUND,0.006923064783867418,23789.21190551098,BULLISH,0.002852332088672105,23693.03819961074,RANGE_BOUND,23194.367833414315,24068.97074753481,-0.02110715964201723,0.015912051009139214,4
2024-12-27,2025-01-02,2025-01-02,23992.65,24282.65,0.012087034987798395,0.0021693245407273035,24044.697844442082,RANGE_BOUND,0.00015012285135034844,23996.251845029452,RANGE_BOUND,0.0026874958351730265,24057.130146949767,RANGE_BOUND,0.0021715060333930137,24044.75018423209,RANGE_BOUND,0.001794612315160923,24035.707505163347,RANGE_BOUND,23529.2908113783,24417.479775807773,-0.02110715964201723,0.015912051009139214,4
2025-01-03,2025-01-09,2025-01-09,24092.4,23648.1,-0.018441500224137153,-0.0008917783674161496,24070.914918860864,RANGE_BOUND,-0.006517476089028015,23935.378359072703,BEARISH,-0.0055694533070409745,23958.218503145446,BEARISH,-0.003381394128743973,24010.93410009265,RANGE_BOUND,-0.004090025473057278,23993.861470292915,RANGE_BOUND,23225.62823377047,24513.37265113184,-0.03188695341777687,0.021563280571421754,5
2025-01-10,2025-01-16,2025-01-16,23500.65,23377.55,-0.005238152987257938,-0.00412045511455658,23403.816626512096,RANGE_BOUND,-8.124367874350675e-05,23498.740720741138,RANGE_BOUND,-0.0035344252202122862,23417.58870994862,RANGE_BOUND,-0.003089842356755535,23428.036696218714,RANGE_BOUND,-0.002706491592566977,23437.04568835514,RANGE_BOUND,22687.681556517662,23943.796797915922,-0.03188695341777687,0.021563280571421754,5
2025-01-17,2025-01-23,2025-01-23,23267.2,23263.7,-0.00015042635125839254,0.0024231560700141205,23323.580056912233,RANGE_BOUND,-0.006607118140480146,23113.470860801823,BEARISH,-0.005930570289278691,23129.212234965296,BEARISH,-0.00309960156141123,23195.080950550335,RANGE_BOUND,-0.0033035334802889865,23190.33602580742,RANGE_BOUND,22448.41590324532,23692.053187518806,-0.03188695341777687,0.021563280571421754,5
2025-01-24,2025-01-30,2025-01-30,23113.9,23235.1,0.005243598008124906,0.0016527613098186263,23152.10175963902,RANGE_BOUND,-0.0017518100539301036,23073.408837594467,RANGE_BOUND,-0.005623877600540324,22983.910255528874,BEARISH,-0.00400287279309729,23021.37799854763,RANGE_BOUND,-0.002431449784437273,23057.699712827496,RANGE_BOUND,22320.66786022434,23556.11122362728,-0.03188695341777687,0.021563280571421754,5
2025-01-31,2025-02-06,2025-02-06,23620.2,23688.9,0.002908527446846332,0.007246041107835145,23791.35294017529,BULLISH,0.008749827981771006,23826.87268689503,BULLISH,0.00564919600273618,23753.635139423834,BULLISH,0.008189684078229507,23813.641975864593,BULLISH,0.0074586872926429605,23796.375685589686,BULLISH,23043.199468471114,24305.704685342782,-0.03188695341777687,0.021563280571421754,5
2025-02-07,2025-02-13,2025-02-13,23614.95,23107.75,-0.0214779197076429,0.000381627151690234,23623.96210610581,RANGE_BOUND,0.00634722931635002,23764.83950294414,BULLISH,0.0008639033179129194,23635.35103365735,RANGE_BOUND,0.003188056962816765,23690.235805774068,RANGE_BOUND,0.0026952041871924847,23678.59711212034,RANGE_BOUND,22925.588301507207,24187.812904650433,-0.03188695341777687,0.021563280571421754,5
2025-02-14,2025-02-20,2025-02-20,22995.65,22942.5,-0.0023113067036591994,-0.005886386745296756,22860.288710640518,BEARISH,-0.011357301640204905,22734.481466537425,BEARISH,-0.00641912084794328,22848.038143672995,BEARISH,-0.004625086538309361,22889.29312874533,RANGE_BOUND,-0.007071973942938577,22833.025362399065,BEARISH,22099.764142037566,23328.887015271277,-0.03188695341777687,0.021563280571421754,5
2025-02-21,2025-02-27,2025-02-27,22822.6,22547.75,-0.012042887313452377,-0.00011161665888615634,22820.052617640904,RANGE_BOUND,-0.007703694546040586,22646.781660853532,BEARISH,-0.005327400146205614,22701.014877423208,BEARISH,-0.004220187850636515,22726.284340760063,RANGE_BOUND,-0.004340724800442218,22723.533374169427,RANGE_BOUND,21995.79019109687,23215.663501338757,-0.03188695341777687,0.021563280571421754,5
2025-02-28,2025-03-06,2025-03-06,22280.05,22620.95,0.015300683795592906,-0.00735585428672494,22116.161198699054,BEARISH,-0.006343663403286011,22138.712862191616,BEARISH,-0.003849770815749924,22194.27691373655,RANGE_BOUND,-0.0009538660728153996,22258.79781620437,RANGE_BOUND,-0.004625788644644069,22176.9871977079,RANGE_BOUND,21466.54428121216,22657.418167003205,-0.03188695341777687,0.021563280571421754,5
2025-03-07,2025-03-13,2025-03-13,22649.95,22444.25,-0.009081697752092222,-0.0002510204394725651,22644.26439959697,RANGE_BOUND,0.003742685338941205,22734.721635792754,RANGE_BOUND,0.0016645716779767397,22687.65246527759,RANGE_BOUND,0.001933703815940432,22693.74829474586,RANGE_BOUND,0.0017724850983464528,22690.096698853293,RANGE_BOUND,21967.85879828832,23178.503925631965,-0.03188695341777687,0.021563280571421754,5
2025-03-17,2025-03-20,2025-03-20,22584.3,23200.25,0.027273371324327167,0.005575469972620578,22710.218086502653,BULLISH,0.0011889362800978592,22611.151293630614,RANGE_BOUND,0.0008479980948492359,22603.451443373502,RANGE_BOUND,0.003085270482975799,22653.97867416867,RANGE_BOUND,0.002674418707635868,22644.69987441886,RANGE_BOUND,21924.555352345764,23131.69147182802,-0.03188695341777687,0.021563280571421754,5
2025-03-21,2025-03-27,2025-03-27,23379.85,23593.6,0.009142488082686695,0.0011038582089327466,23405.65803934611,RANGE_BOUND,-0.0014687374720932546,23345.511138213078,RANGE_BOUND,0.0019076103089961502,23424.44964288278,RANGE_BOUND,0.0024755746530498017,23437.728564052104,RANGE_BOUND,0.001004576424721361,23403.33684612352,RANGE_BOUND,22657.824658258905,23907.48311139127,-0.03188695341777687,0.021563280571421754,5
2025-03-28,2025-04-03,2025-04-03,23637.65,23325.95,-0.013186590037503776,-0.005860326210906356,23499.12566014077,BEARISH,0.012761323937092742,23939.29770876162,BULLISH,0.004973893318971711,23755.221149411194,RANGE_BOUND,0.002948677174935557,23707.34979902412,RANGE_BOUND,0.003705892055023414,23725.248579334428,RANGE_BOUND,22971.515934878713,24234.95385833349,-0.03188695341777687,0.021563280571421754,5
2025-04-04,2025-04-09,2025-04-09,22958.15,22479.65,-0.020842271698721326,-0.005935730856188275,22821.876600644002,BEARISH,-0.005371545870099668,22834.829244182372,BEARISH,-0.004685834713733141,22850.571903766908,RANGE_BOUND,-0.00555947260833476,22830.51479393696,BEARISH,-0.005388146012088961,22834.448135632563,BEARISH,22102.382676024226,23329.501165483347,-0.03188695341777687,0.021563280571421754,5
2025-04-11,2025-04-17,2025-04-17,22917.65,23851.3,0.04073934282092617,0.017118948352610453,23309.976066713203,BULLISH,0.004475134123154301,23020.20955753751,RANGE_BOUND,0.0038687557722304772,23006.31279072346,RANGE_BOUND,0.00189382870583298,22961.052103440234,RANGE_BOUND,0.006839166738457052,23074.387629603603,BULLISH,22343.613591608686,23568.567346591244,-0.03188695341777687,0.021563280571421754,5
2025-04-21,2025-04-24,2025-04-24,24135.5,24245.7,0.004565888421619535,0.012288543796079136,24432.090148790267,BULLISH,0.0030575542020550447,24209.2955994437,RANGE_BOUND,0.0032597117357019865,24214.174772597038,RANGE_BOUND,0.003876175171943971,24229.053425862454,RANGE_BOUND,0.005620496226445035,24271.153486673364,BULLISH,23501.54592245861,24791.594044904912,-0.03188695341777687,0.021563280571421754,5
2025-04-25,2025-04-30,2025-04-30,24139.1,24418.4,0.0115704396601366,-0.002419813848868865,24080.687871520768,RANGE_BOUND,0.000613912321890921,24153.919290929356,RANGE_BOUND,-0.000733077848578893,24121.404160505368,RANGE_BOUND,0.000325138505976461,24146.948550909612,RANGE_BOUND,-0.0005534602173950941,24125.739968466278,RANGE_BOUND,23356.017611219217,24646.25815450788,-0.03188695341777687,0.021563280571421754,5
2025-05-02,2025-05-08,2025-05-08,24400.7,24271.9,-0.005278537091149005,0.007206680927499578,24576.54805930764,BULLISH,9.89737603016329e-05,24403.115029032993,RANGE_BOUND,0.001282741112465771,24431.999781062947,RANGE_BOUND,0.003171711881676811,24478.091990111232,RANGE_BOUND,0.002940026920485948,24472.438714878703,RANGE_BOUND,23694.374730617554,24998.59785511779,-0.03188695341777687,0.021563280571421754,5
2025-05-09,2025-05-15,2025-05-15,24065.5,25078.7,0.04210176393592491,-0.0008176634718269735,24045.822519718746,RANGE_BOUND,-0.006990284161334567,23897.275316515403,BEARISH,-0.00574099084236437,23927.34018488308,BEARISH,-0.004704962019948435,23952.27273650893,RANGE_BOUND,-0.004563475123868586,23955.67768940654,RANGE_BOUND,23188.30221193103,24474.608817998087,-0.03188695341777687,0.021563280571421754,5
2025-05-16,2025-05-22,2025-05-22,25078.7,24652.2,-0.0170064636524222,0.0004108876395003366,25089.00452784474,RANGE_BOUND,-0.0016817887125533156,25036.52292541449,RANGE_BOUND,2.8621651292260526e-05,25079.417793806268,RANGE_BOUND,0.0016698472454598123,25120.577598114713,RANGE_BOUND,0.00010689195592477344,25081.380711295053,RANGE_BOUND,24281.69737261665,25622.159755761564,-0.03188695341777687,0.021563280571421754,5
2025-05-23,2025-05-29,2025-05-29,24879.9,24814.2,-0.0026406858548466694,0.0033134074891026572,24962.337246988125,RANGE_BOUND,0.002124529665386645,24932.758085621856,RANGE_BOUND,0.0026642918959547315,24946.187315942167,RANGE_BOUND,0.0017370398726327,24923.117378327115,RANGE_BOUND,0.0024598172307691833,24941.10000671982,RANGE_BOUND,24147.75579438087,25477.592271008732,-0.03188695341777687,0.021563280571421754,5
2025-05-30,2025-06-05,2025-06-05,24871.2,24861.4,-0.00039403004278038,-0.0009130714233364049,24848.490818015915,RANGE_BOUND,0.003309761742121231,24953.517746240646,RANGE_BOUND,0.0018415816504736711,24917.002345545265,RANGE_BOUND,0.0001129678006082151,24874.00964476249,RANGE_BOUND,0.001087809942466678,24898.255138641078,RANGE_BOUND,24105.188342796864,25434.55980238902,-0.03188695341777687,0.021563280571421754,5
2025-06-06,2025-06-12,2025-06-12,25096.3,24937.4,-0.006331610635830653,0.00803023845280478,25297.829273283125,BULLISH,0.0033700589841141903,25180.876011283024,RANGE_BOUND,0.0022763796567826207,25153.428706780513,RANGE_BOUND,0.000812604133386349,25116.6933571127,RANGE_BOUND,0.0036223203067719846,25187.20683711484,RANGE_BOUND,24386.962288056286,25728.36539531941,-0.03188695341777687,0.021563280571421754,5
2025-06-13,2025-06-19,2025-06-19,24727.4,24803.1,0.0030613813017137392,-0.0054064199608672625,24593.713291059652,BEARISH,-0.001003430535299386,24702.58777178144,RANGE_BOUND,-0.005746650785477594,24585.30026736718,BEARISH,-0.005043341179492734,24602.69128531821,BEARISH,-0.004299960615284244,24621.07315388162,RANGE_BOUND,23832.591701938883,25154.277017883393,-0.03188695341777687,0.021563280571421754,5
2025-06-20,2025-06-26,2025-06-26,25111.7,25551.0,0.017493837533898438,0.005539022797712473,25250.79427878932,BULLISH,0.0038869410542435633,25209.307697671848,RANGE_BOUND,0.0039458608188168934,25210.787273123886,RANGE_BOUND,0.005042409601779484,25238.323477197006,BULLISH,0.004603558568138103,25227.303181695515,RANGE_BOUND,24426.567573554326,25768.793814420882,-0.03188695341777687,0.021563280571421754,5
2025-06-27,2025-07-03,2025-07-03,25750.2,25508.6,-0.009382451398435854,0.0008335327185953173,25771.663634210374,RANGE_BOUND,-0.0029231901506645702,25674.92726898236,RANGE_BOUND,0.0011558312966583,25779.962887055208,RANGE_BOUND,0.001717940403950061,25794.437308989793,RANGE_BOUND,0.00019602856713477708,25755.247774809435,RANGE_BOUND,24934.152346910996,26310.506562179657,-0.03188695341777687,0.021563280571421754,5
2025-07-04,2025-07-10,2025-07-10,25540.1,25421.9,-0.004628016335096463,0.0008123744382832416,25560.8481243912,RANGE_BOUND,0.007478377164690139,25731.098500623903,BULLISH,0.0032157266298307704,25622.22997969854,RANGE_BOUND,0.0026175402187656265,25606.952238941292,RANGE_BOUND,0.0035310046128924446,25630.282210913734,RANGE_BOUND,24815.88623192837,26181.0105530359,-0.03188695341777687,0.021563280571421754,5
2025-07-11,2025-07-17,2025-07-17,25223.4,25174.6,-0.001934711418762114,-0.0016163273558607698,25182.63072857218,RANGE_BOUND,-0.009352403036965095,24987.500597237417,BEARISH,-0.007331492663035526,25038.47482796319,BEARISH,-0.004031875508258975,25121.70239130498,RANGE_BOUND,-0.005583024641030091,25082.577136269443,BEARISH,24278.27975543149,25626.476387434643,-0.03188695341777687,0.021563280571421754,5
2025-07-18,2025-07-24,2025-07-24,25032.3,25095.4,0.002520743199786013,-0.0010793891641932964,25005.280406625163,RANGE_BOUND,-0.010937703290549805,24758.50412991997,BEARISH,-0.005227860654540473,24901.434623737347,BEARISH,-0.00352055953087986,24944.172297655157,RANGE_BOUND,-0.005191378160040859,24902.347864484407,BEARISH,24104.144080444592,25442.126372732408,-0.03188695341777687,0.021563280571421754,5
2025-07-25,2025-07-31,2025-07-31,24850.4,24771.9,-0.0031589028748028047,-0.00040772815119707965,24840.267792351493,RANGE_BOUND,-0.005803567384342933,24706.179029072126,BEARISH,-0.005487750990154246,24714.027192794274,BEARISH,-0.004903568553031422,24728.544360029748,RANGE_BOUND,-0.004150653769681421,24747.254593561913,RANGE_BOUND,23954.851046348787,25283.110741073968,-0.03188695341777687,0.021563280571421754,5
2025-08-01,2025-08-07,2025-08-07,24627.2,24673.4,0.0018759745322245447,0.001365207373528406,24660.821235029358,RANGE_BOUND,-0.00719154104553782,24450.09248036333,BEARISH,-0.0051925053708661096,24499.323131730605,BEARISH,-0.005436951452721233,24493.303109183544,BEARISH,-0.004113947623899189,24525.884989076712,RANGE_BOUND,23740.598609866436,25056.928212365226,-0.03188695341777687,0.021563280571421754,5
2025-08-08,2025-08-14,2025-08-14,24441.1,24684.7,0.00996681818739753,-0.005008131534233003,24318.69575635866,BEARISH,-0.0006987208293587902,24424.022494337558,RANGE_BOUND,-0.003813947984489553,24347.882915916292,RANGE_BOUND,-0.0026691188366565273,24375.863799601393,RANGE_BOUND,-0.0030474797961844683,24366.616241553475,RANGE_BOUND,23587.264024374246,24893.64653832765,-0.03188695341777687,0.021563280571421754,5
2025-08-18,2025-08-21,2025-08-21,24966.8,25122.5,0.0062362817822068095,0.003297331328907118,25049.123811822556,RANGE_BOUND,0.006875966294332597,25138.47087527734,BULLISH,0.0033947333570489213,25051.55562877877,RANGE_BOUND,0.005665791503848194,25108.25668331828,BULLISH,0.004808455621034208,25086.851749799236,RANGE_BOUND,24290.736561208283,25625.217863169804,-0.03188695341777687,0.021563280571421754,5
2025-08-22,2025-08-28,2025-08-28,24898.2,24496.3,-0.016141729120980663,-0.01077002435390216,24630.045779631673,BEARISH,-0.012337603278913837,24591.015886040946,BEARISH,-0.007791899545929317,24704.195726725546,BEARISH,-0.005079723649834649,24771.724024621686,BEARISH,-0.008994812707144991,24674.245354254963,BEARISH,23880.31761066847,25211.13222657834,-0.03188695341777687,0.021563280571421754,5
2025-08-29,2025-09-02,2025-09-02,24568.5,24691.8,0.005018621405458168,0.0005198843824686533,24581.272779450683,RANGE_BOUND,0.005159267344778045,24695.255459760177,BULLISH,0.0030846496012669074,24644.285213728726,RANGE_BOUND,-0.0006631215890593227,24552.208097239196,RANGE_BOUND,0.0020251699348635705,24618.255387544697,RANGE_BOUND,23834.840772500047,25148.03284626367,-0.03188695341777687,0.021563280571421754,5
2025-09-03,2025-09-09,2025-09-09,24813.1,24950.3,0.005529337325848038,0.001699756136295205,24855.276218985506,RANGE_BOUND,0.005729198036278446,24955.259163793977,BULLISH,0.004228167057192257,24918.013932006816,RANGE_BOUND,0.002862196960442398,24884.11997939915,RANGE_BOUND,0.0036298295475520764,24903.167323546364,RANGE_BOUND,24111.953159695724,25438.219160693105,-0.03188695341777687,0.021563280571421754,5
2025-09-10,2025-09-16,2025-09-16,25072.3,25331.4,0.010334113743055262,0.0005178180067641105,25085.282888410995,RANGE_BOUND,0.0001387997546834029,25075.780029089346,RANGE_BOUND,0.0020228929795575255,25123.01857965136,RANGE_BOUND,0.0034944807821398883,25159.91467051405,RANGE_BOUND,0.0015434978807862317,25110.999041916435,RANGE_BOUND,24311.51977973991,25651.64008138729,-0.03188695341777687,0.021563280571421754,5
2025-09-17,2025-09-23,2025-09-23,25423.4,25255.8,-0.00659235192775165,0.004900023577791179,25547.975259427618,RANGE_BOUND,0.00931903343045124,25660.321514515734,BULLISH,0.0056744095196278425,25567.66278298131,BULLISH,0.0028490308027133283,25495.832049709705,RANGE_BOUND,0.005685624332645897,25567.947901658594,BULLISH,24757.273130137084,26116.159808938075,-0.03188695341777687,0.021563280571421754,5
2025-09-24,2025-09-25,2025-09-25,25111.9,24967.7,-0.0057422974764952395,0.00023888257729597805,25117.898795392797,RANGE_BOUND,0.001417354150740767,25147.49245569799,RANGE_BOUND,-0.002326456502831279,25053.478256946553,RANGE_BOUND,-0.0011613424283078337,25082.73648507458,RANGE_BOUND,-0.0004578905507755919,25100.40149827798,RANGE_BOUND,24299.659512746108,25641.896443659465,-0.03188695341777687,0.021563280571421754,5
2025-09-26,2025-09-30,2025-09-30,24689.9,24612.0,-0.0031551363107992225,0.003966231814177911,24787.825866868876,RANGE_BOUND,-0.00520479439186214,24561.394146944363,BEARISH,-0.006289179543538497,24534.62078598799,BEARISH,-0.004502532648828201,24578.7329191537,RANGE_BOUND,-0.003007568692512732,24615.64342973873,RANGE_BOUND,23828.357738549163,25148.038670719077,-0.03188695341777687,0.021563280571421754,5
2025-10-01,2025-10-07,2025-10-07,24967.2,25225.3,0.01033756288250176,0.007246449526834812,25148.12355462639,BULLISH,0.004696216664561438,25084.45138070744,RANGE_BOUND,0.003974674429573455,25066.436491418048,RANGE_BOUND,0.0018995604667626845,25014.626706085757,RANGE_BOUND,0.004454225271933098,25078.409533209408,RANGE_BOUND,24282.281589837086,25616.784271892207,-0.03188695341777687,0.021563280571421754,5
2025-10-08,2025-10-14,2025-10-14,25120.4,25206.0,0.0034075890511298113,-0.0001882285450689524,25115.67162365645,RANGE_BOUND,0.006105007746952221,25273.76023660654,BULLISH,0.0014991491340847405,25158.059225907866,RANGE_BOUND,0.0013931525392262747,25155.39654904638,RANGE_BOUND,0.0022022702187985714,25175.721908804306,RANGE_BOUND,24374.708884168384,25717.400142070648,-0.03188695341777687,0.021563280571421754,5
2025-10-15,2025-10-20,2025-10-20,25424.8,25915.1,0.019284320820616152,0.007625237555534902,25618.67013980196,BULLISH,0.009149918214209097,25657.434840612626,BULLISH,0.005534043384045481,25565.501946230677,BULLISH,0.004175067120687878,25530.950246530065,RANGE_BOUND,0.006621066568619339,25593.13929329383,BULLISH,24782.419880037534,26141.381389166112,-0.03188695341777687,0.021563280571421754,5
2025-10-21,2025-10-28,2025-10-28,25906.3,25922.4,0.0006214704531330995,0.0030081117253055695,25984.229044789285,RANGE_BOUND,-0.0015586436249344902,25865.92131065936,RANGE_BOUND,0.0011563323413579616,25936.25629253492,RANGE_BOUND,0.00035193070644073217,25915.417222460266,RANGE_BOUND,0.0007394327870424432,25925.455967610957,RANGE_BOUND,25099.382986284003,26484.080783078378,-0.03188695341777687,0.021563280571421754,5
2025-10-29,2025-11-04,2025-11-04,26238.7,25708.3,-0.0202144161105543,0.00806104685833947,26450.211390201915,BULLISH,0.005109911907213426,26372.777445559797,BULLISH,0.003171997789195477,26321.929098391367,RANGE_BOUND,0.004161188920192944,26347.884187720265,RANGE_BOUND,0.005126036368735329,26373.200530468337,BULLISH,25536.52832582531,26938.992980397696,-0.03188695341777687,0.021563280571421754,5
2025-11-06,2025-11-11,2025-11-11,25627.2,25811.4,0.007187675594680698,8.179009606513983e-05,25629.296051149882,RANGE_BOUND,-0.005252974430552345,25492.58097367335,BEARISH,-0.001669354205351006,25584.41912590863,RANGE_BOUND,-0.001190456233466458,25596.69194001371,RANGE_BOUND,-0.002007748693326167,25575.74702268639,RANGE_BOUND,24758.57369005834,26128.353526546332,-0.03188695341777687,0.021563280571421754,5
2025-11-12,2025-11-18,2025-11-18,25986.1,25948.8,-0.001435382762322912,4.169367342894795e-05,25987.18345596709,RANGE_BOUND,-0.004138951434641024,25878.544794124275,RANGE_BOUND,0.0008046068892774302,26007.00859508545,RANGE_BOUND,0.0024906126235276277,26050.82130869625,RANGE_BOUND,-0.00020050956210175455,25980.889538468266,RANGE_BOUND,25152.271978258574,26541.235103725292,-0.03188695341777687,0.021563280571421754,5
2025-11-19,2025-11-25,2025-11-25,26071.0,25886.8,-0.007065321621725351,0.0006935102382576467,26089.080505421618,RANGE_BOUND,-0.0022233091341570138,26013.036107563392,RANGE_BOUND,-0.0011121139422534247,26042.00607741151,RANGE_BOUND,0.0010665131890784181,26098.805065352462,RANGE_BOUND,-0.0003938499122685934,26060.731938937246,RANGE_BOUND,25229.407176382385,26622.908226714782,-0.03188695341777687,0.021563280571421754,5
2025-11-26,2025-12-02,2025-12-02,26381.2,26213.0,-0.006375752429760628,0.014975148861818248,26776.262397153398,BULLISH,0.00681782162144375,26561.062315759635,BULLISH,0.006444175308036699,26551.205077636376,BULLISH,0.006402280359698167,26550.09983862527,BULLISH,0.008659856537749217,26609.657407293667,BULLISH,25768.44131178861,27178.522624704456,-0.03188695341777687,0.021563280571421754,5
2025-12-03,2025-12-09,2025-12-09,26136.2,25960.2,-0.006733955203893416,-0.003049782252588763,26056.49028108989,RANGE_BOUND,0.003405868380772619,26225.216457173552,RANGE_BOUND,0.0010076971484726147,26162.53737421191,RANGE_BOUND,0.0007539604796294542,26155.90566188769,RANGE_BOUND,0.0005294359390714813,26150.03744359076,RANGE_BOUND,25316.63365167306,26713.61965726155,-0.03188695341777687,0.021563280571421754,5
2025-12-10,2025-12-16,2025-12-16,25863.9,25940.7,0.002969389767204511,0.002861379169828629,25937.906424710534,RANGE_BOUND,-0.009182002741608,25626.417599291326,BEARISH,-0.002425154360328869,25801.176050139893,RANGE_BOUND,-0.0024729430312519394,25799.940048734006,RANGE_BOUND,-0.0028046802408400453,25791.36003071894,RANGE_BOUND,24966.6390562169,26349.070563090136,-0.03188695341777687,0.021563280571421754,5
2025-12-17,2025-12-23,2025-12-23,25897.8,26206.9,0.011935376750148663,0.00418595510701051,26006.207028170335,RANGE_BOUND,-0.008804912957685132,25669.77212520446,BEARISH,-0.0005692394336988762,25883.057950993953,RANGE_BOUND,-0.0021134362298985783,25843.066651205332,RANGE_BOUND,-0.0018254083785680193,25850.52593889352,RANGE_BOUND,25024.72399667062,26408.967466476082,-0.03188695341777687,0.021563280571421754,5
2025-12-26,2025-12-30,2025-12-30,26060.2,25936.8,-0.004735190059938166,-0.0039829484901029175,25956.40356575822,RANGE_BOUND,-0.000555238482563217,26045.730374096707,RANGE_BOUND,-0.0006522186894728654,26043.2030505086,RANGE_BOUND,-0.0007233715639884605,26041.348792368146,RANGE_BOUND,-0.0014784443065318652,26021.671445682918,RANGE_BOUND,25190.691062224967,26583.61485003028,-0.03188695341777687,0.021563280571421754,5
2025-12-31,2026-01-06,2026-01-06,26296.3,26285.1,-0.00042591543296965906,0.004413043391588387,26412.346712938222,RANGE_BOUND,0.00639361402186167,26464.42839240308,BULLISH,0.004079646633791025,26403.57961177616,RANGE_BOUND,0.004384267723149645,26411.590019328258,RANGE_BOUND,0.004817642942597682,26422.98618411143,RANGE_BOUND,25584.477290951545,26990.020679001707,-0.03188695341777687,0.021563280571421754,5
2026-01-07,2026-01-13,2026-01-13,26235.3,25790.8,-0.01694282131326874,0.002408388805506854,26298.484802829113,RANGE_BOUND,-0.002372920564617356,26173.045717111094,RANGE_BOUND,-3.505231384679645e-05,26234.380392030533,RANGE_BOUND,0.0010650817889742514,26263.24274025828,RANGE_BOUND,0.0002663744290042382,26242.288413057257,RANGE_BOUND,25932.369851295356,26638.067232876834,-0.011813036701005872,0.015085736386455632,6
2026-01-14,2026-01-20,2026-01-20,25719.0,25259.2,-0.01787783350830119,-0.0008045878436605486,25698.306805248892,RANGE_BOUND,-0.003594411367887209,25626.555334029308,RANGE_BOUND,-0.0018420005495900604,25671.62558786509,RANGE_BOUND,-0.003102245717087072,25639.21334240224,RANGE_BOUND,-0.0023358113695562226,25658.925267386385,RANGE_BOUND,25355.105776473214,26046.915321509638,-0.011813036701005872,0.015085736386455632,6
2026-01-21,2026-01-27,2026-01-27,25178.2,25164.2,-0.0005560365713196402,0.0036808900827591147,25270.878186681726,RANGE_BOUND,0.0007928688660521125,25198.163010883236,RANGE_BOUND,-0.0013339238508335797,25144.614198498944,RANGE_BOUND,-0.001390541126170147,25143.188677417063,RANGE_BOUND,0.0004373234929518751,25189.21101837024,RANGE_BOUND,24891.780017704972,25569.042706255696,-0.011813036701005872,0.015085736386455632,6
2026-01-28,2026-02-03,2026-02-03,25450.4,25817.1,0.014408417942350482,0.003722013099742059,25545.126722193676,RANGE_BOUND,0.004907116282684191,25575.288072240826,RANGE_BOUND,0.004663808922993049,25569.095802613745,RANGE_BOUND,0.005388658182651758,25587.543506211758,BULLISH,0.004670399122017764,25569.263525815004,RANGE_BOUND,25268.617016559725,25953.201551144855,-0.011813036701005872,0.015085736386455632,6
2026-02-04,2026-02-10,2026-02-10,25848.8,25985.6,0.00529231531057528,-0.00429206307440898,25737.855320002218,RANGE_BOUND,0.0014970106024657,25887.495927661013,RANGE_BOUND,0.0011582450312154747,25878.739244162884,RANGE_BOUND,0.0022318589015176173,25906.490874373547,RANGE_BOUND,0.00014876286519745284,25852.645341549916,RANGE_BOUND,25547.292518472957,26242.593524256128,-0.011813036701005872,0.015085736386455632,6
2026-02-11,2026-02-17,2026-02-17,25994.2,25739.4,-0.009802186641635457,-0.00543122346153123,25853.019691096266,BEARISH,-0.0006907615427957626,25976.244206304258,RANGE_BOUND,-0.000658645166424693,25977.079045814924,RANGE_BOUND,0.0014541345654047486,26031.999064720043,RANGE_BOUND,-0.001331623901336734,25959.58550198387,RANGE_BOUND,25652.515063370585,26351.727150760675,-0.011813036701005872,0.015085736386455632,6
2026-02-18,2026-02-24,2026-02-24,25827.8,25421.7,-0.01572336784395101,0.00315011554846978,25909.16055436277,RANGE_BOUND,0.0030561894526340908,25906.734649944745,RANGE_BOUND,0.00016109655556235608,25831.96076961775,RANGE_BOUND,0.0019258142680020464,25877.539545751104,RANGE_BOUND,0.0020733039561670686,25881.348879919093,RANGE_BOUND,25576.244130612853,26270.98026216119,-0.011813036701005872,0.015085736386455632,6
2026-02-25,2026-03-02,2026-03-02,25628.8,24982.2,-0.025229429391934066,0.0033047758770640328,25713.4974399981,RANGE_BOUND,0.004733598138702342,25750.116439977177,RANGE_BOUND,0.0013545553644190318,25663.51562852362,RANGE_BOUND,0.0014272951631641724,25665.379862277703,RANGE_BOUND,0.0027050561358373947,25698.12734269415,RANGE_BOUND,25395.373387691412,26084.756663395343,-0.011813036701005872,0.015085736386455632,6
2026-03-04,2026-03-10,2026-03-10,24584.7,24393.6,-0.007773127188861473,-0.0023739609446341127,24526.336882364452,RANGE_BOUND,-0.0039026389941250648,24488.754791121137,RANGE_BOUND,-0.0008014844429945133,24564.99574541431,RANGE_BOUND,0.0005484672899878538,24598.183903784164,RANGE_BOUND,-0.0016324042729414592,24544.567830671018,RANGE_BOUND,24254.1478672878,24915.446134011112,-0.011813036701005872,0.015085736386455632,6
2026-03-11,2026-03-17,2026-03-17,23939.1,23617.4,-0.01343826626731992,-0.003079337531290338,23865.383430904687,RANGE_BOUND,0.0013247386682671896,23970.81305145351,RANGE_BOUND,-0.0015402538601515974,23902.227708816445,RANGE_BOUND,0.0018669149647416094,23983.792264032447,RANGE_BOUND,-0.0003569844396082841,23930.554113801772,RANGE_BOUND,23647.76064691272,24291.69306573077,-0.011813036701005872,0.015085736386455632,6
2026-03-18,2026-03-24,2026-03-24,23776.4,22928.4,-0.03566561800777246,0.012192012130916122,24066.282157229514,BULLISH,-0.0032558938435543624,23698.986565618114,RANGE_BOUND,0.0016489943643753166,23815.607149605137,RANGE_BOUND,0.003963583221197931,23870.63974010049,RANGE_BOUND,0.003637173968233752,23862.878903138313,RANGE_BOUND,23582.007417320518,24221.563405757235,-0.011813036701005872,0.015085736386455632,6
2026-03-27,2026-03-30,2026-03-30,22816.6,22318.4,-0.021834979795411935,0.016717292629699336,23198.031779014793,BULLISH,0.005245397083598634,22936.282127097635,BULLISH,0.001495741599033552,22850.727737768506,RANGE_BOUND,0.0013381323269461682,22847.131630050997,RANGE_BOUND,0.006199140909819423,22958.043318482985,BULLISH,22688.509985290813,23302.248531318186,-0.011813036701005872,0.015085736386455632,6
